unique_id,ds,y
AAPL_Open,2014-01-02,79.382858
AAPL_Open,2014-01-03,78.980003
AAPL_Open,2014-01-06,76.778572
AAPL_Open,2014-01-07,77.760002
AAPL_Open,2014-01-08,76.972855
AAPL_Open,2014-01-09,78.114288
AAPL_Open,2014-01-10,77.118568
AAPL_Open,2014-01-13,75.701431
AAPL_Open,2014-01-14,76.888573
AAPL_Open,2014-01-15,79.074287
AAPL_Open,2014-01-16,79.271431
AAPL_Open,2014-01-17,78.78286
AAPL_Open,2014-01-21,77.284286
AAPL_Open,2014-01-22,78.701431
AAPL_Open,2014-01-23,78.562859
AAPL_Open,2014-01-24,79.14286
AAPL_Open,2014-01-27,78.581429
AAPL_Open,2014-01-28,72.68
AAPL_Open,2014-01-29,71.992859
AAPL_Open,2014-01-30,71.791428
AAPL_Open,2014-01-31,70.739998
AAPL_Open,2014-02-03,71.80143
AAPL_Open,2014-02-04,72.264282
AAPL_Open,2014-02-05,72.365715
AAPL_Open,2014-02-06,72.865715
AAPL_Open,2014-02-07,74.482857
AAPL_Open,2014-02-10,74.094284
AAPL_Open,2014-02-11,75.80143
AAPL_Open,2014-02-12,76.707146
AAPL_Open,2014-02-13,76.379997
AAPL_Open,2014-02-14,77.495712
AAPL_Open,2014-02-18,78
AAPL_Open,2014-02-19,77.821426
AAPL_Open,2014-02-20,76.141426
AAPL_Open,2014-02-21,76.112854
AAPL_Open,2014-02-24,74.735718
AAPL_Open,2014-02-25,75.625717
AAPL_Open,2014-02-26,74.80143
AAPL_Open,2014-02-27,73.877144
AAPL_Open,2014-02-28,75.582855
AAPL_Open,2014-03-03,74.774284
AAPL_Open,2014-03-04,75.85714
AAPL_Open,2014-03-05,75.845711
AAPL_Open,2014-03-06,76.112854
AAPL_Open,2014-03-07,75.870003
AAPL_Open,2014-03-10,75.480003
AAPL_Open,2014-03-11,76.492859
AAPL_Open,2014-03-12,76.358574
AAPL_Open,2014-03-13,76.777145
AAPL_Open,2014-03-14,75.541428
AAPL_Open,2014-03-17,75.385712
AAPL_Open,2014-03-18,75.128571
AAPL_Open,2014-03-19,76.03714
AAPL_Open,2014-03-20,75.69857
AAPL_Open,2014-03-21,75.989998
AAPL_Open,2014-03-24,76.917145
AAPL_Open,2014-03-25,77.35714
AAPL_Open,2014-03-26,78.074287
AAPL_Open,2014-03-27,77.145714
AAPL_Open,2014-03-28,76.902855
AAPL_Open,2014-03-31,77.03286
AAPL_Open,2014-04-01,76.822861
AAPL_Open,2014-04-02,77.482857
AAPL_Open,2014-04-03,77.341431
AAPL_Open,2014-04-04,77.115715
AAPL_Open,2014-04-07,75.431427
AAPL_Open,2014-04-08,75.027145
AAPL_Open,2014-04-09,74.662857
AAPL_Open,2014-04-10,75.811432
AAPL_Open,2014-04-11,74.14286
AAPL_Open,2014-04-14,74.557144
AAPL_Open,2014-04-15,74.324287
AAPL_Open,2014-04-16,74.007141
AAPL_Open,2014-04-17,74.285713
AAPL_Open,2014-04-21,75.048569
AAPL_Open,2014-04-22,75.472855
AAPL_Open,2014-04-23,75.580002
AAPL_Open,2014-04-24,81.172859
AAPL_Open,2014-04-25,80.647141
AAPL_Open,2014-04-28,81.828575
AAPL_Open,2014-04-29,84.82
AAPL_Open,2014-04-30,84.662857
AAPL_Open,2014-05-01,84.571426
AAPL_Open,2014-05-02,84.620003
AAPL_Open,2014-05-05,84.305717
AAPL_Open,2014-05-06,85.971428
AAPL_Open,2014-05-07,85.035713
AAPL_Open,2014-05-08,84.035713
AAPL_Open,2014-05-09,83.505714
AAPL_Open,2014-05-12,83.927139
AAPL_Open,2014-05-13,84.571426
AAPL_Open,2014-05-14,84.632858
AAPL_Open,2014-05-15,84.957146
AAPL_Open,2014-05-16,84.089996
AAPL_Open,2014-05-19,85.407143
AAPL_Open,2014-05-20,86.358574
AAPL_Open,2014-05-21,86.261429
AAPL_Open,2014-05-22,86.657143
AAPL_Open,2014-05-23,86.75
AAPL_Open,2014-05-27,87.982857
AAPL_Open,2014-05-28,89.431427
AAPL_Open,2014-05-29,89.692856
AAPL_Open,2014-05-30,91.139999
AAPL_Open,2014-06-02,90.565712
AAPL_Open,2014-06-03,89.779999
AAPL_Open,2014-06-04,91.062859
AAPL_Open,2014-06-05,92.314285
AAPL_Open,2014-06-06,92.842857
AAPL_Open,2014-06-09,92.699997
AAPL_Open,2014-06-10,94.730003
AAPL_Open,2014-06-11,94.129997
AAPL_Open,2014-06-12,94.040001
AAPL_Open,2014-06-13,92.199997
AAPL_Open,2014-06-16,91.510002
AAPL_Open,2014-06-17,92.309998
AAPL_Open,2014-06-18,92.269997
AAPL_Open,2014-06-19,92.290001
AAPL_Open,2014-06-20,91.849998
AAPL_Open,2014-06-23,91.32
AAPL_Open,2014-06-24,90.75
AAPL_Open,2014-06-25,90.209999
AAPL_Open,2014-06-26,90.370003
AAPL_Open,2014-06-27,90.82
AAPL_Open,2014-06-30,92.099998
AAPL_Open,2014-07-01,93.519997
AAPL_Open,2014-07-02,93.870003
AAPL_Open,2014-07-03,93.669998
AAPL_Open,2014-07-07,94.139999
AAPL_Open,2014-07-08,96.269997
AAPL_Open,2014-07-09,95.440002
AAPL_Open,2014-07-10,93.760002
AAPL_Open,2014-07-11,95.360001
AAPL_Open,2014-07-14,95.860001
AAPL_Open,2014-07-15,96.800003
AAPL_Open,2014-07-16,96.970001
AAPL_Open,2014-07-17,95.029999
AAPL_Open,2014-07-18,93.620003
AAPL_Open,2014-07-21,94.989998
AAPL_Open,2014-07-22,94.68
AAPL_Open,2014-07-23,95.419998
AAPL_Open,2014-07-24,97.040001
AAPL_Open,2014-07-25,96.849998
AAPL_Open,2014-07-28,97.82
AAPL_Open,2014-07-29,99.330002
AAPL_Open,2014-07-30,98.440002
AAPL_Open,2014-07-31,97.160004
AAPL_Open,2014-08-01,94.900002
AAPL_Open,2014-08-04,96.370003
AAPL_Open,2014-08-05,95.360001
AAPL_Open,2014-08-06,94.75
AAPL_Open,2014-08-07,94.93
AAPL_Open,2014-08-08,94.260002
AAPL_Open,2014-08-11,95.269997
AAPL_Open,2014-08-12,96.040001
AAPL_Open,2014-08-13,96.150002
AAPL_Open,2014-08-14,97.330002
AAPL_Open,2014-08-15,97.900002
AAPL_Open,2014-08-18,98.489998
AAPL_Open,2014-08-19,99.410004
AAPL_Open,2014-08-20,100.440002
AAPL_Open,2014-08-21,100.57
AAPL_Open,2014-08-22,100.290001
AAPL_Open,2014-08-25,101.790001
AAPL_Open,2014-08-26,101.419998
AAPL_Open,2014-08-27,101.019997
AAPL_Open,2014-08-28,101.589996
AAPL_Open,2014-08-29,102.860001
AAPL_Open,2014-09-02,103.059998
AAPL_Open,2014-09-03,103.099998
AAPL_Open,2014-09-04,98.849998
AAPL_Open,2014-09-05,98.800003
AAPL_Open,2014-09-08,99.300003
AAPL_Open,2014-09-09,99.080002
AAPL_Open,2014-09-10,98.010002
AAPL_Open,2014-09-11,100.410004
AAPL_Open,2014-09-12,101.209999
AAPL_Open,2014-09-15,102.809998
AAPL_Open,2014-09-16,99.800003
AAPL_Open,2014-09-17,101.269997
AAPL_Open,2014-09-18,101.93
AAPL_Open,2014-09-19,102.290001
AAPL_Open,2014-09-22,101.800003
AAPL_Open,2014-09-23,100.599998
AAPL_Open,2014-09-24,102.160004
AAPL_Open,2014-09-25,100.510002
AAPL_Open,2014-09-26,98.529999
AAPL_Open,2014-09-29,98.650002
AAPL_Open,2014-09-30,100.809998
AAPL_Open,2014-10-01,100.589996
AAPL_Open,2014-10-02,99.269997
AAPL_Open,2014-10-03,99.440002
AAPL_Open,2014-10-06,99.949997
AAPL_Open,2014-10-07,99.43
AAPL_Open,2014-10-08,98.760002
AAPL_Open,2014-10-09,101.540001
AAPL_Open,2014-10-10,100.690002
AAPL_Open,2014-10-13,101.330002
AAPL_Open,2014-10-14,100.389999
AAPL_Open,2014-10-15,97.970001
AAPL_Open,2014-10-16,95.550003
AAPL_Open,2014-10-17,97.5
AAPL_Open,2014-10-20,98.32
AAPL_Open,2014-10-21,103.019997
AAPL_Open,2014-10-22,102.839996
AAPL_Open,2014-10-23,104.080002
AAPL_Open,2014-10-24,105.18
AAPL_Open,2014-10-27,104.849998
AAPL_Open,2014-10-28,105.400002
AAPL_Open,2014-10-29,106.650002
AAPL_Open,2014-10-30,106.959999
AAPL_Open,2014-10-31,108.010002
AAPL_Open,2014-11-03,108.220001
AAPL_Open,2014-11-04,109.360001
AAPL_Open,2014-11-05,109.099998
AAPL_Open,2014-11-06,108.599998
AAPL_Open,2014-11-07,108.75
AAPL_Open,2014-11-10,109.019997
AAPL_Open,2014-11-11,108.699997
AAPL_Open,2014-11-12,109.379997
AAPL_Open,2014-11-13,111.800003
AAPL_Open,2014-11-14,113.150002
AAPL_Open,2014-11-17,114.269997
AAPL_Open,2014-11-18,113.940002
AAPL_Open,2014-11-19,115.440002
AAPL_Open,2014-11-20,114.910004
AAPL_Open,2014-11-21,117.510002
AAPL_Open,2014-11-24,116.849998
AAPL_Open,2014-11-25,119.07
AAPL_Open,2014-11-26,117.940002
AAPL_Open,2014-11-28,119.269997
AAPL_Open,2014-12-01,118.809998
AAPL_Open,2014-12-02,113.5
AAPL_Open,2014-12-03,115.75
AAPL_Open,2014-12-04,115.769997
AAPL_Open,2014-12-05,115.989998
AAPL_Open,2014-12-08,114.099998
AAPL_Open,2014-12-09,110.190002
AAPL_Open,2014-12-10,114.410004
AAPL_Open,2014-12-11,112.260002
AAPL_Open,2014-12-12,110.459999
AAPL_Open,2014-12-15,110.699997
AAPL_Open,2014-12-16,106.370003
AAPL_Open,2014-12-17,107.120003
AAPL_Open,2014-12-18,111.870003
AAPL_Open,2014-12-19,112.260002
AAPL_Open,2014-12-22,112.160004
AAPL_Open,2014-12-23,113.230003
AAPL_Open,2014-12-24,112.580002
AAPL_Open,2014-12-26,112.099998
AAPL_Open,2014-12-29,113.790001
AAPL_Open,2014-12-30,113.639999
AAPL_Open,2014-12-31,112.82
AAPL_Open,2015-01-02,111.389999
AAPL_Open,2015-01-05,108.290001
AAPL_Open,2015-01-06,106.540001
AAPL_Open,2015-01-07,107.199997
AAPL_Open,2015-01-08,109.230003
AAPL_Open,2015-01-09,112.669998
AAPL_Open,2015-01-12,112.599998
AAPL_Open,2015-01-13,111.43
AAPL_Open,2015-01-14,109.040001
AAPL_Open,2015-01-15,110
AAPL_Open,2015-01-16,107.029999
AAPL_Open,2015-01-20,107.839996
AAPL_Open,2015-01-21,108.949997
AAPL_Open,2015-01-22,110.260002
AAPL_Open,2015-01-23,112.300003
AAPL_Open,2015-01-26,113.739998
AAPL_Open,2015-01-27,112.419998
AAPL_Open,2015-01-28,117.629997
AAPL_Open,2015-01-29,116.32
AAPL_Open,2015-01-30,118.400002
AAPL_Open,2015-02-02,118.050003
AAPL_Open,2015-02-03,118.5
AAPL_Open,2015-02-04,118.5
AAPL_Open,2015-02-05,120.019997
AAPL_Open,2015-02-06,120.019997
AAPL_Open,2015-02-09,118.550003
AAPL_Open,2015-02-10,120.169998
AAPL_Open,2015-02-11,122.769997
AAPL_Open,2015-02-12,126.059998
AAPL_Open,2015-02-13,127.279999
AAPL_Open,2015-02-17,127.489998
AAPL_Open,2015-02-18,127.629997
AAPL_Open,2015-02-19,128.479996
AAPL_Open,2015-02-20,128.619995
AAPL_Open,2015-02-23,130.020004
AAPL_Open,2015-02-24,132.940002
AAPL_Open,2015-02-25,131.559998
AAPL_Open,2015-02-26,128.789993
AAPL_Open,2015-02-27,130
AAPL_Open,2015-03-02,129.25
AAPL_Open,2015-03-03,128.960007
AAPL_Open,2015-03-04,129.100006
AAPL_Open,2015-03-05,128.580002
AAPL_Open,2015-03-06,128.399994
AAPL_Open,2015-03-09,127.959999
AAPL_Open,2015-03-10,126.410004
AAPL_Open,2015-03-11,124.75
AAPL_Open,2015-03-12,122.309998
AAPL_Open,2015-03-13,124.400002
AAPL_Open,2015-03-16,123.879997
AAPL_Open,2015-03-17,125.900002
AAPL_Open,2015-03-18,127
AAPL_Open,2015-03-19,128.75
AAPL_Open,2015-03-20,128.25
AAPL_Open,2015-03-23,127.120003
AAPL_Open,2015-03-24,127.230003
AAPL_Open,2015-03-25,126.540001
AAPL_Open,2015-03-26,122.760002
AAPL_Open,2015-03-27,124.57
AAPL_Open,2015-03-30,124.050003
AAPL_Open,2015-03-31,126.089996
AAPL_Open,2015-04-01,124.82
AAPL_Open,2015-04-02,125.029999
AAPL_Open,2015-04-06,124.470001
AAPL_Open,2015-04-07,127.639999
AAPL_Open,2015-04-08,125.849998
AAPL_Open,2015-04-09,125.849998
AAPL_Open,2015-04-10,125.949997
AAPL_Open,2015-04-13,128.369995
AAPL_Open,2015-04-14,127
AAPL_Open,2015-04-15,126.410004
AAPL_Open,2015-04-16,126.279999
AAPL_Open,2015-04-17,125.550003
AAPL_Open,2015-04-20,125.57
AAPL_Open,2015-04-21,128.100006
AAPL_Open,2015-04-22,126.989998
AAPL_Open,2015-04-23,128.300003
AAPL_Open,2015-04-24,130.490005
AAPL_Open,2015-04-27,132.309998
AAPL_Open,2015-04-28,134.460007
AAPL_Open,2015-04-29,130.160004
AAPL_Open,2015-04-30,128.639999
AAPL_Open,2015-05-01,126.099998
AAPL_Open,2015-05-04,129.5
AAPL_Open,2015-05-05,128.149994
AAPL_Open,2015-05-06,126.559998
AAPL_Open,2015-05-07,124.769997
AAPL_Open,2015-05-08,126.68
AAPL_Open,2015-05-11,127.389999
AAPL_Open,2015-05-12,125.599998
AAPL_Open,2015-05-13,126.150002
AAPL_Open,2015-05-14,127.410004
AAPL_Open,2015-05-15,129.070007
AAPL_Open,2015-05-18,128.380005
AAPL_Open,2015-05-19,130.690002
AAPL_Open,2015-05-20,130
AAPL_Open,2015-05-21,130.070007
AAPL_Open,2015-05-22,131.600006
AAPL_Open,2015-05-26,132.600006
AAPL_Open,2015-05-27,130.339996
AAPL_Open,2015-05-28,131.860001
AAPL_Open,2015-05-29,131.229996
AAPL_Open,2015-06-01,130.279999
AAPL_Open,2015-06-02,129.860001
AAPL_Open,2015-06-03,130.660004
AAPL_Open,2015-06-04,129.580002
AAPL_Open,2015-06-05,129.5
AAPL_Open,2015-06-08,128.899994
AAPL_Open,2015-06-09,126.699997
AAPL_Open,2015-06-10,127.919998
AAPL_Open,2015-06-11,129.179993
AAPL_Open,2015-06-12,128.190002
AAPL_Open,2015-06-15,126.099998
AAPL_Open,2015-06-16,127.029999
AAPL_Open,2015-06-17,127.720001
AAPL_Open,2015-06-18,127.230003
AAPL_Open,2015-06-19,127.709999
AAPL_Open,2015-06-22,127.489998
AAPL_Open,2015-06-23,127.480003
AAPL_Open,2015-06-24,127.209999
AAPL_Open,2015-06-25,128.860001
AAPL_Open,2015-06-26,127.669998
AAPL_Open,2015-06-29,125.459999
AAPL_Open,2015-06-30,125.57
AAPL_Open,2015-07-01,126.900002
AAPL_Open,2015-07-02,126.43
AAPL_Open,2015-07-06,124.940002
AAPL_Open,2015-07-07,125.889999
AAPL_Open,2015-07-08,124.480003
AAPL_Open,2015-07-09,123.849998
AAPL_Open,2015-07-10,121.940002
AAPL_Open,2015-07-13,125.029999
AAPL_Open,2015-07-14,126.040001
AAPL_Open,2015-07-15,125.720001
AAPL_Open,2015-07-16,127.739998
AAPL_Open,2015-07-17,129.080002
AAPL_Open,2015-07-20,130.970001
AAPL_Open,2015-07-21,132.850006
AAPL_Open,2015-07-22,121.989998
AAPL_Open,2015-07-23,126.199997
AAPL_Open,2015-07-24,125.32
AAPL_Open,2015-07-27,123.089996
AAPL_Open,2015-07-28,123.379997
AAPL_Open,2015-07-29,123.150002
AAPL_Open,2015-07-30,122.32
AAPL_Open,2015-07-31,122.599998
AAPL_Open,2015-08-03,121.5
AAPL_Open,2015-08-04,117.419998
AAPL_Open,2015-08-05,112.949997
AAPL_Open,2015-08-06,115.970001
AAPL_Open,2015-08-07,114.580002
AAPL_Open,2015-08-10,116.529999
AAPL_Open,2015-08-11,117.809998
AAPL_Open,2015-08-12,112.529999
AAPL_Open,2015-08-13,116.040001
AAPL_Open,2015-08-14,114.32
AAPL_Open,2015-08-17,116.040001
AAPL_Open,2015-08-18,116.43
AAPL_Open,2015-08-19,116.099998
AAPL_Open,2015-08-20,114.080002
AAPL_Open,2015-08-21,110.43
AAPL_Open,2015-08-24,94.870003
AAPL_Open,2015-08-25,111.110001
AAPL_Open,2015-08-26,107.089996
AAPL_Open,2015-08-27,112.230003
AAPL_Open,2015-08-28,112.169998
AAPL_Open,2015-08-31,112.029999
AAPL_Open,2015-09-01,110.150002
AAPL_Open,2015-09-02,110.230003
AAPL_Open,2015-09-03,112.489998
AAPL_Open,2015-09-04,108.970001
AAPL_Open,2015-09-08,111.75
AAPL_Open,2015-09-09,113.760002
AAPL_Open,2015-09-10,110.269997
AAPL_Open,2015-09-11,111.790001
AAPL_Open,2015-09-14,116.580002
AAPL_Open,2015-09-15,115.93
AAPL_Open,2015-09-16,116.25
AAPL_Open,2015-09-17,115.660004
AAPL_Open,2015-09-18,112.209999
AAPL_Open,2015-09-21,113.669998
AAPL_Open,2015-09-22,113.379997
AAPL_Open,2015-09-23,113.629997
AAPL_Open,2015-09-24,113.25
AAPL_Open,2015-09-25,116.440002
AAPL_Open,2015-09-28,113.849998
AAPL_Open,2015-09-29,112.830002
AAPL_Open,2015-09-30,110.169998
AAPL_Open,2015-10-01,109.07
AAPL_Open,2015-10-02,108.010002
AAPL_Open,2015-10-05,109.879997
AAPL_Open,2015-10-06,110.629997
AAPL_Open,2015-10-07,111.739998
AAPL_Open,2015-10-08,110.190002
AAPL_Open,2015-10-09,110
AAPL_Open,2015-10-12,112.730003
AAPL_Open,2015-10-13,110.82
AAPL_Open,2015-10-14,111.290001
AAPL_Open,2015-10-15,110.93
AAPL_Open,2015-10-16,111.779999
AAPL_Open,2015-10-19,110.800003
AAPL_Open,2015-10-20,111.339996
AAPL_Open,2015-10-21,114
AAPL_Open,2015-10-22,114.330002
AAPL_Open,2015-10-23,116.699997
AAPL_Open,2015-10-26,118.080002
AAPL_Open,2015-10-27,115.400002
AAPL_Open,2015-10-28,116.93
AAPL_Open,2015-10-29,118.699997
AAPL_Open,2015-10-30,120.989998
AAPL_Open,2015-11-02,120.800003
AAPL_Open,2015-11-03,120.790001
AAPL_Open,2015-11-04,123.129997
AAPL_Open,2015-11-05,121.849998
AAPL_Open,2015-11-06,121.110001
AAPL_Open,2015-11-09,120.959999
AAPL_Open,2015-11-10,116.900002
AAPL_Open,2015-11-11,116.370003
AAPL_Open,2015-11-12,116.260002
AAPL_Open,2015-11-13,115.199997
AAPL_Open,2015-11-16,111.379997
AAPL_Open,2015-11-17,114.919998
AAPL_Open,2015-11-18,115.760002
AAPL_Open,2015-11-19,117.639999
AAPL_Open,2015-11-20,119.199997
AAPL_Open,2015-11-23,119.269997
AAPL_Open,2015-11-24,117.330002
AAPL_Open,2015-11-25,119.209999
AAPL_Open,2015-11-27,118.290001
AAPL_Open,2015-11-30,117.989998
AAPL_Open,2015-12-01,118.75
AAPL_Open,2015-12-02,117.339996
AAPL_Open,2015-12-03,116.550003
AAPL_Open,2015-12-04,115.290001
AAPL_Open,2015-12-07,118.980003
AAPL_Open,2015-12-08,117.519997
AAPL_Open,2015-12-09,117.639999
AAPL_Open,2015-12-10,116.040001
AAPL_Open,2015-12-11,115.190002
AAPL_Open,2015-12-14,112.18
AAPL_Open,2015-12-15,111.940002
AAPL_Open,2015-12-16,111.07
AAPL_Open,2015-12-17,112.019997
AAPL_Open,2015-12-18,108.910004
AAPL_Open,2015-12-21,107.279999
AAPL_Open,2015-12-22,107.400002
AAPL_Open,2015-12-23,107.269997
AAPL_Open,2015-12-24,109
AAPL_Open,2015-12-28,107.589996
AAPL_Open,2015-12-29,106.959999
AAPL_Open,2015-12-30,108.580002
AAPL_Open,2015-12-31,107.010002
AAPL_Open,2016-01-04,102.610001
AAPL_Open,2016-01-05,105.75
AAPL_Open,2016-01-06,100.559998
AAPL_Open,2016-01-07,98.68
AAPL_Open,2016-01-08,98.550003
AAPL_Open,2016-01-11,98.970001
AAPL_Open,2016-01-12,100.550003
AAPL_Open,2016-01-13,100.32
AAPL_Open,2016-01-14,97.959999
AAPL_Open,2016-01-15,96.199997
AAPL_Open,2016-01-19,98.410004
AAPL_Open,2016-01-20,95.099998
AAPL_Open,2016-01-21,97.059998
AAPL_Open,2016-01-22,98.629997
AAPL_Open,2016-01-25,101.519997
AAPL_Open,2016-01-26,99.93
AAPL_Open,2016-01-27,96.040001
AAPL_Open,2016-01-28,93.790001
AAPL_Open,2016-01-29,94.790001
AAPL_Open,2016-02-01,96.470001
AAPL_Open,2016-02-02,95.419998
AAPL_Open,2016-02-03,95
AAPL_Open,2016-02-04,95.860001
AAPL_Open,2016-02-05,96.519997
AAPL_Open,2016-02-08,93.129997
AAPL_Open,2016-02-09,94.290001
AAPL_Open,2016-02-10,95.919998
AAPL_Open,2016-02-11,93.790001
AAPL_Open,2016-02-12,94.190002
AAPL_Open,2016-02-16,95.019997
AAPL_Open,2016-02-17,96.669998
AAPL_Open,2016-02-18,98.839996
AAPL_Open,2016-02-19,96
AAPL_Open,2016-02-22,96.309998
AAPL_Open,2016-02-23,96.400002
AAPL_Open,2016-02-24,93.980003
AAPL_Open,2016-02-25,96.050003
AAPL_Open,2016-02-26,97.199997
AAPL_Open,2016-02-29,96.860001
AAPL_Open,2016-03-01,97.650002
AAPL_Open,2016-03-02,100.510002
AAPL_Open,2016-03-03,100.580002
AAPL_Open,2016-03-04,102.370003
AAPL_Open,2016-03-07,102.389999
AAPL_Open,2016-03-08,100.779999
AAPL_Open,2016-03-09,101.309998
AAPL_Open,2016-03-10,101.410004
AAPL_Open,2016-03-11,102.239998
AAPL_Open,2016-03-14,101.910004
AAPL_Open,2016-03-15,103.959999
AAPL_Open,2016-03-16,104.610001
AAPL_Open,2016-03-17,105.519997
AAPL_Open,2016-03-18,106.339996
AAPL_Open,2016-03-21,105.93
AAPL_Open,2016-03-22,105.25
AAPL_Open,2016-03-23,106.480003
AAPL_Open,2016-03-24,105.470001
AAPL_Open,2016-03-28,106
AAPL_Open,2016-03-29,104.889999
AAPL_Open,2016-03-30,108.650002
AAPL_Open,2016-03-31,109.720001
AAPL_Open,2016-04-01,108.779999
AAPL_Open,2016-04-04,110.419998
AAPL_Open,2016-04-05,109.510002
AAPL_Open,2016-04-06,110.230003
AAPL_Open,2016-04-07,109.949997
AAPL_Open,2016-04-08,108.910004
AAPL_Open,2016-04-11,108.970001
AAPL_Open,2016-04-12,109.339996
AAPL_Open,2016-04-13,110.800003
AAPL_Open,2016-04-14,111.620003
AAPL_Open,2016-04-15,112.110001
AAPL_Open,2016-04-18,108.889999
AAPL_Open,2016-04-19,107.879997
AAPL_Open,2016-04-20,106.639999
AAPL_Open,2016-04-21,106.93
AAPL_Open,2016-04-22,105.010002
AAPL_Open,2016-04-25,105
AAPL_Open,2016-04-26,103.910004
AAPL_Open,2016-04-27,96
AAPL_Open,2016-04-28,97.610001
AAPL_Open,2016-04-29,93.989998
AAPL_Open,2016-05-02,93.970001
AAPL_Open,2016-05-03,94.199997
AAPL_Open,2016-05-04,95.199997
AAPL_Open,2016-05-05,94
AAPL_Open,2016-05-06,93.370003
AAPL_Open,2016-05-09,93
AAPL_Open,2016-05-10,93.330002
AAPL_Open,2016-05-11,93.480003
AAPL_Open,2016-05-12,92.720001
AAPL_Open,2016-05-13,90
AAPL_Open,2016-05-16,92.389999
AAPL_Open,2016-05-17,94.550003
AAPL_Open,2016-05-18,94.160004
AAPL_Open,2016-05-19,94.639999
AAPL_Open,2016-05-20,94.639999
AAPL_Open,2016-05-23,95.870003
AAPL_Open,2016-05-24,97.220001
AAPL_Open,2016-05-25,98.669998
AAPL_Open,2016-05-26,99.68
AAPL_Open,2016-05-27,99.440002
AAPL_Open,2016-05-31,99.599998
AAPL_Open,2016-06-01,99.019997
AAPL_Open,2016-06-02,97.599998
AAPL_Open,2016-06-03,97.790001
AAPL_Open,2016-06-06,97.989998
AAPL_Open,2016-06-07,99.25
AAPL_Open,2016-06-08,99.019997
AAPL_Open,2016-06-09,98.5
AAPL_Open,2016-06-10,98.529999
AAPL_Open,2016-06-13,98.690002
AAPL_Open,2016-06-14,97.32
AAPL_Open,2016-06-15,97.82
AAPL_Open,2016-06-16,96.449997
AAPL_Open,2016-06-17,96.620003
AAPL_Open,2016-06-20,96
AAPL_Open,2016-06-21,94.940002
AAPL_Open,2016-06-22,96.25
AAPL_Open,2016-06-23,95.940002
AAPL_Open,2016-06-24,92.910004
AAPL_Open,2016-06-27,93
AAPL_Open,2016-06-28,92.900002
AAPL_Open,2016-06-29,93.970001
AAPL_Open,2016-06-30,94.440002
AAPL_Open,2016-07-01,95.489998
AAPL_Open,2016-07-05,95.389999
AAPL_Open,2016-07-06,94.599998
AAPL_Open,2016-07-07,95.699997
AAPL_Open,2016-07-08,96.489998
AAPL_Open,2016-07-11,96.75
AAPL_Open,2016-07-12,97.169998
AAPL_Open,2016-07-13,97.410004
AAPL_Open,2016-07-14,97.389999
AAPL_Open,2016-07-15,98.919998
AAPL_Open,2016-07-18,98.699997
AAPL_Open,2016-07-19,99.559998
AAPL_Open,2016-07-20,100
AAPL_Open,2016-07-21,99.830002
AAPL_Open,2016-07-22,99.260002
AAPL_Open,2016-07-25,98.25
AAPL_Open,2016-07-26,96.82
AAPL_Open,2016-07-27,104.269997
AAPL_Open,2016-07-28,102.830002
AAPL_Open,2016-07-29,104.190002
AAPL_Open,2016-08-01,104.410004
AAPL_Open,2016-08-02,106.050003
AAPL_Open,2016-08-03,104.809998
AAPL_Open,2016-08-04,105.580002
AAPL_Open,2016-08-05,106.269997
AAPL_Open,2016-08-08,107.519997
AAPL_Open,2016-08-09,108.230003
AAPL_Open,2016-08-10,108.709999
AAPL_Open,2016-08-11,108.519997
AAPL_Open,2016-08-12,107.779999
AAPL_Open,2016-08-15,108.139999
AAPL_Open,2016-08-16,109.629997
AAPL_Open,2016-08-17,109.099998
AAPL_Open,2016-08-18,109.230003
AAPL_Open,2016-08-19,108.769997
AAPL_Open,2016-08-22,108.860001
AAPL_Open,2016-08-23,108.589996
AAPL_Open,2016-08-24,108.57
AAPL_Open,2016-08-25,107.389999
AAPL_Open,2016-08-26,107.410004
AAPL_Open,2016-08-29,106.620003
AAPL_Open,2016-08-30,105.800003
AAPL_Open,2016-08-31,105.660004
AAPL_Open,2016-09-01,106.139999
AAPL_Open,2016-09-02,107.699997
AAPL_Open,2016-09-06,107.900002
AAPL_Open,2016-09-07,107.830002
AAPL_Open,2016-09-08,107.25
AAPL_Open,2016-09-09,104.639999
AAPL_Open,2016-09-12,102.650002
AAPL_Open,2016-09-13,107.510002
AAPL_Open,2016-09-14,108.730003
AAPL_Open,2016-09-15,113.860001
AAPL_Open,2016-09-16,115.120003
AAPL_Open,2016-09-19,115.190002
AAPL_Open,2016-09-20,113.050003
AAPL_Open,2016-09-21,113.849998
AAPL_Open,2016-09-22,114.349998
AAPL_Open,2016-09-23,114.419998
AAPL_Open,2016-09-26,111.639999
AAPL_Open,2016-09-27,113
AAPL_Open,2016-09-28,113.690002
AAPL_Open,2016-09-29,113.160004
AAPL_Open,2016-09-30,112.459999
AAPL_Open,2016-10-03,112.709999
AAPL_Open,2016-10-04,113.059998
AAPL_Open,2016-10-05,113.400002
AAPL_Open,2016-10-06,113.699997
AAPL_Open,2016-10-07,114.309998
AAPL_Open,2016-10-10,115.019997
AAPL_Open,2016-10-11,117.699997
AAPL_Open,2016-10-12,117.349998
AAPL_Open,2016-10-13,116.790001
AAPL_Open,2016-10-14,117.879997
AAPL_Open,2016-10-17,117.330002
AAPL_Open,2016-10-18,118.18
AAPL_Open,2016-10-19,117.25
AAPL_Open,2016-10-20,116.860001
AAPL_Open,2016-10-21,116.809998
AAPL_Open,2016-10-24,117.099998
AAPL_Open,2016-10-25,117.949997
AAPL_Open,2016-10-26,114.309998
AAPL_Open,2016-10-27,115.389999
AAPL_Open,2016-10-28,113.870003
AAPL_Open,2016-10-31,113.650002
AAPL_Open,2016-11-01,113.459999
AAPL_Open,2016-11-02,111.400002
AAPL_Open,2016-11-03,110.980003
AAPL_Open,2016-11-04,108.529999
AAPL_Open,2016-11-07,110.080002
AAPL_Open,2016-11-08,110.309998
AAPL_Open,2016-11-09,109.879997
AAPL_Open,2016-11-10,111.089996
AAPL_Open,2016-11-11,107.120003
AAPL_Open,2016-11-14,107.709999
AAPL_Open,2016-11-15,106.57
AAPL_Open,2016-11-16,106.699997
AAPL_Open,2016-11-17,109.809998
AAPL_Open,2016-11-18,109.720001
AAPL_Open,2016-11-21,110.120003
AAPL_Open,2016-11-22,111.949997
AAPL_Open,2016-11-23,111.360001
AAPL_Open,2016-11-25,111.129997
AAPL_Open,2016-11-28,111.43
AAPL_Open,2016-11-29,110.779999
AAPL_Open,2016-11-30,111.599998
AAPL_Open,2016-12-01,110.370003
AAPL_Open,2016-12-02,109.169998
AAPL_Open,2016-12-05,110
AAPL_Open,2016-12-06,109.5
AAPL_Open,2016-12-07,109.260002
AAPL_Open,2016-12-08,110.860001
AAPL_Open,2016-12-09,112.309998
AAPL_Open,2016-12-12,113.290001
AAPL_Open,2016-12-13,113.839996
AAPL_Open,2016-12-14,115.040001
AAPL_Open,2016-12-15,115.379997
AAPL_Open,2016-12-16,116.470001
AAPL_Open,2016-12-19,115.800003
AAPL_Open,2016-12-20,116.739998
AAPL_Open,2016-12-21,116.800003
AAPL_Open,2016-12-22,116.349998
AAPL_Open,2016-12-23,115.589996
AAPL_Open,2016-12-27,116.519997
AAPL_Open,2016-12-28,117.519997
AAPL_Open,2016-12-29,116.449997
AAPL_Open,2016-12-30,116.650002
AAPL_Open,2017-01-03,115.800003
AAPL_Open,2017-01-04,115.849998
AAPL_Open,2017-01-05,115.919998
AAPL_Open,2017-01-06,116.779999
AAPL_Open,2017-01-09,117.949997
AAPL_Open,2017-01-10,118.769997
AAPL_Open,2017-01-11,118.739998
AAPL_Open,2017-01-12,118.900002
AAPL_Open,2017-01-13,119.110001
AAPL_Open,2017-01-17,118.339996
AAPL_Open,2017-01-18,120
AAPL_Open,2017-01-19,119.400002
AAPL_Open,2017-01-20,120.449997
AAPL_Open,2017-01-23,120
AAPL_Open,2017-01-24,119.550003
AAPL_Open,2017-01-25,120.419998
AAPL_Open,2017-01-26,121.669998
AAPL_Open,2017-01-27,122.139999
AAPL_Open,2017-01-30,120.93
AAPL_Open,2017-01-31,121.150002
AAPL_Open,2017-02-01,127.029999
AAPL_Open,2017-02-02,127.980003
AAPL_Open,2017-02-03,128.309998
AAPL_Open,2017-02-06,129.130005
AAPL_Open,2017-02-07,130.539993
AAPL_Open,2017-02-08,131.350006
AAPL_Open,2017-02-09,131.649994
AAPL_Open,2017-02-10,132.460007
AAPL_Open,2017-02-13,133.080002
AAPL_Open,2017-02-14,133.470001
AAPL_Open,2017-02-15,135.520004
AAPL_Open,2017-02-16,135.669998
AAPL_Open,2017-02-17,135.100006
AAPL_Open,2017-02-21,136.229996
AAPL_Open,2017-02-22,136.429993
AAPL_Open,2017-02-23,137.380005
AAPL_Open,2017-02-24,135.910004
AAPL_Open,2017-02-27,137.139999
AAPL_Open,2017-02-28,137.080002
AAPL_Open,2017-03-01,137.889999
AAPL_Open,2017-03-02,140
AAPL_Open,2017-03-03,138.779999
AAPL_Open,2017-03-06,139.369995
AAPL_Open,2017-03-07,139.059998
AAPL_Open,2017-03-08,138.949997
AAPL_Open,2017-03-09,138.740005
AAPL_Open,2017-03-10,139.25
AAPL_Open,2017-03-13,138.850006
AAPL_Open,2017-03-14,139.300003
AAPL_Open,2017-03-15,139.410004
AAPL_Open,2017-03-16,140.720001
AAPL_Open,2017-03-17,141
AAPL_Open,2017-03-20,140.399994
AAPL_Open,2017-03-21,142.110001
AAPL_Open,2017-03-22,139.850006
AAPL_Open,2017-03-23,141.259995
AAPL_Open,2017-03-24,141.5
AAPL_Open,2017-03-27,139.389999
AAPL_Open,2017-03-28,140.910004
AAPL_Open,2017-03-29,143.679993
AAPL_Open,2017-03-30,144.190002
AAPL_Open,2017-03-31,143.720001
AAPL_Open,2017-04-03,143.710007
AAPL_Open,2017-04-04,143.25
AAPL_Open,2017-04-05,144.220001
AAPL_Open,2017-04-06,144.289993
AAPL_Open,2017-04-07,143.729996
AAPL_Open,2017-04-10,143.600006
AAPL_Open,2017-04-11,142.940002
AAPL_Open,2017-04-12,141.600006
AAPL_Open,2017-04-13,141.910004
AAPL_Open,2017-04-17,141.479996
AAPL_Open,2017-04-18,141.410004
AAPL_Open,2017-04-19,141.880005
AAPL_Open,2017-04-20,141.220001
AAPL_Open,2017-04-21,142.440002
AAPL_Open,2017-04-24,143.5
AAPL_Open,2017-04-25,143.910004
AAPL_Open,2017-04-26,144.470001
AAPL_Open,2017-04-27,143.919998
AAPL_Open,2017-04-28,144.089996
AAPL_Open,2017-05-01,145.100006
AAPL_Open,2017-05-02,147.539993
AAPL_Open,2017-05-03,145.589996
AAPL_Open,2017-05-04,146.520004
AAPL_Open,2017-05-05,146.759995
AAPL_Open,2017-05-08,149.029999
AAPL_Open,2017-05-09,153.869995
AAPL_Open,2017-05-10,153.630005
AAPL_Open,2017-05-11,152.449997
AAPL_Open,2017-05-12,154.699997
AAPL_Open,2017-05-15,156.009995
AAPL_Open,2017-05-16,155.940002
AAPL_Open,2017-05-17,153.600006
AAPL_Open,2017-05-18,151.270004
AAPL_Open,2017-05-19,153.380005
AAPL_Open,2017-05-22,154
AAPL_Open,2017-05-23,154.899994
AAPL_Open,2017-05-24,153.839996
AAPL_Open,2017-05-25,153.729996
AAPL_Open,2017-05-26,154
AAPL_Open,2017-05-30,153.419998
AAPL_Open,2017-05-31,153.970001
AAPL_Open,2017-06-01,153.169998
AAPL_Open,2017-06-02,153.580002
AAPL_Open,2017-06-05,154.339996
AAPL_Open,2017-06-06,153.899994
AAPL_Open,2017-06-07,155.020004
AAPL_Open,2017-06-08,155.25
AAPL_Open,2017-06-09,155.190002
AAPL_Open,2017-06-12,145.740005
AAPL_Open,2017-06-13,147.160004
AAPL_Open,2017-06-14,147.5
AAPL_Open,2017-06-15,143.320007
AAPL_Open,2017-06-16,143.779999
AAPL_Open,2017-06-19,143.660004
AAPL_Open,2017-06-20,146.869995
AAPL_Open,2017-06-21,145.520004
AAPL_Open,2017-06-22,145.770004
AAPL_Open,2017-06-23,145.130005
AAPL_Open,2017-06-26,147.169998
AAPL_Open,2017-06-27,145.009995
AAPL_Open,2017-06-28,144.490005
AAPL_Open,2017-06-29,144.710007
AAPL_Open,2017-06-30,144.449997
AAPL_Open,2017-07-03,144.880005
AAPL_Open,2017-07-05,143.690002
AAPL_Open,2017-07-06,143.020004
AAPL_Open,2017-07-07,142.899994
AAPL_Open,2017-07-10,144.110001
AAPL_Open,2017-07-11,144.729996
AAPL_Open,2017-07-12,145.869995
AAPL_Open,2017-07-13,145.5
AAPL_Open,2017-07-14,147.970001
AAPL_Open,2017-07-17,148.820007
AAPL_Open,2017-07-18,149.199997
AAPL_Open,2017-07-19,150.479996
AAPL_Open,2017-07-20,151.5
AAPL_Open,2017-07-21,149.990005
AAPL_Open,2017-07-24,150.580002
AAPL_Open,2017-07-25,151.800003
AAPL_Open,2017-07-26,153.350006
AAPL_Open,2017-07-27,153.75
AAPL_Open,2017-07-28,149.889999
AAPL_Open,2017-07-31,149.899994
AAPL_Open,2017-08-01,149.100006
AAPL_Open,2017-08-02,159.279999
AAPL_Open,2017-08-03,157.050003
AAPL_Open,2017-08-04,156.070007
AAPL_Open,2017-08-07,157.059998
AAPL_Open,2017-08-08,158.600006
AAPL_Open,2017-08-09,159.259995
AAPL_Open,2017-08-10,159.899994
AAPL_Open,2017-08-11,156.600006
AAPL_Open,2017-08-14,159.320007
AAPL_Open,2017-08-15,160.660004
AAPL_Open,2017-08-16,161.940002
AAPL_Open,2017-08-17,160.520004
AAPL_Open,2017-08-18,157.860001
AAPL_Open,2017-08-21,157.5
AAPL_Open,2017-08-22,158.229996
AAPL_Open,2017-08-23,159.070007
AAPL_Open,2017-08-24,160.429993
AAPL_Open,2017-08-25,159.649994
AAPL_Open,2017-08-28,160.139999
AAPL_Open,2017-08-29,160.100006
AAPL_Open,2017-08-30,163.800003
AAPL_Open,2017-08-31,163.639999
AAPL_Open,2017-09-01,164.800003
AAPL_Open,2017-09-05,163.75
AAPL_Open,2017-09-06,162.710007
AAPL_Open,2017-09-07,162.089996
AAPL_Open,2017-09-08,160.860001
AAPL_Open,2017-09-11,160.5
AAPL_Open,2017-09-12,162.610001
AAPL_Open,2017-09-13,159.869995
AAPL_Open,2017-09-14,158.990005
AAPL_Open,2017-09-15,158.470001
AAPL_Open,2017-09-18,160.110001
AAPL_Open,2017-09-19,159.509995
AAPL_Open,2017-09-20,157.899994
AAPL_Open,2017-09-21,155.800003
AAPL_Open,2017-09-22,151.539993
AAPL_Open,2017-09-25,149.990005
AAPL_Open,2017-09-26,151.779999
AAPL_Open,2017-09-27,153.800003
AAPL_Open,2017-09-28,153.889999
AAPL_Open,2017-09-29,153.210007
AAPL_Open,2017-10-02,154.259995
AAPL_Open,2017-10-03,154.009995
AAPL_Open,2017-10-04,153.630005
AAPL_Open,2017-10-05,154.179993
AAPL_Open,2017-10-06,154.970001
AAPL_Open,2017-10-09,155.809998
AAPL_Open,2017-10-10,156.059998
AAPL_Open,2017-10-11,155.970001
AAPL_Open,2017-10-12,156.350006
AAPL_Open,2017-10-13,156.729996
AAPL_Open,2017-10-16,157.899994
AAPL_Open,2017-10-17,159.779999
AAPL_Open,2017-10-18,160.419998
AAPL_Open,2017-10-19,156.75
AAPL_Open,2017-10-20,156.610001
AAPL_Open,2017-10-23,156.889999
AAPL_Open,2017-10-24,156.289993
AAPL_Open,2017-10-25,156.910004
AAPL_Open,2017-10-26,157.229996
AAPL_Open,2017-10-27,159.289993
AAPL_Open,2017-10-30,163.889999
AAPL_Open,2017-10-31,167.899994
AAPL_Open,2017-11-01,169.869995
AAPL_Open,2017-11-02,166.600006
AAPL_Open,2017-11-03,174
AAPL_Open,2017-11-06,172.369995
AAPL_Open,2017-11-07,173.910004
AAPL_Open,2017-11-08,174.660004
AAPL_Open,2017-11-09,175.110001
AAPL_Open,2017-11-10,175.110001
AAPL_Open,2017-11-13,173.5
AAPL_Open,2017-11-14,173.039993
AAPL_Open,2017-11-15,169.970001
AAPL_Open,2017-11-16,171.179993
AAPL_Open,2017-11-17,171.039993
AAPL_Open,2017-11-20,170.289993
AAPL_Open,2017-11-21,170.779999
AAPL_Open,2017-11-22,173.360001
AAPL_Open,2017-11-24,175.100006
AAPL_Open,2017-11-27,175.050003
AAPL_Open,2017-11-28,174.300003
AAPL_Open,2017-11-29,172.630005
AAPL_Open,2017-11-30,170.429993
AAPL_Open,2017-12-01,169.949997
AAPL_Open,2017-12-04,172.479996
AAPL_Open,2017-12-05,169.059998
AAPL_Open,2017-12-06,167.5
AAPL_Open,2017-12-07,169.029999
AAPL_Open,2017-12-08,170.490005
AAPL_Open,2017-12-11,169.199997
AAPL_Open,2017-12-12,172.149994
AAPL_Open,2017-12-13,172.5
AAPL_Open,2017-12-14,172.399994
AAPL_Open,2017-12-15,173.630005
AAPL_Open,2017-12-18,174.880005
AAPL_Open,2017-12-19,175.029999
AAPL_Open,2017-12-20,174.869995
AAPL_Open,2017-12-21,174.169998
AAPL_Open,2017-12-22,174.679993
AAPL_Open,2017-12-26,170.800003
AAPL_Open,2017-12-27,170.100006
AAPL_Open,2017-12-28,171
AAPL_Open,2017-12-29,170.520004
AAPL_Open,2018-01-02,170.160004
AAPL_Open,2018-01-03,172.529999
AAPL_Open,2018-01-04,172.539993
AAPL_Open,2018-01-05,173.440002
AAPL_Open,2018-01-08,174.350006
AAPL_Open,2018-01-09,174.550003
AAPL_Open,2018-01-10,173.160004
AAPL_Open,2018-01-11,174.589996
AAPL_Open,2018-01-12,176.179993
AAPL_Open,2018-01-16,177.899994
AAPL_Open,2018-01-17,176.149994
AAPL_Open,2018-01-18,179.369995
AAPL_Open,2018-01-19,178.610001
AAPL_Open,2018-01-22,177.300003
AAPL_Open,2018-01-23,177.300003
AAPL_Open,2018-01-24,177.25
AAPL_Open,2018-01-25,174.509995
AAPL_Open,2018-01-26,172
AAPL_Open,2018-01-29,170.160004
AAPL_Open,2018-01-30,165.529999
AAPL_Open,2018-01-31,166.869995
AAPL_Open,2018-02-01,167.169998
AAPL_Open,2018-02-02,166
AAPL_Open,2018-02-05,159.100006
AAPL_Open,2018-02-06,154.830002
AAPL_Open,2018-02-07,163.089996
AAPL_Open,2018-02-08,160.289993
AAPL_Open,2018-02-09,157.070007
AAPL_Open,2018-02-12,158.5
AAPL_Open,2018-02-13,161.949997
AAPL_Open,2018-02-14,163.039993
AAPL_Open,2018-02-15,169.789993
AAPL_Open,2018-02-16,172.360001
AAPL_Open,2018-02-20,172.050003
AAPL_Open,2018-02-21,172.830002
AAPL_Open,2018-02-22,171.800003
AAPL_Open,2018-02-23,173.669998
AAPL_Open,2018-02-26,176.350006
AAPL_Open,2018-02-27,179.100006
AAPL_Open,2018-02-28,179.259995
AAPL_Open,2018-03-01,178.539993
AAPL_Open,2018-03-02,172.800003
AAPL_Open,2018-03-05,175.210007
AAPL_Open,2018-03-06,177.910004
AAPL_Open,2018-03-07,174.940002
AAPL_Open,2018-03-08,175.479996
AAPL_Open,2018-03-09,177.960007
AAPL_Open,2018-03-12,180.289993
AAPL_Open,2018-03-13,182.589996
AAPL_Open,2018-03-14,180.320007
AAPL_Open,2018-03-15,178.5
AAPL_Open,2018-03-16,178.649994
AAPL_Open,2018-03-19,177.320007
AAPL_Open,2018-03-20,175.240005
AAPL_Open,2018-03-21,175.039993
AAPL_Open,2018-03-22,170
AAPL_Open,2018-03-23,168.389999
AAPL_Open,2018-03-26,168.070007
AAPL_Open,2018-03-27,173.679993
AAPL_Open,2018-03-28,167.25
AAPL_Open,2018-03-29,167.809998
AAPL_Open,2018-04-02,166.639999
AAPL_Open,2018-04-03,167.639999
AAPL_Open,2018-04-04,164.880005
AAPL_Open,2018-04-05,172.580002
AAPL_Open,2018-04-06,170.970001
AAPL_Open,2018-04-09,169.880005
AAPL_Open,2018-04-10,173
AAPL_Open,2018-04-11,172.229996
AAPL_Open,2018-04-12,173.410004
AAPL_Open,2018-04-13,174.779999
AAPL_Open,2018-04-16,175.029999
AAPL_Open,2018-04-17,176.490005
AAPL_Open,2018-04-18,177.809998
AAPL_Open,2018-04-19,173.759995
AAPL_Open,2018-04-20,170.600006
AAPL_Open,2018-04-23,166.830002
AAPL_Open,2018-04-24,165.669998
AAPL_Open,2018-04-25,162.619995
AAPL_Open,2018-04-26,164.119995
AAPL_Open,2018-04-27,164
AAPL_Open,2018-04-30,162.130005
AAPL_Open,2018-05-01,166.410004
AAPL_Open,2018-05-02,175.229996
AAPL_Open,2018-05-03,175.880005
AAPL_Open,2018-05-04,178.25
AAPL_Open,2018-05-07,185.179993
AAPL_Open,2018-05-08,184.990005
AAPL_Open,2018-05-09,186.550003
AAPL_Open,2018-05-10,187.740005
AAPL_Open,2018-05-11,189.490005
AAPL_Open,2018-05-14,189.009995
AAPL_Open,2018-05-15,186.779999
AAPL_Open,2018-05-16,186.070007
AAPL_Open,2018-05-17,188
AAPL_Open,2018-05-18,187.190002
AAPL_Open,2018-05-21,188
AAPL_Open,2018-05-22,188.380005
AAPL_Open,2018-05-23,186.350006
AAPL_Open,2018-05-24,188.770004
AAPL_Open,2018-05-25,188.229996
AAPL_Open,2018-05-29,187.600006
AAPL_Open,2018-05-30,187.720001
AAPL_Open,2018-05-31,187.220001
AAPL_Open,2018-06-01,187.990005
AAPL_Open,2018-06-04,191.639999
AAPL_Open,2018-06-05,193.070007
AAPL_Open,2018-06-06,193.630005
AAPL_Open,2018-06-07,194.139999
AAPL_Open,2018-06-08,191.169998
AAPL_Open,2018-06-11,191.350006
AAPL_Open,2018-06-12,191.389999
AAPL_Open,2018-06-13,192.419998
AAPL_Open,2018-06-14,191.550003
AAPL_Open,2018-06-15,190.029999
AAPL_Open,2018-06-18,187.880005
AAPL_Open,2018-06-19,185.139999
AAPL_Open,2018-06-20,186.350006
AAPL_Open,2018-06-21,187.25
AAPL_Open,2018-06-22,186.119995
AAPL_Open,2018-06-25,183.399994
AAPL_Open,2018-06-26,182.990005
AAPL_Open,2018-06-27,185.229996
AAPL_Open,2018-06-28,184.100006
AAPL_Open,2018-06-29,186.289993
AAPL_Open,2018-07-02,183.820007
AAPL_Open,2018-07-03,187.789993
AAPL_Open,2018-07-05,185.259995
AAPL_Open,2018-07-06,185.419998
AAPL_Open,2018-07-09,189.5
AAPL_Open,2018-07-10,190.710007
AAPL_Open,2018-07-11,188.5
AAPL_Open,2018-07-12,189.529999
AAPL_Open,2018-07-13,191.080002
AAPL_Open,2018-07-16,191.520004
AAPL_Open,2018-07-17,189.75
AAPL_Open,2018-07-18,191.779999
AAPL_Open,2018-07-19,189.690002
AAPL_Open,2018-07-20,191.779999
AAPL_Open,2018-07-23,190.679993
AAPL_Open,2018-07-24,192.449997
AAPL_Open,2018-07-25,193.059998
AAPL_Open,2018-07-26,194.610001
AAPL_Open,2018-07-27,194.990005
AAPL_Open,2018-07-30,191.899994
AAPL_Open,2018-07-31,190.300003
AAPL_Open,2018-08-01,199.130005
AAPL_Open,2018-08-02,200.580002
AAPL_Open,2018-08-03,207.029999
AAPL_Open,2018-08-06,208
AAPL_Open,2018-08-07,209.320007
AAPL_Open,2018-08-08,206.050003
AAPL_Open,2018-08-09,207.279999
AAPL_Open,2018-08-10,207.360001
AAPL_Open,2018-08-13,207.699997
AAPL_Open,2018-08-14,210.160004
AAPL_Open,2018-08-15,209.220001
AAPL_Open,2018-08-16,211.75
AAPL_Open,2018-08-17,213.440002
AAPL_Open,2018-08-20,218.100006
AAPL_Open,2018-08-21,216.800003
AAPL_Open,2018-08-22,214.100006
AAPL_Open,2018-08-23,214.649994
AAPL_Open,2018-08-24,216.600006
AAPL_Open,2018-08-27,217.149994
AAPL_Open,2018-08-28,219.009995
AAPL_Open,2018-08-29,220.149994
AAPL_Open,2018-08-30,223.25
AAPL_Open,2018-08-31,226.509995
AAPL_Open,2018-09-04,228.410004
AAPL_Open,2018-09-05,228.990005
AAPL_Open,2018-09-06,226.229996
AAPL_Open,2018-09-07,221.850006
AAPL_Open,2018-09-10,220.949997
AAPL_Open,2018-09-11,218.009995
AAPL_Open,2018-09-12,224.940002
AAPL_Open,2018-09-13,223.520004
AAPL_Open,2018-09-14,225.75
AAPL_Open,2018-09-17,222.149994
AAPL_Open,2018-09-18,217.789993
AAPL_Open,2018-09-19,218.5
AAPL_Open,2018-09-20,220.240005
AAPL_Open,2018-09-21,220.779999
AAPL_Open,2018-09-24,216.820007
AAPL_Open,2018-09-25,219.75
AAPL_Open,2018-09-26,221
AAPL_Open,2018-09-27,223.820007
AAPL_Open,2018-09-28,224.789993
AAPL_Open,2018-10-01,227.949997
AAPL_Open,2018-10-02,227.25
AAPL_Open,2018-10-03,230.050003
AAPL_Open,2018-10-04,230.779999
AAPL_Open,2018-10-05,227.960007
AAPL_Open,2018-10-08,222.210007
AAPL_Open,2018-10-09,223.639999
AAPL_Open,2018-10-10,225.460007
AAPL_Open,2018-10-11,214.520004
AAPL_Open,2018-10-12,220.419998
AAPL_Open,2018-10-15,221.160004
AAPL_Open,2018-10-16,218.929993
AAPL_Open,2018-10-17,222.300003
AAPL_Open,2018-10-18,217.860001
AAPL_Open,2018-10-19,218.059998
AAPL_Open,2018-10-22,219.789993
AAPL_Open,2018-10-23,215.830002
AAPL_Open,2018-10-24,222.600006
AAPL_Open,2018-10-25,217.710007
AAPL_Open,2018-10-26,215.899994
AAPL_Open,2018-10-29,219.190002
AAPL_Open,2018-10-30,211.149994
AAPL_Open,2018-10-31,216.880005
AAPL_Open,2018-11-01,219.050003
AAPL_Open,2018-11-02,209.550003
AAPL_Open,2018-11-05,204.300003
AAPL_Open,2018-11-06,201.919998
AAPL_Open,2018-11-07,205.970001
AAPL_Open,2018-11-08,209.979996
AAPL_Open,2018-11-09,205.550003
AAPL_Open,2018-11-12,199
AAPL_Open,2018-11-13,191.630005
AAPL_Open,2018-11-14,193.899994
AAPL_Open,2018-11-15,188.389999
AAPL_Open,2018-11-16,190.5
AAPL_Open,2018-11-19,190
AAPL_Open,2018-11-20,178.369995
AAPL_Open,2018-11-21,179.729996
AAPL_Open,2018-11-23,174.940002
AAPL_Open,2018-11-26,174.240005
AAPL_Open,2018-11-27,171.509995
AAPL_Open,2018-11-28,176.729996
AAPL_Open,2018-11-29,182.660004
AAPL_Open,2018-11-30,180.289993
AAPL_Open,2018-12-03,184.460007
AAPL_Open,2018-12-04,180.949997
AAPL_Open,2018-12-06,171.759995
AAPL_Open,2018-12-07,173.490005
AAPL_Open,2018-12-10,165
AAPL_Open,2018-12-11,171.660004
AAPL_Open,2018-12-12,170.399994
AAPL_Open,2018-12-13,170.490005
AAPL_Open,2018-12-14,169
AAPL_Open,2018-12-17,165.449997
AAPL_Open,2018-12-18,165.380005
AAPL_Open,2018-12-19,166
AAPL_Open,2018-12-20,160.399994
AAPL_Open,2018-12-21,156.860001
AAPL_Open,2018-12-24,148.149994
AAPL_Open,2018-12-26,148.300003
AAPL_Open,2018-12-27,155.839996
AAPL_Open,2018-12-28,157.5
AAPL_Open,2018-12-31,158.529999
AMZN_Open,2014-01-02,398.799988
AMZN_Open,2014-01-03,398.290009
AMZN_Open,2014-01-06,395.850006
AMZN_Open,2014-01-07,395.040009
AMZN_Open,2014-01-08,398.470001
AMZN_Open,2014-01-09,403.709991
AMZN_Open,2014-01-10,402.529999
AMZN_Open,2014-01-13,397.980011
AMZN_Open,2014-01-14,392.130005
AMZN_Open,2014-01-15,398.940002
AMZN_Open,2014-01-16,393.679993
AMZN_Open,2014-01-17,394.26001
AMZN_Open,2014-01-21,403
AMZN_Open,2014-01-22,408
AMZN_Open,2014-01-23,401
AMZN_Open,2014-01-24,398.160004
AMZN_Open,2014-01-27,390.5
AMZN_Open,2014-01-28,387.399994
AMZN_Open,2014-01-29,392.160004
AMZN_Open,2014-01-30,393.769989
AMZN_Open,2014-01-31,371.76001
AMZN_Open,2014-02-03,358.980011
AMZN_Open,2014-02-04,349.589996
AMZN_Open,2014-02-05,346
AMZN_Open,2014-02-06,347.399994
AMZN_Open,2014-02-07,358.980011
AMZN_Open,2014-02-10,361.609985
AMZN_Open,2014-02-11,361.839996
AMZN_Open,2014-02-12,356.429993
AMZN_Open,2014-02-13,347.700012
AMZN_Open,2014-02-14,359.339996
AMZN_Open,2014-02-18,355.279999
AMZN_Open,2014-02-19,352.640015
AMZN_Open,2014-02-20,348.799988
AMZN_Open,2014-02-21,352.440002
AMZN_Open,2014-02-24,345.190002
AMZN_Open,2014-02-25,353
AMZN_Open,2014-02-26,359.859985
AMZN_Open,2014-02-27,357.220001
AMZN_Open,2014-02-28,360.600006
AMZN_Open,2014-03-03,358.73999
AMZN_Open,2014-03-04,363.899994
AMZN_Open,2014-03-05,364.130005
AMZN_Open,2014-03-06,374.049988
AMZN_Open,2014-03-07,374.579987
AMZN_Open,2014-03-10,372.690002
AMZN_Open,2014-03-11,370.98999
AMZN_Open,2014-03-12,366.399994
AMZN_Open,2014-03-13,376.619995
AMZN_Open,2014-03-14,372.799988
AMZN_Open,2014-03-17,375.720001
AMZN_Open,2014-03-18,377.320007
AMZN_Open,2014-03-19,378.769989
AMZN_Open,2014-03-20,370.640015
AMZN_Open,2014-03-21,371
AMZN_Open,2014-03-24,360.089996
AMZN_Open,2014-03-25,354.029999
AMZN_Open,2014-03-26,357.130005
AMZN_Open,2014-03-27,343.149994
AMZN_Open,2014-03-28,340.049988
AMZN_Open,2014-03-31,342.399994
AMZN_Open,2014-04-01,338.089996
AMZN_Open,2014-04-02,345.98999
AMZN_Open,2014-04-03,341.820007
AMZN_Open,2014-04-04,335.149994
AMZN_Open,2014-04-07,320.98999
AMZN_Open,2014-04-08,321.880005
AMZN_Open,2014-04-09,328.470001
AMZN_Open,2014-04-10,330.600006
AMZN_Open,2014-04-11,314
AMZN_Open,2014-04-14,317.670013
AMZN_Open,2014-04-15,316.700012
AMZN_Open,2014-04-16,321.170013
AMZN_Open,2014-04-17,319.76001
AMZN_Open,2014-04-21,323.970001
AMZN_Open,2014-04-22,332
AMZN_Open,2014-04-23,333.059998
AMZN_Open,2014-04-24,329.670013
AMZN_Open,2014-04-25,316.25
AMZN_Open,2014-04-28,304
AMZN_Open,2014-04-29,296.440002
AMZN_Open,2014-04-30,298.100006
AMZN_Open,2014-05-01,304.130005
AMZN_Open,2014-05-02,310.420013
AMZN_Open,2014-05-05,306.369995
AMZN_Open,2014-05-06,309.529999
AMZN_Open,2014-05-07,295.559998
AMZN_Open,2014-05-08,290.820007
AMZN_Open,2014-05-09,290.570007
AMZN_Open,2014-05-12,294.299988
AMZN_Open,2014-05-13,302.600006
AMZN_Open,2014-05-14,302.5
AMZN_Open,2014-05-15,298.019989
AMZN_Open,2014-05-16,292.799988
AMZN_Open,2014-05-19,295.76001
AMZN_Open,2014-05-20,297.100006
AMZN_Open,2014-05-21,302.209991
AMZN_Open,2014-05-22,305.049988
AMZN_Open,2014-05-23,305.459991
AMZN_Open,2014-05-27,314.410004
AMZN_Open,2014-05-28,309.5
AMZN_Open,2014-05-29,310.420013
AMZN_Open,2014-05-30,314.429993
AMZN_Open,2014-06-02,312.589996
AMZN_Open,2014-06-03,305.75
AMZN_Open,2014-06-04,306.850006
AMZN_Open,2014-06-05,308.100006
AMZN_Open,2014-06-06,325
AMZN_Open,2014-06-09,331.570007
AMZN_Open,2014-06-10,327.649994
AMZN_Open,2014-06-11,336
AMZN_Open,2014-06-12,335.549988
AMZN_Open,2014-06-13,327.049988
AMZN_Open,2014-06-16,324.859985
AMZN_Open,2014-06-17,327.540009
AMZN_Open,2014-06-18,328
AMZN_Open,2014-06-19,335.26001
AMZN_Open,2014-06-20,327.76001
AMZN_Open,2014-06-23,323.329987
AMZN_Open,2014-06-24,327.540009
AMZN_Open,2014-06-25,324.329987
AMZN_Open,2014-06-26,328.48999
AMZN_Open,2014-06-27,325.880005
AMZN_Open,2014-06-30,324.980011
AMZN_Open,2014-07-01,325.859985
AMZN_Open,2014-07-02,333.200012
AMZN_Open,2014-07-03,334.829987
AMZN_Open,2014-07-07,337.5
AMZN_Open,2014-07-08,333.100006
AMZN_Open,2014-07-09,324.709991
AMZN_Open,2014-07-10,324.339996
AMZN_Open,2014-07-11,334.709991
AMZN_Open,2014-07-14,347.029999
AMZN_Open,2014-07-15,353.720001
AMZN_Open,2014-07-16,355.619995
AMZN_Open,2014-07-17,353.440002
AMZN_Open,2014-07-18,354.399994
AMZN_Open,2014-07-21,358.100006
AMZN_Open,2014-07-22,355.25
AMZN_Open,2014-07-23,359.049988
AMZN_Open,2014-07-24,359.980011
AMZN_Open,2014-07-25,317.299988
AMZN_Open,2014-07-28,324.25
AMZN_Open,2014-07-29,321.980011
AMZN_Open,2014-07-30,321.450012
AMZN_Open,2014-07-31,320.01001
AMZN_Open,2014-08-01,313.690002
AMZN_Open,2014-08-04,308.839996
AMZN_Open,2014-08-05,313.299988
AMZN_Open,2014-08-06,310.829987
AMZN_Open,2014-08-07,315.209991
AMZN_Open,2014-08-08,311.940002
AMZN_Open,2014-08-11,318.480011
AMZN_Open,2014-08-12,318.890015
AMZN_Open,2014-08-13,327.600006
AMZN_Open,2014-08-14,327.799988
AMZN_Open,2014-08-15,334
AMZN_Open,2014-08-18,335.480011
AMZN_Open,2014-08-19,334.869995
AMZN_Open,2014-08-20,334.679993
AMZN_Open,2014-08-21,336.480011
AMZN_Open,2014-08-22,332.98999
AMZN_Open,2014-08-25,333.209991
AMZN_Open,2014-08-26,337
AMZN_Open,2014-08-27,342.089996
AMZN_Open,2014-08-28,340
AMZN_Open,2014-08-29,341.76001
AMZN_Open,2014-09-02,339.980011
AMZN_Open,2014-09-03,342.540009
AMZN_Open,2014-09-04,343.690002
AMZN_Open,2014-09-05,346.299988
AMZN_Open,2014-09-08,344.540009
AMZN_Open,2014-09-09,341.609985
AMZN_Open,2014-09-10,334.299988
AMZN_Open,2014-09-11,329.940002
AMZN_Open,2014-09-12,329.559998
AMZN_Open,2014-09-15,330.910004
AMZN_Open,2014-09-16,321.070007
AMZN_Open,2014-09-17,327.76001
AMZN_Open,2014-09-18,325.440002
AMZN_Open,2014-09-19,327.600006
AMZN_Open,2014-09-22,328.48999
AMZN_Open,2014-09-23,322.459991
AMZN_Open,2014-09-24,324.170013
AMZN_Open,2014-09-25,327.98999
AMZN_Open,2014-09-26,320.600006
AMZN_Open,2014-09-29,320.5
AMZN_Open,2014-09-30,321.359985
AMZN_Open,2014-10-01,322.040009
AMZN_Open,2014-10-02,316.920013
AMZN_Open,2014-10-03,320.359985
AMZN_Open,2014-10-06,323.5
AMZN_Open,2014-10-07,319.429993
AMZN_Open,2014-10-08,316.579987
AMZN_Open,2014-10-09,321.48999
AMZN_Open,2014-10-10,314.019989
AMZN_Open,2014-10-13,309.869995
AMZN_Open,2014-10-14,308
AMZN_Open,2014-10-15,304.350006
AMZN_Open,2014-10-16,293.829987
AMZN_Open,2014-10-17,307.149994
AMZN_Open,2014-10-20,302.950012
AMZN_Open,2014-10-21,309.899994
AMZN_Open,2014-10-22,315.429993
AMZN_Open,2014-10-23,313.399994
AMZN_Open,2014-10-24,284.399994
AMZN_Open,2014-10-27,285.700012
AMZN_Open,2014-10-28,289.76001
AMZN_Open,2014-10-29,299.109985
AMZN_Open,2014-10-30,293.980011
AMZN_Open,2014-10-31,305.149994
AMZN_Open,2014-11-03,306.23999
AMZN_Open,2014-11-04,303.98999
AMZN_Open,2014-11-05,303.01001
AMZN_Open,2014-11-06,296.690002
AMZN_Open,2014-11-07,297.820007
AMZN_Open,2014-11-10,300
AMZN_Open,2014-11-11,305.940002
AMZN_Open,2014-11-12,310.75
AMZN_Open,2014-11-13,312
AMZN_Open,2014-11-14,317.119995
AMZN_Open,2014-11-17,326.440002
AMZN_Open,2014-11-18,323.98999
AMZN_Open,2014-11-19,327.25
AMZN_Open,2014-11-20,324
AMZN_Open,2014-11-21,335.420013
AMZN_Open,2014-11-24,334.779999
AMZN_Open,2014-11-25,335.269989
AMZN_Open,2014-11-26,333.779999
AMZN_Open,2014-11-28,336.029999
AMZN_Open,2014-12-01,338.119995
AMZN_Open,2014-12-02,327.5
AMZN_Open,2014-12-03,325.730011
AMZN_Open,2014-12-04,315.529999
AMZN_Open,2014-12-05,316.799988
AMZN_Open,2014-12-08,311.570007
AMZN_Open,2014-12-09,302.98999
AMZN_Open,2014-12-10,312
AMZN_Open,2014-12-11,307.890015
AMZN_Open,2014-12-12,303.98999
AMZN_Open,2014-12-15,308.869995
AMZN_Open,2014-12-16,304.350006
AMZN_Open,2014-12-17,296.369995
AMZN_Open,2014-12-18,304.01001
AMZN_Open,2014-12-19,296.910004
AMZN_Open,2014-12-22,301.940002
AMZN_Open,2014-12-23,306.980011
AMZN_Open,2014-12-24,306.380005
AMZN_Open,2014-12-26,305
AMZN_Open,2014-12-29,307.850006
AMZN_Open,2014-12-30,309.910004
AMZN_Open,2014-12-31,311.549988
AMZN_Open,2015-01-02,312.579987
AMZN_Open,2015-01-05,307.01001
AMZN_Open,2015-01-06,302.23999
AMZN_Open,2015-01-07,297.5
AMZN_Open,2015-01-08,300.320007
AMZN_Open,2015-01-09,301.480011
AMZN_Open,2015-01-12,297.559998
AMZN_Open,2015-01-13,297.480011
AMZN_Open,2015-01-14,291.929993
AMZN_Open,2015-01-15,294
AMZN_Open,2015-01-16,286.279999
AMZN_Open,2015-01-20,292.589996
AMZN_Open,2015-01-21,289.640015
AMZN_Open,2015-01-22,300
AMZN_Open,2015-01-23,308.079987
AMZN_Open,2015-01-26,311.820007
AMZN_Open,2015-01-27,306.299988
AMZN_Open,2015-01-28,309.809998
AMZN_Open,2015-01-29,304.730011
AMZN_Open,2015-01-30,346.320007
AMZN_Open,2015-02-02,350.049988
AMZN_Open,2015-02-03,360.290009
AMZN_Open,2015-02-04,358.380005
AMZN_Open,2015-02-05,366
AMZN_Open,2015-02-06,374.869995
AMZN_Open,2015-02-09,371
AMZN_Open,2015-02-10,371.190002
AMZN_Open,2015-02-11,371.230011
AMZN_Open,2015-02-12,375.100006
AMZN_Open,2015-02-13,378.410004
AMZN_Open,2015-02-17,377.720001
AMZN_Open,2015-02-18,373.779999
AMZN_Open,2015-02-19,373.48999
AMZN_Open,2015-02-20,378.619995
AMZN_Open,2015-02-23,383.440002
AMZN_Open,2015-02-24,378.649994
AMZN_Open,2015-02-25,377.269989
AMZN_Open,2015-02-26,384.070007
AMZN_Open,2015-02-27,384
AMZN_Open,2015-03-02,380.850006
AMZN_Open,2015-03-03,383.950012
AMZN_Open,2015-03-04,385.709991
AMZN_Open,2015-03-05,385.609985
AMZN_Open,2015-03-06,385.519989
AMZN_Open,2015-03-09,378.399994
AMZN_Open,2015-03-10,377.450012
AMZN_Open,2015-03-11,370.609985
AMZN_Open,2015-03-12,368.820007
AMZN_Open,2015-03-13,371.519989
AMZN_Open,2015-03-16,370.380005
AMZN_Open,2015-03-17,371.109985
AMZN_Open,2015-03-18,369.970001
AMZN_Open,2015-03-19,373.869995
AMZN_Open,2015-03-20,376.290009
AMZN_Open,2015-03-23,378.070007
AMZN_Open,2015-03-24,373.98999
AMZN_Open,2015-03-25,375.170013
AMZN_Open,2015-03-26,369.589996
AMZN_Open,2015-03-27,367.109985
AMZN_Open,2015-03-30,371.869995
AMZN_Open,2015-03-31,373.23999
AMZN_Open,2015-04-01,372.100006
AMZN_Open,2015-04-02,370.5
AMZN_Open,2015-04-06,370.100006
AMZN_Open,2015-04-07,376.149994
AMZN_Open,2015-04-08,374.660004
AMZN_Open,2015-04-09,380.660004
AMZN_Open,2015-04-10,384.309998
AMZN_Open,2015-04-13,383.529999
AMZN_Open,2015-04-14,383.51001
AMZN_Open,2015-04-15,384.649994
AMZN_Open,2015-04-16,383.690002
AMZN_Open,2015-04-17,382.630005
AMZN_Open,2015-04-20,378.549988
AMZN_Open,2015-04-21,391.309998
AMZN_Open,2015-04-22,391.910004
AMZN_Open,2015-04-23,390.209991
AMZN_Open,2015-04-24,439
AMZN_Open,2015-04-27,443.859985
AMZN_Open,2015-04-28,438.51001
AMZN_Open,2015-04-29,426.75
AMZN_Open,2015-04-30,427.109985
AMZN_Open,2015-05-01,423.820007
AMZN_Open,2015-05-04,424.799988
AMZN_Open,2015-05-05,422.850006
AMZN_Open,2015-05-06,421.429993
AMZN_Open,2015-05-07,424.149994
AMZN_Open,2015-05-08,430.75
AMZN_Open,2015-05-11,432.51001
AMZN_Open,2015-05-12,431.079987
AMZN_Open,2015-05-13,429.980011
AMZN_Open,2015-05-14,429.450012
AMZN_Open,2015-05-15,428
AMZN_Open,2015-05-18,426
AMZN_Open,2015-05-19,424.869995
AMZN_Open,2015-05-20,420.600006
AMZN_Open,2015-05-21,428
AMZN_Open,2015-05-22,431.549988
AMZN_Open,2015-05-26,426.200012
AMZN_Open,2015-05-27,427.450012
AMZN_Open,2015-05-28,429.709991
AMZN_Open,2015-05-29,427.230011
AMZN_Open,2015-06-01,430.399994
AMZN_Open,2015-06-02,430.070007
AMZN_Open,2015-06-03,434.399994
AMZN_Open,2015-06-04,434.399994
AMZN_Open,2015-06-05,429.660004
AMZN_Open,2015-06-08,425.619995
AMZN_Open,2015-06-09,422.959991
AMZN_Open,2015-06-10,426.459991
AMZN_Open,2015-06-11,432.290009
AMZN_Open,2015-06-12,431.25
AMZN_Open,2015-06-15,427.660004
AMZN_Open,2015-06-16,424.149994
AMZN_Open,2015-06-17,428.359985
AMZN_Open,2015-06-18,430.299988
AMZN_Open,2015-06-19,440.26001
AMZN_Open,2015-06-22,437
AMZN_Open,2015-06-23,435.589996
AMZN_Open,2015-06-24,444.970001
AMZN_Open,2015-06-25,438.070007
AMZN_Open,2015-06-26,441.76001
AMZN_Open,2015-06-29,434.980011
AMZN_Open,2015-06-30,434.200012
AMZN_Open,2015-07-01,439.350006
AMZN_Open,2015-07-02,437
AMZN_Open,2015-07-06,435.230011
AMZN_Open,2015-07-07,435.679993
AMZN_Open,2015-07-08,434.350006
AMZN_Open,2015-07-09,434.899994
AMZN_Open,2015-07-10,440.48999
AMZN_Open,2015-07-13,448.290009
AMZN_Open,2015-07-14,462.320007
AMZN_Open,2015-07-15,463.040009
AMZN_Open,2015-07-16,465.5
AMZN_Open,2015-07-17,477.700012
AMZN_Open,2015-07-20,492.570007
AMZN_Open,2015-07-21,487.899994
AMZN_Open,2015-07-22,485.98999
AMZN_Open,2015-07-23,491.660004
AMZN_Open,2015-07-24,578.98999
AMZN_Open,2015-07-27,527.75
AMZN_Open,2015-07-28,536
AMZN_Open,2015-07-29,530.919983
AMZN_Open,2015-07-30,527.650024
AMZN_Open,2015-07-31,539.090027
AMZN_Open,2015-08-03,537.450012
AMZN_Open,2015-08-04,529.690002
AMZN_Open,2015-08-05,538.799988
AMZN_Open,2015-08-06,539.299988
AMZN_Open,2015-08-07,529.159973
AMZN_Open,2015-08-10,528.52002
AMZN_Open,2015-08-11,523.650024
AMZN_Open,2015-08-12,523.75
AMZN_Open,2015-08-13,527.369995
AMZN_Open,2015-08-14,528.25
AMZN_Open,2015-08-17,531.289978
AMZN_Open,2015-08-18,535.039978
AMZN_Open,2015-08-19,533.73999
AMZN_Open,2015-08-20,530.390015
AMZN_Open,2015-08-21,507.359985
AMZN_Open,2015-08-24,463.579987
AMZN_Open,2015-08-25,487.48999
AMZN_Open,2015-08-26,484.019989
AMZN_Open,2015-08-27,513.710022
AMZN_Open,2015-08-28,517.5
AMZN_Open,2015-08-31,516.440002
AMZN_Open,2015-09-01,499.140015
AMZN_Open,2015-09-02,505.089996
AMZN_Open,2015-09-03,514.5
AMZN_Open,2015-09-04,497.649994
AMZN_Open,2015-09-08,508.690002
AMZN_Open,2015-09-09,524
AMZN_Open,2015-09-10,515.150024
AMZN_Open,2015-09-11,521.070007
AMZN_Open,2015-09-14,529.440002
AMZN_Open,2015-09-15,523.25
AMZN_Open,2015-09-16,521.97998
AMZN_Open,2015-09-17,526.97998
AMZN_Open,2015-09-18,534.619995
AMZN_Open,2015-09-21,544.330017
AMZN_Open,2015-09-22,539.710022
AMZN_Open,2015-09-23,538.299988
AMZN_Open,2015-09-24,530.549988
AMZN_Open,2015-09-25,542.570007
AMZN_Open,2015-09-28,520.02002
AMZN_Open,2015-09-29,506
AMZN_Open,2015-09-30,505.440002
AMZN_Open,2015-10-01,511
AMZN_Open,2015-10-02,512.98999
AMZN_Open,2015-10-05,536.98999
AMZN_Open,2015-10-06,545.5
AMZN_Open,2015-10-07,541.789978
AMZN_Open,2015-10-08,536.710022
AMZN_Open,2015-10-09,534.47998
AMZN_Open,2015-10-12,539.960022
AMZN_Open,2015-10-13,546.26001
AMZN_Open,2015-10-14,551.340027
AMZN_Open,2015-10-15,547.75
AMZN_Open,2015-10-16,565.27002
AMZN_Open,2015-10-19,570.76001
AMZN_Open,2015-10-20,572
AMZN_Open,2015-10-21,563.869995
AMZN_Open,2015-10-22,562.700012
AMZN_Open,2015-10-23,617.679993
AMZN_Open,2015-10-26,602.299988
AMZN_Open,2015-10-27,608.599976
AMZN_Open,2015-10-28,612.299988
AMZN_Open,2015-10-29,617.700012
AMZN_Open,2015-10-30,626.01001
AMZN_Open,2015-11-02,627.130005
AMZN_Open,2015-11-03,629.530029
AMZN_Open,2015-11-04,627.76001
AMZN_Open,2015-11-05,647.099976
AMZN_Open,2015-11-06,655
AMZN_Open,2015-11-09,658.650024
AMZN_Open,2015-11-10,651.01001
AMZN_Open,2015-11-11,663.25
AMZN_Open,2015-11-12,673
AMZN_Open,2015-11-13,663.570007
AMZN_Open,2015-11-16,640.919983
AMZN_Open,2015-11-17,650.650024
AMZN_Open,2015-11-18,646.51001
AMZN_Open,2015-11-19,664.98999
AMZN_Open,2015-11-20,667.940002
AMZN_Open,2015-11-23,671.5
AMZN_Open,2015-11-24,674.140015
AMZN_Open,2015-11-25,675
AMZN_Open,2015-11-27,680.799988
AMZN_Open,2015-11-30,675.900024
AMZN_Open,2015-12-01,673.75
AMZN_Open,2015-12-02,681
AMZN_Open,2015-12-03,679.440002
AMZN_Open,2015-12-04,666
AMZN_Open,2015-12-07,674.73999
AMZN_Open,2015-12-08,663.130005
AMZN_Open,2015-12-09,678
AMZN_Open,2015-12-10,665.590027
AMZN_Open,2015-12-11,651.22998
AMZN_Open,2015-12-14,641.75
AMZN_Open,2015-12-15,665.030029
AMZN_Open,2015-12-16,663.559998
AMZN_Open,2015-12-17,680
AMZN_Open,2015-12-18,668.650024
AMZN_Open,2015-12-21,668.5
AMZN_Open,2015-12-22,666.830017
AMZN_Open,2015-12-23,666.5
AMZN_Open,2015-12-24,663.349976
AMZN_Open,2015-12-28,665.559998
AMZN_Open,2015-12-29,677.97998
AMZN_Open,2015-12-30,691.890015
AMZN_Open,2015-12-31,686.080017
AMZN_Open,2016-01-04,656.289978
AMZN_Open,2016-01-05,646.859985
AMZN_Open,2016-01-06,622
AMZN_Open,2016-01-07,621.799988
AMZN_Open,2016-01-08,619.659973
AMZN_Open,2016-01-11,612.47998
AMZN_Open,2016-01-12,625.25
AMZN_Open,2016-01-13,620.880005
AMZN_Open,2016-01-14,580.25
AMZN_Open,2016-01-15,572.23999
AMZN_Open,2016-01-19,577.090027
AMZN_Open,2016-01-20,564.359985
AMZN_Open,2016-01-21,573.580017
AMZN_Open,2016-01-22,588.72998
AMZN_Open,2016-01-25,597.98999
AMZN_Open,2016-01-26,603.450012
AMZN_Open,2016-01-27,601.98999
AMZN_Open,2016-01-28,608.369995
AMZN_Open,2016-01-29,571.97998
AMZN_Open,2016-02-01,578.150024
AMZN_Open,2016-02-02,570
AMZN_Open,2016-02-03,553.5
AMZN_Open,2016-02-04,525
AMZN_Open,2016-02-05,529.280029
AMZN_Open,2016-02-08,486.470001
AMZN_Open,2016-02-09,478.01001
AMZN_Open,2016-02-10,491.76001
AMZN_Open,2016-02-11,491.170013
AMZN_Open,2016-02-12,510.700012
AMZN_Open,2016-02-16,519.47998
AMZN_Open,2016-02-17,528.73999
AMZN_Open,2016-02-18,541.190002
AMZN_Open,2016-02-19,520.710022
AMZN_Open,2016-02-22,542.200012
AMZN_Open,2016-02-23,555.549988
AMZN_Open,2016-02-24,545.75
AMZN_Open,2016-02-25,555.52002
AMZN_Open,2016-02-26,560.119995
AMZN_Open,2016-02-29,554
AMZN_Open,2016-03-01,556.289978
AMZN_Open,2016-03-02,581.75
AMZN_Open,2016-03-03,577.960022
AMZN_Open,2016-03-04,581.070007
AMZN_Open,2016-03-07,573.539978
AMZN_Open,2016-03-08,557.869995
AMZN_Open,2016-03-09,559.559998
AMZN_Open,2016-03-10,566.73999
AMZN_Open,2016-03-11,566.950012
AMZN_Open,2016-03-14,567
AMZN_Open,2016-03-15,571
AMZN_Open,2016-03-16,576.640015
AMZN_Open,2016-03-17,569.51001
AMZN_Open,2016-03-18,560.940002
AMZN_Open,2016-03-21,548.909973
AMZN_Open,2016-03-22,545.109985
AMZN_Open,2016-03-23,561
AMZN_Open,2016-03-24,567.109985
AMZN_Open,2016-03-28,584.400024
AMZN_Open,2016-03-29,580.150024
AMZN_Open,2016-03-30,596.710022
AMZN_Open,2016-03-31,599.280029
AMZN_Open,2016-04-01,590.48999
AMZN_Open,2016-04-04,599
AMZN_Open,2016-04-05,590.77002
AMZN_Open,2016-04-06,587.52002
AMZN_Open,2016-04-07,598.76001
AMZN_Open,2016-04-08,594.320007
AMZN_Open,2016-04-11,596.140015
AMZN_Open,2016-04-12,598.400024
AMZN_Open,2016-04-13,607.679993
AMZN_Open,2016-04-14,615.070007
AMZN_Open,2016-04-15,621.919983
AMZN_Open,2016-04-18,625.349976
AMZN_Open,2016-04-19,637.140015
AMZN_Open,2016-04-20,630
AMZN_Open,2016-04-21,631
AMZN_Open,2016-04-22,624.469971
AMZN_Open,2016-04-25,616.609985
AMZN_Open,2016-04-26,626.169983
AMZN_Open,2016-04-27,611.799988
AMZN_Open,2016-04-28,615.539978
AMZN_Open,2016-04-29,666
AMZN_Open,2016-05-02,663.919983
AMZN_Open,2016-05-03,677.359985
AMZN_Open,2016-05-04,662.590027
AMZN_Open,2016-05-05,673.309998
AMZN_Open,2016-05-06,656.049988
AMZN_Open,2016-05-09,673.950012
AMZN_Open,2016-05-10,694
AMZN_Open,2016-05-11,705.789978
AMZN_Open,2016-05-12,717.380005
AMZN_Open,2016-05-13,714.640015
AMZN_Open,2016-05-16,710.130005
AMZN_Open,2016-05-17,709.900024
AMZN_Open,2016-05-18,689.559998
AMZN_Open,2016-05-19,691.880005
AMZN_Open,2016-05-20,701.049988
AMZN_Open,2016-05-23,704.25
AMZN_Open,2016-05-24,698.01001
AMZN_Open,2016-05-25,708
AMZN_Open,2016-05-26,708.330017
AMZN_Open,2016-05-27,715
AMZN_Open,2016-05-31,712.330017
AMZN_Open,2016-06-01,720.900024
AMZN_Open,2016-06-02,720.969971
AMZN_Open,2016-06-03,726.73999
AMZN_Open,2016-06-06,726.5
AMZN_Open,2016-06-07,729.890015
AMZN_Open,2016-06-08,726.400024
AMZN_Open,2016-06-09,723.099976
AMZN_Open,2016-06-10,722.349976
AMZN_Open,2016-06-13,714.01001
AMZN_Open,2016-06-14,712.330017
AMZN_Open,2016-06-15,722
AMZN_Open,2016-06-16,712.049988
AMZN_Open,2016-06-17,718.190002
AMZN_Open,2016-06-20,713.5
AMZN_Open,2016-06-21,715.719971
AMZN_Open,2016-06-22,716.580017
AMZN_Open,2016-06-23,715.5
AMZN_Open,2016-06-24,693
AMZN_Open,2016-06-27,692.01001
AMZN_Open,2016-06-28,700
AMZN_Open,2016-06-29,715.75
AMZN_Open,2016-06-30,717.200012
AMZN_Open,2016-07-01,717.320007
AMZN_Open,2016-07-05,722.799988
AMZN_Open,2016-07-06,725.710022
AMZN_Open,2016-07-07,739.330017
AMZN_Open,2016-07-08,740.140015
AMZN_Open,2016-07-11,750
AMZN_Open,2016-07-12,756.859985
AMZN_Open,2016-07-13,746.76001
AMZN_Open,2016-07-14,748.859985
AMZN_Open,2016-07-15,746.549988
AMZN_Open,2016-07-18,735.48999
AMZN_Open,2016-07-19,732.5
AMZN_Open,2016-07-20,744
AMZN_Open,2016-07-21,747.5
AMZN_Open,2016-07-22,747.789978
AMZN_Open,2016-07-25,746.549988
AMZN_Open,2016-07-26,742.710022
AMZN_Open,2016-07-27,737.969971
AMZN_Open,2016-07-28,745.97998
AMZN_Open,2016-07-29,765
AMZN_Open,2016-08-01,759.869995
AMZN_Open,2016-08-02,763.809998
AMZN_Open,2016-08-03,757.059998
AMZN_Open,2016-08-04,753.700012
AMZN_Open,2016-08-05,764.809998
AMZN_Open,2016-08-08,766.809998
AMZN_Open,2016-08-09,767.390015
AMZN_Open,2016-08-10,769.799988
AMZN_Open,2016-08-11,769.940002
AMZN_Open,2016-08-12,768.460022
AMZN_Open,2016-08-15,771.900024
AMZN_Open,2016-08-16,768.619995
AMZN_Open,2016-08-17,764.409973
AMZN_Open,2016-08-18,764
AMZN_Open,2016-08-19,761.900024
AMZN_Open,2016-08-22,757.5
AMZN_Open,2016-08-23,763.309998
AMZN_Open,2016-08-24,763
AMZN_Open,2016-08-25,756
AMZN_Open,2016-08-26,760.049988
AMZN_Open,2016-08-29,768.719971
AMZN_Open,2016-08-30,771.049988
AMZN_Open,2016-08-31,766.599976
AMZN_Open,2016-09-01,770.900024
AMZN_Open,2016-09-02,774.109985
AMZN_Open,2016-09-06,774.039978
AMZN_Open,2016-09-07,789.530029
AMZN_Open,2016-09-08,783.890015
AMZN_Open,2016-09-09,779.359985
AMZN_Open,2016-09-12,757.349976
AMZN_Open,2016-09-13,768.77002
AMZN_Open,2016-09-14,762.200012
AMZN_Open,2016-09-15,762
AMZN_Open,2016-09-16,773.280029
AMZN_Open,2016-09-19,779.969971
AMZN_Open,2016-09-20,776
AMZN_Open,2016-09-21,783.25
AMZN_Open,2016-09-22,794.27002
AMZN_Open,2016-09-23,803.130005
AMZN_Open,2016-09-26,801.799988
AMZN_Open,2016-09-27,801.849976
AMZN_Open,2016-09-28,818
AMZN_Open,2016-09-29,828.26001
AMZN_Open,2016-09-30,832.609985
AMZN_Open,2016-10-03,836
AMZN_Open,2016-10-04,840.909973
AMZN_Open,2016-10-05,838
AMZN_Open,2016-10-06,843.700012
AMZN_Open,2016-10-07,845.789978
AMZN_Open,2016-10-10,843.25
AMZN_Open,2016-10-11,841.02002
AMZN_Open,2016-10-12,834
AMZN_Open,2016-10-13,829
AMZN_Open,2016-10-14,835.080017
AMZN_Open,2016-10-17,821.5
AMZN_Open,2016-10-18,822.109985
AMZN_Open,2016-10-19,820.400024
AMZN_Open,2016-10-20,813.98999
AMZN_Open,2016-10-21,809.359985
AMZN_Open,2016-10-24,824.950012
AMZN_Open,2016-10-25,839.299988
AMZN_Open,2016-10-26,832.76001
AMZN_Open,2016-10-27,831.23999
AMZN_Open,2016-10-28,782
AMZN_Open,2016-10-31,781.030029
AMZN_Open,2016-11-01,799
AMZN_Open,2016-11-02,783.929993
AMZN_Open,2016-11-03,765.049988
AMZN_Open,2016-11-04,762.789978
AMZN_Open,2016-11-07,771.640015
AMZN_Open,2016-11-08,784.969971
AMZN_Open,2016-11-09,764
AMZN_Open,2016-11-10,778.809998
AMZN_Open,2016-11-11,735.72998
AMZN_Open,2016-11-14,745.51001
AMZN_Open,2016-11-15,730
AMZN_Open,2016-11-16,739.880005
AMZN_Open,2016-11-17,749.320007
AMZN_Open,2016-11-18,761
AMZN_Open,2016-11-21,766
AMZN_Open,2016-11-22,788.169983
AMZN_Open,2016-11-23,781.72998
AMZN_Open,2016-11-25,786.5
AMZN_Open,2016-11-28,776.98999
AMZN_Open,2016-11-29,768
AMZN_Open,2016-11-30,762
AMZN_Open,2016-12-01,752.409973
AMZN_Open,2016-12-02,743.400024
AMZN_Open,2016-12-05,745
AMZN_Open,2016-12-06,763.98999
AMZN_Open,2016-12-07,764.549988
AMZN_Open,2016-12-08,771.869995
AMZN_Open,2016-12-09,770
AMZN_Open,2016-12-12,766.400024
AMZN_Open,2016-12-13,764.960022
AMZN_Open,2016-12-14,778.25
AMZN_Open,2016-12-15,766.280029
AMZN_Open,2016-12-16,765
AMZN_Open,2016-12-19,758.890015
AMZN_Open,2016-12-20,768.650024
AMZN_Open,2016-12-21,770
AMZN_Open,2016-12-22,768.119995
AMZN_Open,2016-12-23,764.549988
AMZN_Open,2016-12-27,763.400024
AMZN_Open,2016-12-28,776.25
AMZN_Open,2016-12-29,772.400024
AMZN_Open,2016-12-30,766.469971
AMZN_Open,2017-01-03,757.919983
AMZN_Open,2017-01-04,758.390015
AMZN_Open,2017-01-05,761.549988
AMZN_Open,2017-01-06,782.359985
AMZN_Open,2017-01-09,798
AMZN_Open,2017-01-10,796.599976
AMZN_Open,2017-01-11,793.659973
AMZN_Open,2017-01-12,800.309998
AMZN_Open,2017-01-13,814.320007
AMZN_Open,2017-01-17,815.700012
AMZN_Open,2017-01-18,809.5
AMZN_Open,2017-01-19,810
AMZN_Open,2017-01-20,815.280029
AMZN_Open,2017-01-23,806.799988
AMZN_Open,2017-01-24,822
AMZN_Open,2017-01-25,825.789978
AMZN_Open,2017-01-26,835.530029
AMZN_Open,2017-01-27,839
AMZN_Open,2017-01-30,833
AMZN_Open,2017-01-31,823.75
AMZN_Open,2017-02-01,829.210022
AMZN_Open,2017-02-02,836.590027
AMZN_Open,2017-02-03,806.719971
AMZN_Open,2017-02-06,809.799988
AMZN_Open,2017-02-07,809.309998
AMZN_Open,2017-02-08,812.690002
AMZN_Open,2017-02-09,821.599976
AMZN_Open,2017-02-10,823.820007
AMZN_Open,2017-02-13,831.619995
AMZN_Open,2017-02-14,837
AMZN_Open,2017-02-15,834
AMZN_Open,2017-02-16,841.840027
AMZN_Open,2017-02-17,842
AMZN_Open,2017-02-21,848.840027
AMZN_Open,2017-02-22,856.950012
AMZN_Open,2017-02-23,857.570007
AMZN_Open,2017-02-24,844.690002
AMZN_Open,2017-02-27,842.380005
AMZN_Open,2017-02-28,851.450012
AMZN_Open,2017-03-01,853.049988
AMZN_Open,2017-03-02,853.080017
AMZN_Open,2017-03-03,847.200012
AMZN_Open,2017-03-06,845.22998
AMZN_Open,2017-03-07,845.47998
AMZN_Open,2017-03-08,848
AMZN_Open,2017-03-09,851
AMZN_Open,2017-03-10,857
AMZN_Open,2017-03-13,851.77002
AMZN_Open,2017-03-14,853.549988
AMZN_Open,2017-03-15,854.330017
AMZN_Open,2017-03-16,855.299988
AMZN_Open,2017-03-17,853.48999
AMZN_Open,2017-03-20,851.51001
AMZN_Open,2017-03-21,858.840027
AMZN_Open,2017-03-22,840.429993
AMZN_Open,2017-03-23,848.200012
AMZN_Open,2017-03-24,851.679993
AMZN_Open,2017-03-27,838.070007
AMZN_Open,2017-03-28,851.75
AMZN_Open,2017-03-29,859.049988
AMZN_Open,2017-03-30,874.950012
AMZN_Open,2017-03-31,877
AMZN_Open,2017-04-03,888
AMZN_Open,2017-04-04,891.5
AMZN_Open,2017-04-05,910.820007
AMZN_Open,2017-04-06,913.799988
AMZN_Open,2017-04-07,899.650024
AMZN_Open,2017-04-10,899.630005
AMZN_Open,2017-04-11,907.039978
AMZN_Open,2017-04-12,903.090027
AMZN_Open,2017-04-13,891.450012
AMZN_Open,2017-04-17,887.5
AMZN_Open,2017-04-18,900.98999
AMZN_Open,2017-04-19,907.840027
AMZN_Open,2017-04-20,899.700012
AMZN_Open,2017-04-21,902.669983
AMZN_Open,2017-04-24,908.679993
AMZN_Open,2017-04-25,907.039978
AMZN_Open,2017-04-26,910.299988
AMZN_Open,2017-04-27,914.390015
AMZN_Open,2017-04-28,948.830017
AMZN_Open,2017-05-01,927.799988
AMZN_Open,2017-05-02,946.650024
AMZN_Open,2017-05-03,946
AMZN_Open,2017-05-04,944.75
AMZN_Open,2017-05-05,940.52002
AMZN_Open,2017-05-08,940.950012
AMZN_Open,2017-05-09,952.799988
AMZN_Open,2017-05-10,953.5
AMZN_Open,2017-05-11,945.109985
AMZN_Open,2017-05-12,954.5
AMZN_Open,2017-05-15,958.72998
AMZN_Open,2017-05-16,961
AMZN_Open,2017-05-17,954.700012
AMZN_Open,2017-05-18,944.799988
AMZN_Open,2017-05-19,962.840027
AMZN_Open,2017-05-22,964
AMZN_Open,2017-05-23,975.02002
AMZN_Open,2017-05-24,976
AMZN_Open,2017-05-25,984.849976
AMZN_Open,2017-05-26,995
AMZN_Open,2017-05-30,996.51001
AMZN_Open,2017-05-31,1000
AMZN_Open,2017-06-01,998.590027
AMZN_Open,2017-06-02,998.98999
AMZN_Open,2017-06-05,1007.22998
AMZN_Open,2017-06-06,1012
AMZN_Open,2017-06-07,1005.950012
AMZN_Open,2017-06-08,1012.059998
AMZN_Open,2017-06-09,1012.5
AMZN_Open,2017-06-12,967
AMZN_Open,2017-06-13,977.98999
AMZN_Open,2017-06-14,988.590027
AMZN_Open,2017-06-15,958.700012
AMZN_Open,2017-06-16,996
AMZN_Open,2017-06-19,1017
AMZN_Open,2017-06-20,998
AMZN_Open,2017-06-21,998.700012
AMZN_Open,2017-06-22,1002.22998
AMZN_Open,2017-06-23,1002.539978
AMZN_Open,2017-06-26,1008.5
AMZN_Open,2017-06-27,990.690002
AMZN_Open,2017-06-28,978.549988
AMZN_Open,2017-06-29,979
AMZN_Open,2017-06-30,980.119995
AMZN_Open,2017-07-03,972.789978
AMZN_Open,2017-07-05,961.530029
AMZN_Open,2017-07-06,964.659973
AMZN_Open,2017-07-07,969.549988
AMZN_Open,2017-07-10,985
AMZN_Open,2017-07-11,993
AMZN_Open,2017-07-12,1000.650024
AMZN_Open,2017-07-13,1004.619995
AMZN_Open,2017-07-14,1002.400024
AMZN_Open,2017-07-17,1004.690002
AMZN_Open,2017-07-18,1006
AMZN_Open,2017-07-19,1025
AMZN_Open,2017-07-20,1031.589966
AMZN_Open,2017-07-21,1021.280029
AMZN_Open,2017-07-24,1028.339966
AMZN_Open,2017-07-25,1038.050049
AMZN_Open,2017-07-26,1043.199951
AMZN_Open,2017-07-27,1069.550049
AMZN_Open,2017-07-28,1012.140015
AMZN_Open,2017-07-31,1019.049988
AMZN_Open,2017-08-01,996.109985
AMZN_Open,2017-08-02,1001.77002
AMZN_Open,2017-08-03,999.469971
AMZN_Open,2017-08-04,989.679993
AMZN_Open,2017-08-07,990.650024
AMZN_Open,2017-08-08,994.349976
AMZN_Open,2017-08-09,982.599976
AMZN_Open,2017-08-10,976.299988
AMZN_Open,2017-08-11,960
AMZN_Open,2017-08-14,978.409973
AMZN_Open,2017-08-15,988.900024
AMZN_Open,2017-08-16,981.650024
AMZN_Open,2017-08-17,977.840027
AMZN_Open,2017-08-18,961.400024
AMZN_Open,2017-08-21,957.570007
AMZN_Open,2017-08-22,955.52002
AMZN_Open,2017-08-23,959.380005
AMZN_Open,2017-08-24,957.419983
AMZN_Open,2017-08-25,956
AMZN_Open,2017-08-28,946.539978
AMZN_Open,2017-08-29,940
AMZN_Open,2017-08-30,958.440002
AMZN_Open,2017-08-31,974.700012
AMZN_Open,2017-09-01,984.200012
AMZN_Open,2017-09-05,975.400024
AMZN_Open,2017-09-06,968.320007
AMZN_Open,2017-09-07,974
AMZN_Open,2017-09-08,979.099976
AMZN_Open,2017-09-11,974.460022
AMZN_Open,2017-09-12,983.27002
AMZN_Open,2017-09-13,983.969971
AMZN_Open,2017-09-14,996.799988
AMZN_Open,2017-09-15,993.01001
AMZN_Open,2017-09-18,990.400024
AMZN_Open,2017-09-19,977.25
AMZN_Open,2017-09-20,971.789978
AMZN_Open,2017-09-21,971.309998
AMZN_Open,2017-09-22,961.01001
AMZN_Open,2017-09-25,949.309998
AMZN_Open,2017-09-26,945.48999
AMZN_Open,2017-09-27,948
AMZN_Open,2017-09-28,951.859985
AMZN_Open,2017-09-29,960.109985
AMZN_Open,2017-10-02,964
AMZN_Open,2017-10-03,958
AMZN_Open,2017-10-04,954.210022
AMZN_Open,2017-10-05,970
AMZN_Open,2017-10-06,975.640015
AMZN_Open,2017-10-09,993.23999
AMZN_Open,2017-10-10,996.669983
AMZN_Open,2017-10-11,991.27002
AMZN_Open,2017-10-12,996.809998
AMZN_Open,2017-10-13,1007
AMZN_Open,2017-10-16,1008.440002
AMZN_Open,2017-10-17,1005.590027
AMZN_Open,2017-10-18,1009.27002
AMZN_Open,2017-10-19,990
AMZN_Open,2017-10-20,993.530029
AMZN_Open,2017-10-23,986.72998
AMZN_Open,2017-10-24,969
AMZN_Open,2017-10-25,978
AMZN_Open,2017-10-26,980.330017
AMZN_Open,2017-10-27,1058.140015
AMZN_Open,2017-10-30,1095.01001
AMZN_Open,2017-10-31,1109
AMZN_Open,2017-11-01,1105.400024
AMZN_Open,2017-11-02,1097.810059
AMZN_Open,2017-11-03,1091.150024
AMZN_Open,2017-11-06,1109.150024
AMZN_Open,2017-11-07,1124.73999
AMZN_Open,2017-11-08,1122.819946
AMZN_Open,2017-11-09,1125.959961
AMZN_Open,2017-11-10,1126.099976
AMZN_Open,2017-11-13,1123
AMZN_Open,2017-11-14,1130.109985
AMZN_Open,2017-11-15,1127.01001
AMZN_Open,2017-11-16,1130.160034
AMZN_Open,2017-11-17,1138.280029
AMZN_Open,2017-11-20,1129.77002
AMZN_Open,2017-11-21,1132.859985
AMZN_Open,2017-11-22,1141
AMZN_Open,2017-11-24,1160.699951
AMZN_Open,2017-11-27,1202.660034
AMZN_Open,2017-11-28,1204.880005
AMZN_Open,2017-11-29,1194.800049
AMZN_Open,2017-11-30,1167.099976
AMZN_Open,2017-12-01,1172.050049
AMZN_Open,2017-12-04,1173.849976
AMZN_Open,2017-12-05,1128.26001
AMZN_Open,2017-12-06,1137.98999
AMZN_Open,2017-12-07,1156.589966
AMZN_Open,2017-12-08,1170.400024
AMZN_Open,2017-12-11,1164.599976
AMZN_Open,2017-12-12,1166.51001
AMZN_Open,2017-12-13,1170
AMZN_Open,2017-12-14,1163.709961
AMZN_Open,2017-12-15,1179.030029
AMZN_Open,2017-12-18,1187.369995
AMZN_Open,2017-12-19,1189.150024
AMZN_Open,2017-12-20,1190.5
AMZN_Open,2017-12-21,1175.900024
AMZN_Open,2017-12-22,1172.079956
AMZN_Open,2017-12-26,1168.359985
AMZN_Open,2017-12-27,1179.910034
AMZN_Open,2017-12-28,1189
AMZN_Open,2017-12-29,1182.349976
AMZN_Open,2018-01-02,1172
AMZN_Open,2018-01-03,1188.300049
AMZN_Open,2018-01-04,1205
AMZN_Open,2018-01-05,1217.51001
AMZN_Open,2018-01-08,1236
AMZN_Open,2018-01-09,1256.900024
AMZN_Open,2018-01-10,1245.150024
AMZN_Open,2018-01-11,1259.73999
AMZN_Open,2018-01-12,1273.390015
AMZN_Open,2018-01-16,1323
AMZN_Open,2018-01-17,1312.23999
AMZN_Open,2018-01-18,1293.949951
AMZN_Open,2018-01-19,1312
AMZN_Open,2018-01-22,1297.170044
AMZN_Open,2018-01-23,1338.089966
AMZN_Open,2018-01-24,1374.819946
AMZN_Open,2018-01-25,1368
AMZN_Open,2018-01-26,1392.01001
AMZN_Open,2018-01-29,1409.180054
AMZN_Open,2018-01-30,1403.170044
AMZN_Open,2018-01-31,1451.300049
AMZN_Open,2018-02-01,1445
AMZN_Open,2018-02-02,1477.390015
AMZN_Open,2018-02-05,1402.619995
AMZN_Open,2018-02-06,1361.459961
AMZN_Open,2018-02-07,1449
AMZN_Open,2018-02-08,1429.680054
AMZN_Open,2018-02-09,1373.48999
AMZN_Open,2018-02-12,1364.670044
AMZN_Open,2018-02-13,1385.930054
AMZN_Open,2018-02-14,1406.25
AMZN_Open,2018-02-15,1466.890015
AMZN_Open,2018-02-16,1457.369995
AMZN_Open,2018-02-20,1446.48999
AMZN_Open,2018-02-21,1485
AMZN_Open,2018-02-22,1495.359985
AMZN_Open,2018-02-23,1495.339966
AMZN_Open,2018-02-26,1509.199951
AMZN_Open,2018-02-27,1524.5
AMZN_Open,2018-02-28,1519.51001
AMZN_Open,2018-03-01,1513.599976
AMZN_Open,2018-03-02,1469.099976
AMZN_Open,2018-03-05,1494.23999
AMZN_Open,2018-03-06,1533.199951
AMZN_Open,2018-03-07,1526.52002
AMZN_Open,2018-03-08,1550
AMZN_Open,2018-03-09,1563.5
AMZN_Open,2018-03-12,1592.599976
AMZN_Open,2018-03-13,1615.959961
AMZN_Open,2018-03-14,1597
AMZN_Open,2018-03-15,1595
AMZN_Open,2018-03-16,1583.449951
AMZN_Open,2018-03-19,1554.530029
AMZN_Open,2018-03-20,1550.339966
AMZN_Open,2018-03-21,1586.449951
AMZN_Open,2018-03-22,1565.469971
AMZN_Open,2018-03-23,1539.01001
AMZN_Open,2018-03-26,1530
AMZN_Open,2018-03-27,1572.400024
AMZN_Open,2018-03-28,1447
AMZN_Open,2018-03-29,1406
AMZN_Open,2018-04-02,1417.619995
AMZN_Open,2018-04-03,1391.380005
AMZN_Open,2018-04-04,1358.23999
AMZN_Open,2018-04-05,1441.98999
AMZN_Open,2018-04-06,1429.969971
AMZN_Open,2018-04-09,1425.030029
AMZN_Open,2018-04-10,1431.98999
AMZN_Open,2018-04-11,1439.439941
AMZN_Open,2018-04-12,1439.5
AMZN_Open,2018-04-13,1449.140015
AMZN_Open,2018-04-16,1445
AMZN_Open,2018-04-17,1462.300049
AMZN_Open,2018-04-18,1514.650024
AMZN_Open,2018-04-19,1543.219971
AMZN_Open,2018-04-20,1561.199951
AMZN_Open,2018-04-23,1546.689941
AMZN_Open,2018-04-24,1535.800049
AMZN_Open,2018-04-25,1458
AMZN_Open,2018-04-26,1485.01001
AMZN_Open,2018-04-27,1634.01001
AMZN_Open,2018-04-30,1582.5
AMZN_Open,2018-05-01,1563.219971
AMZN_Open,2018-05-02,1580.97998
AMZN_Open,2018-05-03,1560.01001
AMZN_Open,2018-05-04,1562.449951
AMZN_Open,2018-05-07,1589.339966
AMZN_Open,2018-05-08,1595
AMZN_Open,2018-05-09,1600
AMZN_Open,2018-05-10,1608.47998
AMZN_Open,2018-05-11,1610.98999
AMZN_Open,2018-05-14,1604
AMZN_Open,2018-05-15,1587.800049
AMZN_Open,2018-05-16,1577.5
AMZN_Open,2018-05-17,1580.560059
AMZN_Open,2018-05-18,1581.329956
AMZN_Open,2018-05-21,1585
AMZN_Open,2018-05-22,1589.890015
AMZN_Open,2018-05-23,1571.050049
AMZN_Open,2018-05-24,1598.030029
AMZN_Open,2018-05-25,1603
AMZN_Open,2018-05-29,1600.709961
AMZN_Open,2018-05-30,1618.099976
AMZN_Open,2018-05-31,1623
AMZN_Open,2018-06-01,1637.030029
AMZN_Open,2018-06-04,1648.900024
AMZN_Open,2018-06-05,1672.98999
AMZN_Open,2018-06-06,1704.51001
AMZN_Open,2018-06-07,1698.560059
AMZN_Open,2018-06-08,1681.119995
AMZN_Open,2018-06-11,1681.51001
AMZN_Open,2018-06-12,1693
AMZN_Open,2018-06-13,1702.810059
AMZN_Open,2018-06-14,1713.47998
AMZN_Open,2018-06-15,1714
AMZN_Open,2018-06-18,1706.26001
AMZN_Open,2018-06-19,1709.040039
AMZN_Open,2018-06-20,1742.5
AMZN_Open,2018-06-21,1760
AMZN_Open,2018-06-22,1742.619995
AMZN_Open,2018-06-25,1702.51001
AMZN_Open,2018-06-26,1672.369995
AMZN_Open,2018-06-27,1708.109985
AMZN_Open,2018-06-28,1672.540039
AMZN_Open,2018-06-29,1717
AMZN_Open,2018-07-02,1682.699951
AMZN_Open,2018-07-03,1723.959961
AMZN_Open,2018-07-05,1705.380005
AMZN_Open,2018-07-06,1696
AMZN_Open,2018-07-09,1724.050049
AMZN_Open,2018-07-10,1738.530029
AMZN_Open,2018-07-11,1737.98999
AMZN_Open,2018-07-12,1764.51001
AMZN_Open,2018-07-13,1803.930054
AMZN_Open,2018-07-16,1821.949951
AMZN_Open,2018-07-17,1811.560059
AMZN_Open,2018-07-18,1848
AMZN_Open,2018-07-19,1829.459961
AMZN_Open,2018-07-20,1825.01001
AMZN_Open,2018-07-23,1812.209961
AMZN_Open,2018-07-24,1829.01001
AMZN_Open,2018-07-25,1829.300049
AMZN_Open,2018-07-26,1839
AMZN_Open,2018-07-27,1876.050049
AMZN_Open,2018-07-30,1827.329956
AMZN_Open,2018-07-31,1786.48999
AMZN_Open,2018-08-01,1784
AMZN_Open,2018-08-02,1788.77002
AMZN_Open,2018-08-03,1837.73999
AMZN_Open,2018-08-06,1825.810059
AMZN_Open,2018-08-07,1854.530029
AMZN_Open,2018-08-08,1861
AMZN_Open,2018-08-09,1882
AMZN_Open,2018-08-10,1888.51001
AMZN_Open,2018-08-13,1898.5
AMZN_Open,2018-08-14,1919.390015
AMZN_Open,2018-08-15,1909.550049
AMZN_Open,2018-08-16,1903.939941
AMZN_Open,2018-08-17,1885.800049
AMZN_Open,2018-08-20,1890.569946
AMZN_Open,2018-08-21,1880
AMZN_Open,2018-08-22,1876.640015
AMZN_Open,2018-08-23,1907.170044
AMZN_Open,2018-08-24,1910.51001
AMZN_Open,2018-08-27,1915
AMZN_Open,2018-08-28,1937.72998
AMZN_Open,2018-08-29,1953.449951
AMZN_Open,2018-08-30,1997.420044
AMZN_Open,2018-08-31,2007
AMZN_Open,2018-09-04,2026.5
AMZN_Open,2018-09-05,2038.109985
AMZN_Open,2018-09-06,2006.51001
AMZN_Open,2018-09-07,1938.709961
AMZN_Open,2018-09-10,1971
AMZN_Open,2018-09-11,1928.27002
AMZN_Open,2018-09-12,1994
AMZN_Open,2018-09-13,2000
AMZN_Open,2018-09-14,1992.930054
AMZN_Open,2018-09-17,1954.72998
AMZN_Open,2018-09-18,1918.650024
AMZN_Open,2018-09-19,1940.5
AMZN_Open,2018-09-20,1938.579956
AMZN_Open,2018-09-21,1954.219971
AMZN_Open,2018-09-24,1903.790039
AMZN_Open,2018-09-25,1942.900024
AMZN_Open,2018-09-26,1968.5
AMZN_Open,2018-09-27,1993.23999
AMZN_Open,2018-09-28,2004.410034
AMZN_Open,2018-10-01,2021.98999
AMZN_Open,2018-10-02,1999.98999
AMZN_Open,2018-10-03,1981.699951
AMZN_Open,2018-10-04,1949
AMZN_Open,2018-10-05,1917.98999
AMZN_Open,2018-10-08,1874
AMZN_Open,2018-10-09,1859.98999
AMZN_Open,2018-10-10,1857.890015
AMZN_Open,2018-10-11,1724
AMZN_Open,2018-10-12,1808
AMZN_Open,2018-10-15,1795
AMZN_Open,2018-10-16,1783.5
AMZN_Open,2018-10-17,1842.790039
AMZN_Open,2018-10-18,1821.48999
AMZN_Open,2018-10-19,1785.160034
AMZN_Open,2018-10-22,1784
AMZN_Open,2018-10-23,1742.23999
AMZN_Open,2018-10-24,1773.699951
AMZN_Open,2018-10-25,1703.339966
AMZN_Open,2018-10-26,1649.589966
AMZN_Open,2018-10-29,1660
AMZN_Open,2018-10-30,1486.160034
AMZN_Open,2018-10-31,1569.98999
AMZN_Open,2018-11-01,1623.530029
AMZN_Open,2018-11-02,1678.589966
AMZN_Open,2018-11-05,1657.569946
AMZN_Open,2018-11-06,1618.349976
AMZN_Open,2018-11-07,1673
AMZN_Open,2018-11-08,1755
AMZN_Open,2018-11-09,1732.5
AMZN_Open,2018-11-12,1698.23999
AMZN_Open,2018-11-13,1649.290039
AMZN_Open,2018-11-14,1656.319946
AMZN_Open,2018-11-15,1581.01001
AMZN_Open,2018-11-16,1587.5
AMZN_Open,2018-11-19,1577.01001
AMZN_Open,2018-11-20,1437.5
AMZN_Open,2018-11-21,1542.98999
AMZN_Open,2018-11-23,1517
AMZN_Open,2018-11-26,1539
AMZN_Open,2018-11-27,1575.98999
AMZN_Open,2018-11-28,1613.920044
AMZN_Open,2018-11-29,1674.98999
AMZN_Open,2018-11-30,1679.5
AMZN_Open,2018-12-03,1769.459961
AMZN_Open,2018-12-04,1756
AMZN_Open,2018-12-06,1614.869995
AMZN_Open,2018-12-07,1705.069946
AMZN_Open,2018-12-10,1623.839966
AMZN_Open,2018-12-11,1678
AMZN_Open,2018-12-12,1669
AMZN_Open,2018-12-13,1680
AMZN_Open,2018-12-14,1638
AMZN_Open,2018-12-17,1566
AMZN_Open,2018-12-18,1540
AMZN_Open,2018-12-19,1543.050049
AMZN_Open,2018-12-20,1484
AMZN_Open,2018-12-21,1464.98999
AMZN_Open,2018-12-24,1346
AMZN_Open,2018-12-26,1368.890015
AMZN_Open,2018-12-27,1454.199951
AMZN_Open,2018-12-28,1473.349976
AMZN_Open,2018-12-31,1510.800049
FB_Open,2014-01-02,54.830002
FB_Open,2014-01-03,55.02
FB_Open,2014-01-06,54.419998
FB_Open,2014-01-07,57.700001
FB_Open,2014-01-08,57.599998
FB_Open,2014-01-09,58.650002
FB_Open,2014-01-10,57.130001
FB_Open,2014-01-13,57.91
FB_Open,2014-01-14,56.459999
FB_Open,2014-01-15,57.98
FB_Open,2014-01-16,57.259998
FB_Open,2014-01-17,57.299999
FB_Open,2014-01-21,56.599998
FB_Open,2014-01-22,58.849998
FB_Open,2014-01-23,56.369999
FB_Open,2014-01-24,56.150002
FB_Open,2014-01-27,54.73
FB_Open,2014-01-28,54.02
FB_Open,2014-01-29,54.610001
FB_Open,2014-01-30,62.119999
FB_Open,2014-01-31,60.470001
FB_Open,2014-02-03,63.029999
FB_Open,2014-02-04,62.049999
FB_Open,2014-02-05,62.740002
FB_Open,2014-02-06,61.459999
FB_Open,2014-02-07,62.27
FB_Open,2014-02-10,64.300003
FB_Open,2014-02-11,63.75
FB_Open,2014-02-12,64.919998
FB_Open,2014-02-13,64.18
FB_Open,2014-02-14,67.5
FB_Open,2014-02-18,66.940002
FB_Open,2014-02-19,67.050003
FB_Open,2014-02-20,67.730003
FB_Open,2014-02-21,69.690002
FB_Open,2014-02-24,68.739998
FB_Open,2014-02-25,70.949997
FB_Open,2014-02-26,70.190002
FB_Open,2014-02-27,69.339996
FB_Open,2014-02-28,69.470001
FB_Open,2014-03-03,66.959999
FB_Open,2014-03-04,68.660004
FB_Open,2014-03-05,69.690002
FB_Open,2014-03-06,71.879997
FB_Open,2014-03-07,71.080002
FB_Open,2014-03-10,70.769997
FB_Open,2014-03-11,72.5
FB_Open,2014-03-12,69.860001
FB_Open,2014-03-13,71.290001
FB_Open,2014-03-14,68.489998
FB_Open,2014-03-17,68.18
FB_Open,2014-03-18,68.760002
FB_Open,2014-03-19,69.169998
FB_Open,2014-03-20,68.010002
FB_Open,2014-03-21,67.529999
FB_Open,2014-03-24,67.190002
FB_Open,2014-03-25,64.889999
FB_Open,2014-03-26,64.739998
FB_Open,2014-03-27,60.509998
FB_Open,2014-03-28,61.34
FB_Open,2014-03-31,60.779999
FB_Open,2014-04-01,60.459999
FB_Open,2014-04-02,63.209999
FB_Open,2014-04-03,62.549999
FB_Open,2014-04-04,59.939999
FB_Open,2014-04-07,55.900002
FB_Open,2014-04-08,57.68
FB_Open,2014-04-09,59.630001
FB_Open,2014-04-10,63.080002
FB_Open,2014-04-11,57.599998
FB_Open,2014-04-14,60.09
FB_Open,2014-04-15,59.290001
FB_Open,2014-04-16,59.790001
FB_Open,2014-04-17,59.299999
FB_Open,2014-04-21,59.459999
FB_Open,2014-04-22,62.650002
FB_Open,2014-04-23,63.450001
FB_Open,2014-04-24,63.599998
FB_Open,2014-04-25,59.970001
FB_Open,2014-04-28,58.049999
FB_Open,2014-04-29,56.09
FB_Open,2014-04-30,57.580002
FB_Open,2014-05-01,60.43
FB_Open,2014-05-02,61.299999
FB_Open,2014-05-05,59.669998
FB_Open,2014-05-06,60.98
FB_Open,2014-05-07,58.77
FB_Open,2014-05-08,57.23
FB_Open,2014-05-09,56.849998
FB_Open,2014-05-12,57.98
FB_Open,2014-05-13,59.66
FB_Open,2014-05-14,59.529999
FB_Open,2014-05-15,59.259998
FB_Open,2014-05-16,58.310001
FB_Open,2014-05-19,57.889999
FB_Open,2014-05-20,59.5
FB_Open,2014-05-21,58.560001
FB_Open,2014-05-22,60.939999
FB_Open,2014-05-23,60.41
FB_Open,2014-05-27,61.619999
FB_Open,2014-05-28,63.389999
FB_Open,2014-05-29,63.84
FB_Open,2014-05-30,63.950001
FB_Open,2014-06-02,63.23
FB_Open,2014-06-03,62.619999
FB_Open,2014-06-04,62.450001
FB_Open,2014-06-05,63.66
FB_Open,2014-06-06,63.369999
FB_Open,2014-06-09,62.400002
FB_Open,2014-06-10,63.529999
FB_Open,2014-06-11,65.32
FB_Open,2014-06-12,65.849998
FB_Open,2014-06-13,64.699997
FB_Open,2014-06-16,64.160004
FB_Open,2014-06-17,64.099998
FB_Open,2014-06-18,64.489998
FB_Open,2014-06-19,65.459999
FB_Open,2014-06-20,64.459999
FB_Open,2014-06-23,64.32
FB_Open,2014-06-24,65.360001
FB_Open,2014-06-25,65.580002
FB_Open,2014-06-26,68
FB_Open,2014-06-27,67.309998
FB_Open,2014-06-30,67.459999
FB_Open,2014-07-01,67.580002
FB_Open,2014-07-02,68.040001
FB_Open,2014-07-03,66.860001
FB_Open,2014-07-07,66.300003
FB_Open,2014-07-08,65.059998
FB_Open,2014-07-09,63.41
FB_Open,2014-07-10,63.310001
FB_Open,2014-07-11,65.279999
FB_Open,2014-07-14,67.129997
FB_Open,2014-07-15,67.959999
FB_Open,2014-07-16,67.540001
FB_Open,2014-07-17,67.029999
FB_Open,2014-07-18,66.800003
FB_Open,2014-07-21,68.809998
FB_Open,2014-07-22,69.760002
FB_Open,2014-07-23,69.739998
FB_Open,2014-07-24,75.959999
FB_Open,2014-07-25,74.989998
FB_Open,2014-07-28,75.169998
FB_Open,2014-07-29,74.720001
FB_Open,2014-07-30,74.209999
FB_Open,2014-07-31,74
FB_Open,2014-08-01,72.220001
FB_Open,2014-08-04,72.360001
FB_Open,2014-08-05,73.199997
FB_Open,2014-08-06,72.019997
FB_Open,2014-08-07,73
FB_Open,2014-08-08,73.400002
FB_Open,2014-08-11,73.459999
FB_Open,2014-08-12,73.089996
FB_Open,2014-08-13,73.120003
FB_Open,2014-08-14,73.970001
FB_Open,2014-08-15,74.32
FB_Open,2014-08-18,74
FB_Open,2014-08-19,74.809998
FB_Open,2014-08-20,74.970001
FB_Open,2014-08-21,74.919998
FB_Open,2014-08-22,74.339996
FB_Open,2014-08-25,74.940002
FB_Open,2014-08-26,75
FB_Open,2014-08-27,75.269997
FB_Open,2014-08-28,74
FB_Open,2014-08-29,74.300003
FB_Open,2014-09-02,75.010002
FB_Open,2014-09-03,77.139999
FB_Open,2014-09-04,75.889999
FB_Open,2014-09-05,76.099998
FB_Open,2014-09-08,77.260002
FB_Open,2014-09-09,77.589996
FB_Open,2014-09-10,76.519997
FB_Open,2014-09-11,77.129997
FB_Open,2014-09-12,78.019997
FB_Open,2014-09-15,77.150002
FB_Open,2014-09-16,73.519997
FB_Open,2014-09-17,75.959999
FB_Open,2014-09-18,76.769997
FB_Open,2014-09-19,77.400002
FB_Open,2014-09-22,77
FB_Open,2014-09-23,76.330002
FB_Open,2014-09-24,78.099998
FB_Open,2014-09-25,78.599998
FB_Open,2014-09-26,77.589996
FB_Open,2014-09-29,78.120003
FB_Open,2014-09-30,79.349998
FB_Open,2014-10-01,78.779999
FB_Open,2014-10-02,76.57
FB_Open,2014-10-03,77.760002
FB_Open,2014-10-06,77.190002
FB_Open,2014-10-07,77.050003
FB_Open,2014-10-08,76.18
FB_Open,2014-10-09,77.279999
FB_Open,2014-10-10,75.589996
FB_Open,2014-10-13,73.230003
FB_Open,2014-10-14,74
FB_Open,2014-10-15,71.690002
FB_Open,2014-10-16,70.790001
FB_Open,2014-10-17,74.230003
FB_Open,2014-10-20,75.599998
FB_Open,2014-10-21,77.559998
FB_Open,2014-10-22,78.82
FB_Open,2014-10-23,79.379997
FB_Open,2014-10-24,80.199997
FB_Open,2014-10-27,80.739998
FB_Open,2014-10-28,80.18
FB_Open,2014-10-29,75.449997
FB_Open,2014-10-30,75.050003
FB_Open,2014-10-31,74.93
FB_Open,2014-11-03,75.470001
FB_Open,2014-11-04,74.230003
FB_Open,2014-11-05,76.510002
FB_Open,2014-11-06,74.889999
FB_Open,2014-11-07,75.389999
FB_Open,2014-11-10,75.360001
FB_Open,2014-11-11,74.949997
FB_Open,2014-11-12,74.279999
FB_Open,2014-11-13,74.739998
FB_Open,2014-11-14,74.269997
FB_Open,2014-11-17,74.879997
FB_Open,2014-11-18,74.449997
FB_Open,2014-11-19,74.010002
FB_Open,2014-11-20,72.800003
FB_Open,2014-11-21,74.5
FB_Open,2014-11-24,73.540001
FB_Open,2014-11-25,74.209999
FB_Open,2014-11-26,75.529999
FB_Open,2014-11-28,77.669998
FB_Open,2014-12-01,77.260002
FB_Open,2014-12-02,75.330002
FB_Open,2014-12-03,75.379997
FB_Open,2014-12-04,74.830002
FB_Open,2014-12-05,75.800003
FB_Open,2014-12-08,76.18
FB_Open,2014-12-09,75.199997
FB_Open,2014-12-10,76.650002
FB_Open,2014-12-11,76.519997
FB_Open,2014-12-12,77.160004
FB_Open,2014-12-15,78.459999
FB_Open,2014-12-16,76.190002
FB_Open,2014-12-17,75.010002
FB_Open,2014-12-18,76.889999
FB_Open,2014-12-19,78.75
FB_Open,2014-12-22,80.080002
FB_Open,2014-12-23,82.019997
FB_Open,2014-12-24,81.029999
FB_Open,2014-12-26,81.019997
FB_Open,2014-12-29,80.489998
FB_Open,2014-12-30,79.849998
FB_Open,2014-12-31,79.540001
FB_Open,2015-01-02,78.580002
FB_Open,2015-01-05,77.980003
FB_Open,2015-01-06,77.230003
FB_Open,2015-01-07,76.760002
FB_Open,2015-01-08,76.739998
FB_Open,2015-01-09,78.199997
FB_Open,2015-01-12,77.839996
FB_Open,2015-01-13,77.230003
FB_Open,2015-01-14,76.419998
FB_Open,2015-01-15,76.400002
FB_Open,2015-01-16,74.040001
FB_Open,2015-01-20,75.720001
FB_Open,2015-01-21,76.160004
FB_Open,2015-01-22,77.169998
FB_Open,2015-01-23,77.650002
FB_Open,2015-01-26,77.980003
FB_Open,2015-01-27,76.709999
FB_Open,2015-01-28,76.900002
FB_Open,2015-01-29,76.849998
FB_Open,2015-01-30,78
FB_Open,2015-02-02,76.110001
FB_Open,2015-02-03,75.190002
FB_Open,2015-02-04,75.089996
FB_Open,2015-02-05,75.709999
FB_Open,2015-02-06,75.68
FB_Open,2015-02-09,74.050003
FB_Open,2015-02-10,74.849998
FB_Open,2015-02-11,75.089996
FB_Open,2015-02-12,76.860001
FB_Open,2015-02-13,76.459999
FB_Open,2015-02-17,75.300003
FB_Open,2015-02-18,75.940002
FB_Open,2015-02-19,76.989998
FB_Open,2015-02-20,79.550003
FB_Open,2015-02-23,79.959999
FB_Open,2015-02-24,78.5
FB_Open,2015-02-25,78.5
FB_Open,2015-02-26,79.879997
FB_Open,2015-02-27,80.68
FB_Open,2015-03-02,79
FB_Open,2015-03-03,79.610001
FB_Open,2015-03-04,79.300003
FB_Open,2015-03-05,81.230003
FB_Open,2015-03-06,80.900002
FB_Open,2015-03-09,79.68
FB_Open,2015-03-10,78.5
FB_Open,2015-03-11,77.800003
FB_Open,2015-03-12,78.099998
FB_Open,2015-03-13,78.599998
FB_Open,2015-03-16,77.959999
FB_Open,2015-03-17,78.360001
FB_Open,2015-03-18,79.25
FB_Open,2015-03-19,81.120003
FB_Open,2015-03-20,83.389999
FB_Open,2015-03-23,83.919998
FB_Open,2015-03-24,84.709999
FB_Open,2015-03-25,85.5
FB_Open,2015-03-26,82.720001
FB_Open,2015-03-27,83.379997
FB_Open,2015-03-30,83.809998
FB_Open,2015-03-31,82.900002
FB_Open,2015-04-01,82.5
FB_Open,2015-04-02,82.25
FB_Open,2015-04-06,80.800003
FB_Open,2015-04-07,82.650002
FB_Open,2015-04-08,82.629997
FB_Open,2015-04-09,82.5
FB_Open,2015-04-10,82.209999
FB_Open,2015-04-13,81.93
FB_Open,2015-04-14,83.169998
FB_Open,2015-04-15,83.550003
FB_Open,2015-04-16,82.470001
FB_Open,2015-04-17,81.480003
FB_Open,2015-04-20,81.540001
FB_Open,2015-04-21,84
FB_Open,2015-04-22,84.32
FB_Open,2015-04-23,84.099998
FB_Open,2015-04-24,82.769997
FB_Open,2015-04-27,81.870003
FB_Open,2015-04-28,81.830002
FB_Open,2015-04-29,80.010002
FB_Open,2015-04-30,80.010002
FB_Open,2015-05-01,79.239998
FB_Open,2015-05-04,79.330002
FB_Open,2015-05-05,78.550003
FB_Open,2015-05-06,77.970001
FB_Open,2015-05-07,78
FB_Open,2015-05-08,79.099998
FB_Open,2015-05-11,78.480003
FB_Open,2015-05-12,77.870003
FB_Open,2015-05-13,77.720001
FB_Open,2015-05-14,78.940002
FB_Open,2015-05-15,81.410004
FB_Open,2015-05-18,80.330002
FB_Open,2015-05-19,81.25
FB_Open,2015-05-20,80.470001
FB_Open,2015-05-21,80.190002
FB_Open,2015-05-22,80.349998
FB_Open,2015-05-26,80.43
FB_Open,2015-05-27,79.599998
FB_Open,2015-05-28,80.25
FB_Open,2015-05-29,79.949997
FB_Open,2015-06-01,79.300003
FB_Open,2015-06-02,79.760002
FB_Open,2015-06-03,81.349998
FB_Open,2015-06-04,82.139999
FB_Open,2015-06-05,81.870003
FB_Open,2015-06-08,81.82
FB_Open,2015-06-09,80.599998
FB_Open,2015-06-10,80.830002
FB_Open,2015-06-11,82.309998
FB_Open,2015-06-12,81.370003
FB_Open,2015-06-15,80.550003
FB_Open,2015-06-16,80.82
FB_Open,2015-06-17,81.760002
FB_Open,2015-06-18,81.639999
FB_Open,2015-06-19,82.830002
FB_Open,2015-06-22,83.410004
FB_Open,2015-06-23,84.959999
FB_Open,2015-06-24,87.660004
FB_Open,2015-06-25,89.260002
FB_Open,2015-06-26,88.120003
FB_Open,2015-06-29,86.610001
FB_Open,2015-06-30,86.599998
FB_Open,2015-07-01,86.769997
FB_Open,2015-07-02,87.400002
FB_Open,2015-07-06,86.489998
FB_Open,2015-07-07,87.800003
FB_Open,2015-07-08,86.290001
FB_Open,2015-07-09,86.730003
FB_Open,2015-07-10,87.349998
FB_Open,2015-07-13,88.660004
FB_Open,2015-07-14,90.459999
FB_Open,2015-07-15,90
FB_Open,2015-07-16,90.279999
FB_Open,2015-07-17,92.550003
FB_Open,2015-07-20,95.849998
FB_Open,2015-07-21,98.949997
FB_Open,2015-07-22,96.739998
FB_Open,2015-07-23,96.959999
FB_Open,2015-07-24,97.349998
FB_Open,2015-07-27,96.580002
FB_Open,2015-07-28,94.839996
FB_Open,2015-07-29,96.32
FB_Open,2015-07-30,94.910004
FB_Open,2015-07-31,94.949997
FB_Open,2015-08-03,93.529999
FB_Open,2015-08-04,93.790001
FB_Open,2015-08-05,95.25
FB_Open,2015-08-06,97.18
FB_Open,2015-08-07,95.379997
FB_Open,2015-08-10,95.68
FB_Open,2015-08-11,93.730003
FB_Open,2015-08-12,92.699997
FB_Open,2015-08-13,94.050003
FB_Open,2015-08-14,93.540001
FB_Open,2015-08-17,94.419998
FB_Open,2015-08-18,94.080002
FB_Open,2015-08-19,94.629997
FB_Open,2015-08-20,93.540001
FB_Open,2015-08-21,87.519997
FB_Open,2015-08-24,77.029999
FB_Open,2015-08-25,86.949997
FB_Open,2015-08-26,85.949997
FB_Open,2015-08-27,89.099998
FB_Open,2015-08-28,89.879997
FB_Open,2015-08-31,90.599998
FB_Open,2015-09-01,86.849998
FB_Open,2015-09-02,88.809998
FB_Open,2015-09-03,89.760002
FB_Open,2015-09-04,87.199997
FB_Open,2015-09-08,89.690002
FB_Open,2015-09-09,90.779999
FB_Open,2015-09-10,90.07
FB_Open,2015-09-11,91.68
FB_Open,2015-09-14,92.309998
FB_Open,2015-09-15,92.370003
FB_Open,2015-09-16,92.900002
FB_Open,2015-09-17,93.370003
FB_Open,2015-09-18,93.199997
FB_Open,2015-09-21,94.620003
FB_Open,2015-09-22,93.769997
FB_Open,2015-09-23,93.400002
FB_Open,2015-09-24,93.059998
FB_Open,2015-09-25,95.790001
FB_Open,2015-09-28,92.080002
FB_Open,2015-09-29,89.099998
FB_Open,2015-09-30,88.440002
FB_Open,2015-10-01,90.050003
FB_Open,2015-10-02,88.900002
FB_Open,2015-10-05,92.940002
FB_Open,2015-10-06,94.080002
FB_Open,2015-10-07,93.110001
FB_Open,2015-10-08,91.889999
FB_Open,2015-10-09,92.900002
FB_Open,2015-10-12,93.32
FB_Open,2015-10-13,93.660004
FB_Open,2015-10-14,94.080002
FB_Open,2015-10-15,94.989998
FB_Open,2015-10-16,96.18
FB_Open,2015-10-19,97.18
FB_Open,2015-10-20,98.730003
FB_Open,2015-10-21,97.370003
FB_Open,2015-10-22,97.790001
FB_Open,2015-10-23,101.910004
FB_Open,2015-10-26,102.199997
FB_Open,2015-10-27,102.940002
FB_Open,2015-10-28,103.900002
FB_Open,2015-10-29,103.959999
FB_Open,2015-10-30,104.510002
FB_Open,2015-11-02,101.720001
FB_Open,2015-11-03,103.220001
FB_Open,2015-11-04,103.190002
FB_Open,2015-11-05,108.800003
FB_Open,2015-11-06,108.040001
FB_Open,2015-11-09,107
FB_Open,2015-11-10,105.959999
FB_Open,2015-11-11,108.269997
FB_Open,2015-11-12,108.480003
FB_Open,2015-11-13,107.709999
FB_Open,2015-11-16,103.32
FB_Open,2015-11-17,104.620003
FB_Open,2015-11-18,105.800003
FB_Open,2015-11-19,107.360001
FB_Open,2015-11-20,106.839996
FB_Open,2015-11-23,107.190002
FB_Open,2015-11-24,106
FB_Open,2015-11-25,106.330002
FB_Open,2015-11-27,105.779999
FB_Open,2015-11-30,105.839996
FB_Open,2015-12-01,104.830002
FB_Open,2015-12-02,107
FB_Open,2015-12-03,106.269997
FB_Open,2015-12-04,104.809998
FB_Open,2015-12-07,106.480003
FB_Open,2015-12-08,104
FB_Open,2015-12-09,106.18
FB_Open,2015-12-10,105.050003
FB_Open,2015-12-11,104.150002
FB_Open,2015-12-14,102.290001
FB_Open,2015-12-15,105.300003
FB_Open,2015-12-16,105.370003
FB_Open,2015-12-17,107.489998
FB_Open,2015-12-18,106.080002
FB_Open,2015-12-21,104.910004
FB_Open,2015-12-22,105.220001
FB_Open,2015-12-23,105.889999
FB_Open,2015-12-24,104.739998
FB_Open,2015-12-28,105.019997
FB_Open,2015-12-29,106.419998
FB_Open,2015-12-30,107
FB_Open,2015-12-31,106
FB_Open,2016-01-04,101.949997
FB_Open,2016-01-05,102.889999
FB_Open,2016-01-06,101.129997
FB_Open,2016-01-07,100.5
FB_Open,2016-01-08,99.879997
FB_Open,2016-01-11,97.910004
FB_Open,2016-01-12,99
FB_Open,2016-01-13,100.580002
FB_Open,2016-01-14,95.849998
FB_Open,2016-01-15,93.980003
FB_Open,2016-01-19,96.529999
FB_Open,2016-01-20,92.830002
FB_Open,2016-01-21,94.910004
FB_Open,2016-01-22,96.410004
FB_Open,2016-01-25,98.720001
FB_Open,2016-01-26,97.760002
FB_Open,2016-01-27,97.790001
FB_Open,2016-01-28,107.199997
FB_Open,2016-01-29,108.989998
FB_Open,2016-02-01,112.269997
FB_Open,2016-02-02,114.800003
FB_Open,2016-02-03,115.269997
FB_Open,2016-02-04,111.800003
FB_Open,2016-02-05,109.510002
FB_Open,2016-02-08,100.410004
FB_Open,2016-02-09,97.139999
FB_Open,2016-02-10,101.550003
FB_Open,2016-02-11,99.599998
FB_Open,2016-02-12,103.739998
FB_Open,2016-02-16,103.800003
FB_Open,2016-02-17,102.019997
FB_Open,2016-02-18,105.800003
FB_Open,2016-02-19,102.550003
FB_Open,2016-02-22,105.489998
FB_Open,2016-02-23,106.849998
FB_Open,2016-02-24,104.209999
FB_Open,2016-02-25,107.110001
FB_Open,2016-02-26,108.699997
FB_Open,2016-02-29,107.599998
FB_Open,2016-03-01,107.830002
FB_Open,2016-03-02,109.68
FB_Open,2016-03-03,110.25
FB_Open,2016-03-04,110.050003
FB_Open,2016-03-07,108.07
FB_Open,2016-03-08,104.779999
FB_Open,2016-03-09,106.699997
FB_Open,2016-03-10,107.910004
FB_Open,2016-03-11,108.480003
FB_Open,2016-03-14,109.279999
FB_Open,2016-03-15,109.110001
FB_Open,2016-03-16,110.489998
FB_Open,2016-03-17,112.150002
FB_Open,2016-03-18,111.559998
FB_Open,2016-03-21,111.660004
FB_Open,2016-03-22,111.360001
FB_Open,2016-03-23,112.010002
FB_Open,2016-03-24,112.129997
FB_Open,2016-03-28,113.32
FB_Open,2016-03-29,113.830002
FB_Open,2016-03-30,116.730003
FB_Open,2016-03-31,114.699997
FB_Open,2016-04-01,113.75
FB_Open,2016-04-04,114.07
FB_Open,2016-04-05,112.110001
FB_Open,2016-04-06,112.470001
FB_Open,2016-04-07,113.790001
FB_Open,2016-04-08,114.25
FB_Open,2016-04-11,110.699997
FB_Open,2016-04-12,109.339996
FB_Open,2016-04-13,112.230003
FB_Open,2016-04-14,110.620003
FB_Open,2016-04-15,110.790001
FB_Open,2016-04-18,109.739998
FB_Open,2016-04-19,111.099998
FB_Open,2016-04-20,112.43
FB_Open,2016-04-21,112.550003
FB_Open,2016-04-22,111.209999
FB_Open,2016-04-25,109.870003
FB_Open,2016-04-26,110.489998
FB_Open,2016-04-27,107.940002
FB_Open,2016-04-28,119.580002
FB_Open,2016-04-29,116.82
FB_Open,2016-05-02,117.830002
FB_Open,2016-05-03,117.519997
FB_Open,2016-05-04,116.610001
FB_Open,2016-05-05,118.040001
FB_Open,2016-05-06,117.160004
FB_Open,2016-05-09,119.540001
FB_Open,2016-05-10,119.620003
FB_Open,2016-05-11,120.410004
FB_Open,2016-05-12,119.980003
FB_Open,2016-05-13,120.379997
FB_Open,2016-05-16,119.379997
FB_Open,2016-05-17,118.82
FB_Open,2016-05-18,116.800003
FB_Open,2016-05-19,117.050003
FB_Open,2016-05-20,116.959999
FB_Open,2016-05-23,117.419998
FB_Open,2016-05-24,116.239998
FB_Open,2016-05-25,118.129997
FB_Open,2016-05-26,118.239998
FB_Open,2016-05-27,119.559998
FB_Open,2016-05-31,119.459999
FB_Open,2016-06-01,118.5
FB_Open,2016-06-02,118.690002
FB_Open,2016-06-03,118.980003
FB_Open,2016-06-06,118.620003
FB_Open,2016-06-07,119.239998
FB_Open,2016-06-08,117.760002
FB_Open,2016-06-09,118.129997
FB_Open,2016-06-10,117.540001
FB_Open,2016-06-13,115
FB_Open,2016-06-14,114.07
FB_Open,2016-06-15,115.300003
FB_Open,2016-06-16,113.870003
FB_Open,2016-06-17,114.419998
FB_Open,2016-06-20,113.769997
FB_Open,2016-06-21,114.120003
FB_Open,2016-06-22,114.650002
FB_Open,2016-06-23,114.370003
FB_Open,2016-06-24,111.010002
FB_Open,2016-06-27,111.57
FB_Open,2016-06-28,110.629997
FB_Open,2016-06-29,113.370003
FB_Open,2016-06-30,114.669998
FB_Open,2016-07-01,114.199997
FB_Open,2016-07-05,113.940002
FB_Open,2016-07-06,113.360001
FB_Open,2016-07-07,116.629997
FB_Open,2016-07-08,116.43
FB_Open,2016-07-11,117.709999
FB_Open,2016-07-12,118.629997
FB_Open,2016-07-13,118.389999
FB_Open,2016-07-14,117.5
FB_Open,2016-07-15,117.739998
FB_Open,2016-07-18,117.32
FB_Open,2016-07-19,118.989998
FB_Open,2016-07-20,121.25
FB_Open,2016-07-21,121.919998
FB_Open,2016-07-22,119.900002
FB_Open,2016-07-25,121.389999
FB_Open,2016-07-26,122
FB_Open,2016-07-27,122.419998
FB_Open,2016-07-28,127.519997
FB_Open,2016-07-29,124.650002
FB_Open,2016-08-01,123.849998
FB_Open,2016-08-02,124.059998
FB_Open,2016-08-03,123.089996
FB_Open,2016-08-04,122.940002
FB_Open,2016-08-05,124.980003
FB_Open,2016-08-08,125.25
FB_Open,2016-08-09,125.339996
FB_Open,2016-08-10,125.07
FB_Open,2016-08-11,125.199997
FB_Open,2016-08-12,124.699997
FB_Open,2016-08-15,124.910004
FB_Open,2016-08-16,123.5
FB_Open,2016-08-17,123.660004
FB_Open,2016-08-18,124.010002
FB_Open,2016-08-19,123.599998
FB_Open,2016-08-22,123.330002
FB_Open,2016-08-23,124.510002
FB_Open,2016-08-24,124.470001
FB_Open,2016-08-25,123.120003
FB_Open,2016-08-26,124.050003
FB_Open,2016-08-29,124.349998
FB_Open,2016-08-30,126.599998
FB_Open,2016-08-31,125.599998
FB_Open,2016-09-01,126.379997
FB_Open,2016-09-02,126.849998
FB_Open,2016-09-06,126.669998
FB_Open,2016-09-07,130.039993
FB_Open,2016-09-08,130.919998
FB_Open,2016-09-09,129.710007
FB_Open,2016-09-12,125.959999
FB_Open,2016-09-13,128.029999
FB_Open,2016-09-14,126.889999
FB_Open,2016-09-15,127.980003
FB_Open,2016-09-16,128.199997
FB_Open,2016-09-19,129.910004
FB_Open,2016-09-20,128.649994
FB_Open,2016-09-21,129.130005
FB_Open,2016-09-22,130.5
FB_Open,2016-09-23,127.559998
FB_Open,2016-09-26,127.370003
FB_Open,2016-09-27,127.610001
FB_Open,2016-09-28,129.210007
FB_Open,2016-09-29,129.179993
FB_Open,2016-09-30,128.029999
FB_Open,2016-10-03,128.380005
FB_Open,2016-10-04,129.169998
FB_Open,2016-10-05,128.25
FB_Open,2016-10-06,128.429993
FB_Open,2016-10-07,129.039993
FB_Open,2016-10-10,129.679993
FB_Open,2016-10-11,130.229996
FB_Open,2016-10-12,129.009995
FB_Open,2016-10-13,128.210007
FB_Open,2016-10-14,128.490005
FB_Open,2016-10-17,128.199997
FB_Open,2016-10-18,128.679993
FB_Open,2016-10-19,128.740005
FB_Open,2016-10-20,130.070007
FB_Open,2016-10-21,129.779999
FB_Open,2016-10-24,132.720001
FB_Open,2016-10-25,133.5
FB_Open,2016-10-26,131.639999
FB_Open,2016-10-27,131.740005
FB_Open,2016-10-28,130.5
FB_Open,2016-10-31,132.009995
FB_Open,2016-11-01,131.410004
FB_Open,2016-11-02,130.229996
FB_Open,2016-11-03,122
FB_Open,2016-11-04,119.589996
FB_Open,2016-11-07,122.830002
FB_Open,2016-11-08,122.029999
FB_Open,2016-11-09,121.5
FB_Open,2016-11-10,123.93
FB_Open,2016-11-11,119.529999
FB_Open,2016-11-14,119.129997
FB_Open,2016-11-15,116.730003
FB_Open,2016-11-16,114.480003
FB_Open,2016-11-17,116.809998
FB_Open,2016-11-18,118.389999
FB_Open,2016-11-21,118.199997
FB_Open,2016-11-22,122.400002
FB_Open,2016-11-23,121.230003
FB_Open,2016-11-25,121.010002
FB_Open,2016-11-28,120.120003
FB_Open,2016-11-29,120.57
FB_Open,2016-11-30,120.32
FB_Open,2016-12-01,118.379997
FB_Open,2016-12-02,115.110001
FB_Open,2016-12-05,115.949997
FB_Open,2016-12-06,117.690002
FB_Open,2016-12-07,117
FB_Open,2016-12-08,117.980003
FB_Open,2016-12-09,119.220001
FB_Open,2016-12-12,119.220001
FB_Open,2016-12-13,117.860001
FB_Open,2016-12-14,120
FB_Open,2016-12-15,120.080002
FB_Open,2016-12-16,120.900002
FB_Open,2016-12-19,119.849998
FB_Open,2016-12-20,119.5
FB_Open,2016-12-21,118.919998
FB_Open,2016-12-22,118.860001
FB_Open,2016-12-23,117
FB_Open,2016-12-27,116.959999
FB_Open,2016-12-28,118.190002
FB_Open,2016-12-29,117
FB_Open,2016-12-30,116.599998
FB_Open,2017-01-03,116.029999
FB_Open,2017-01-04,117.550003
FB_Open,2017-01-05,118.860001
FB_Open,2017-01-06,120.980003
FB_Open,2017-01-09,123.550003
FB_Open,2017-01-10,124.82
FB_Open,2017-01-11,124.349998
FB_Open,2017-01-12,125.610001
FB_Open,2017-01-13,127.489998
FB_Open,2017-01-17,128.039993
FB_Open,2017-01-18,128.410004
FB_Open,2017-01-19,128.229996
FB_Open,2017-01-20,128.100006
FB_Open,2017-01-23,127.309998
FB_Open,2017-01-24,129.380005
FB_Open,2017-01-25,130
FB_Open,2017-01-26,131.630005
FB_Open,2017-01-27,132.679993
FB_Open,2017-01-30,131.580002
FB_Open,2017-01-31,130.169998
FB_Open,2017-02-01,132.25
FB_Open,2017-02-02,133.220001
FB_Open,2017-02-03,131.240005
FB_Open,2017-02-06,130.979996
FB_Open,2017-02-07,132.240005
FB_Open,2017-02-08,132.600006
FB_Open,2017-02-09,134.490005
FB_Open,2017-02-10,134.100006
FB_Open,2017-02-13,134.699997
FB_Open,2017-02-14,134.100006
FB_Open,2017-02-15,133.449997
FB_Open,2017-02-16,133.070007
FB_Open,2017-02-17,133.5
FB_Open,2017-02-21,133.5
FB_Open,2017-02-22,133.600006
FB_Open,2017-02-23,135.889999
FB_Open,2017-02-24,134.160004
FB_Open,2017-02-27,135.259995
FB_Open,2017-02-28,136.789993
FB_Open,2017-03-01,136.470001
FB_Open,2017-03-02,137.089996
FB_Open,2017-03-03,136.630005
FB_Open,2017-03-06,136.880005
FB_Open,2017-03-07,137.029999
FB_Open,2017-03-08,137.149994
FB_Open,2017-03-09,137.720001
FB_Open,2017-03-10,138.910004
FB_Open,2017-03-13,138.710007
FB_Open,2017-03-14,139.460007
FB_Open,2017-03-15,139.289993
FB_Open,2017-03-16,140.199997
FB_Open,2017-03-17,140.339996
FB_Open,2017-03-20,139.710007
FB_Open,2017-03-21,141.149994
FB_Open,2017-03-22,137.929993
FB_Open,2017-03-23,139.479996
FB_Open,2017-03-24,140.080002
FB_Open,2017-03-27,139.050003
FB_Open,2017-03-28,140.360001
FB_Open,2017-03-29,141.990005
FB_Open,2017-03-30,142.399994
FB_Open,2017-03-31,142.309998
FB_Open,2017-04-03,141.929993
FB_Open,2017-04-04,141.860001
FB_Open,2017-04-05,142.259995
FB_Open,2017-04-06,142.110001
FB_Open,2017-04-07,141.199997
FB_Open,2017-04-10,141
FB_Open,2017-04-11,140.800003
FB_Open,2017-04-12,139.720001
FB_Open,2017-04-13,139.619995
FB_Open,2017-04-17,139.759995
FB_Open,2017-04-18,141.270004
FB_Open,2017-04-19,141.350006
FB_Open,2017-04-20,142.949997
FB_Open,2017-04-21,143.899994
FB_Open,2017-04-24,144.960007
FB_Open,2017-04-25,145.789993
FB_Open,2017-04-26,147.089996
FB_Open,2017-04-27,146.669998
FB_Open,2017-04-28,149.5
FB_Open,2017-05-01,151.740005
FB_Open,2017-05-02,153.339996
FB_Open,2017-05-03,153.600006
FB_Open,2017-05-04,150.169998
FB_Open,2017-05-05,151.449997
FB_Open,2017-05-08,150.710007
FB_Open,2017-05-09,151.490005
FB_Open,2017-05-10,150.229996
FB_Open,2017-05-11,150.309998
FB_Open,2017-05-12,150.399994
FB_Open,2017-05-15,150.169998
FB_Open,2017-05-16,150.110001
FB_Open,2017-05-17,148
FB_Open,2017-05-18,144.720001
FB_Open,2017-05-19,148.449997
FB_Open,2017-05-22,148.080002
FB_Open,2017-05-23,148.520004
FB_Open,2017-05-24,148.509995
FB_Open,2017-05-25,150.300003
FB_Open,2017-05-26,152.229996
FB_Open,2017-05-30,151.970001
FB_Open,2017-05-31,152.699997
FB_Open,2017-06-01,151.75
FB_Open,2017-06-02,151.850006
FB_Open,2017-06-05,153.639999
FB_Open,2017-06-06,153.410004
FB_Open,2017-06-07,153.270004
FB_Open,2017-06-08,154.080002
FB_Open,2017-06-09,154.770004
FB_Open,2017-06-12,148.169998
FB_Open,2017-06-13,150.149994
FB_Open,2017-06-14,151.259995
FB_Open,2017-06-15,147.669998
FB_Open,2017-06-16,149.589996
FB_Open,2017-06-19,151.710007
FB_Open,2017-06-20,152.880005
FB_Open,2017-06-21,152.360001
FB_Open,2017-06-22,153.009995
FB_Open,2017-06-23,152.720001
FB_Open,2017-06-26,156.25
FB_Open,2017-06-27,152.839996
FB_Open,2017-06-28,150.919998
FB_Open,2017-06-29,152.279999
FB_Open,2017-06-30,151.899994
FB_Open,2017-07-03,151.720001
FB_Open,2017-07-05,149
FB_Open,2017-07-06,149.029999
FB_Open,2017-07-07,149.25
FB_Open,2017-07-10,151.690002
FB_Open,2017-07-11,153.369995
FB_Open,2017-07-12,156.490005
FB_Open,2017-07-13,158.740005
FB_Open,2017-07-14,160.130005
FB_Open,2017-07-17,160.25
FB_Open,2017-07-18,159.660004
FB_Open,2017-07-19,163.589996
FB_Open,2017-07-20,164.800003
FB_Open,2017-07-21,164.160004
FB_Open,2017-07-24,164.639999
FB_Open,2017-07-25,165.009995
FB_Open,2017-07-26,166.009995
FB_Open,2017-07-27,174.699997
FB_Open,2017-07-28,169.070007
FB_Open,2017-07-31,172
FB_Open,2017-08-01,169.820007
FB_Open,2017-08-02,170.300003
FB_Open,2017-08-03,169.300003
FB_Open,2017-08-04,168.970001
FB_Open,2017-08-07,169.949997
FB_Open,2017-08-08,171.880005
FB_Open,2017-08-09,169.979996
FB_Open,2017-08-10,170.059998
FB_Open,2017-08-11,167.949997
FB_Open,2017-08-14,170.089996
FB_Open,2017-08-15,171.490005
FB_Open,2017-08-16,171.25
FB_Open,2017-08-17,169.339996
FB_Open,2017-08-18,166.839996
FB_Open,2017-08-21,167.160004
FB_Open,2017-08-22,168.279999
FB_Open,2017-08-23,168.839996
FB_Open,2017-08-24,168.880005
FB_Open,2017-08-25,167.860001
FB_Open,2017-08-28,166.910004
FB_Open,2017-08-29,165.25
FB_Open,2017-08-30,168.169998
FB_Open,2017-08-31,170.399994
FB_Open,2017-09-01,172.399994
FB_Open,2017-09-05,171.270004
FB_Open,2017-09-06,170.910004
FB_Open,2017-09-07,171.940002
FB_Open,2017-09-08,173.089996
FB_Open,2017-09-11,172.399994
FB_Open,2017-09-12,173.759995
FB_Open,2017-09-13,173.009995
FB_Open,2017-09-14,172.259995
FB_Open,2017-09-15,170.880005
FB_Open,2017-09-18,171.990005
FB_Open,2017-09-19,170.619995
FB_Open,2017-09-20,172.5
FB_Open,2017-09-21,171.690002
FB_Open,2017-09-22,170.210007
FB_Open,2017-09-25,169.240005
FB_Open,2017-09-26,164.5
FB_Open,2017-09-27,165.899994
FB_Open,2017-09-28,167.940002
FB_Open,2017-09-29,168.830002
FB_Open,2017-10-02,171.389999
FB_Open,2017-10-03,169.300003
FB_Open,2017-10-04,169.830002
FB_Open,2017-10-05,169.179993
FB_Open,2017-10-06,170.25
FB_Open,2017-10-09,172.699997
FB_Open,2017-10-10,173
FB_Open,2017-10-11,171.949997
FB_Open,2017-10-12,172.610001
FB_Open,2017-10-13,173.449997
FB_Open,2017-10-16,174.490005
FB_Open,2017-10-17,174.710007
FB_Open,2017-10-18,176.649994
FB_Open,2017-10-19,174.929993
FB_Open,2017-10-20,175.5
FB_Open,2017-10-23,175.199997
FB_Open,2017-10-24,172.300003
FB_Open,2017-10-25,171.899994
FB_Open,2017-10-26,171.380005
FB_Open,2017-10-27,174.149994
FB_Open,2017-10-30,179.259995
FB_Open,2017-10-31,180.570007
FB_Open,2017-11-01,182.360001
FB_Open,2017-11-02,180.630005
FB_Open,2017-11-03,179.289993
FB_Open,2017-11-06,178.559998
FB_Open,2017-11-07,180.5
FB_Open,2017-11-08,179.789993
FB_Open,2017-11-09,178.309998
FB_Open,2017-11-10,178.350006
FB_Open,2017-11-13,177.5
FB_Open,2017-11-14,178.130005
FB_Open,2017-11-15,176.660004
FB_Open,2017-11-16,178.759995
FB_Open,2017-11-17,179.300003
FB_Open,2017-11-20,178.869995
FB_Open,2017-11-21,179.149994
FB_Open,2017-11-22,181.300003
FB_Open,2017-11-24,180.399994
FB_Open,2017-11-27,182.559998
FB_Open,2017-11-28,183.509995
FB_Open,2017-11-29,181.889999
FB_Open,2017-11-30,176.850006
FB_Open,2017-12-01,176.029999
FB_Open,2017-12-04,176.289993
FB_Open,2017-12-05,170.449997
FB_Open,2017-12-06,172.5
FB_Open,2017-12-07,175.800003
FB_Open,2017-12-08,181.529999
FB_Open,2017-12-11,179.300003
FB_Open,2017-12-12,178.600006
FB_Open,2017-12-13,177.300003
FB_Open,2017-12-14,178.289993
FB_Open,2017-12-15,179.020004
FB_Open,2017-12-18,181.009995
FB_Open,2017-12-19,179.949997
FB_Open,2017-12-20,179.809998
FB_Open,2017-12-21,177.940002
FB_Open,2017-12-22,177.139999
FB_Open,2017-12-26,176.630005
FB_Open,2017-12-27,176.550003
FB_Open,2017-12-28,177.949997
FB_Open,2017-12-29,178
FB_Open,2018-01-02,177.679993
FB_Open,2018-01-03,181.880005
FB_Open,2018-01-04,184.899994
FB_Open,2018-01-05,185.589996
FB_Open,2018-01-08,187.199997
FB_Open,2018-01-09,188.699997
FB_Open,2018-01-10,186.940002
FB_Open,2018-01-11,188.399994
FB_Open,2018-01-12,178.059998
FB_Open,2018-01-16,181.5
FB_Open,2018-01-17,179.259995
FB_Open,2018-01-18,178.130005
FB_Open,2018-01-19,180.850006
FB_Open,2018-01-22,180.800003
FB_Open,2018-01-23,186.050003
FB_Open,2018-01-24,189.889999
FB_Open,2018-01-25,187.949997
FB_Open,2018-01-26,187.75
FB_Open,2018-01-29,188.75
FB_Open,2018-01-30,187.619995
FB_Open,2018-01-31,188.369995
FB_Open,2018-02-01,188.220001
FB_Open,2018-02-02,192.039993
FB_Open,2018-02-05,186.929993
FB_Open,2018-02-06,178.570007
FB_Open,2018-02-07,184.149994
FB_Open,2018-02-08,181.009995
FB_Open,2018-02-09,174.759995
FB_Open,2018-02-12,177.059998
FB_Open,2018-02-13,175.619995
FB_Open,2018-02-14,173.449997
FB_Open,2018-02-15,180.5
FB_Open,2018-02-16,178.990005
FB_Open,2018-02-20,175.770004
FB_Open,2018-02-21,176.710007
FB_Open,2018-02-22,178.699997
FB_Open,2018-02-23,179.899994
FB_Open,2018-02-26,184.580002
FB_Open,2018-02-27,184.449997
FB_Open,2018-02-28,182.300003
FB_Open,2018-03-01,179.009995
FB_Open,2018-03-02,173.289993
FB_Open,2018-03-05,176.199997
FB_Open,2018-03-06,181.779999
FB_Open,2018-03-07,178.740005
FB_Open,2018-03-08,183.559998
FB_Open,2018-03-09,183.910004
FB_Open,2018-03-12,185.229996
FB_Open,2018-03-13,185.610001
FB_Open,2018-03-14,182.600006
FB_Open,2018-03-15,183.240005
FB_Open,2018-03-16,184.490005
FB_Open,2018-03-19,177.009995
FB_Open,2018-03-20,167.470001
FB_Open,2018-03-21,164.800003
FB_Open,2018-03-22,166.130005
FB_Open,2018-03-23,165.440002
FB_Open,2018-03-26,160.820007
FB_Open,2018-03-27,156.309998
FB_Open,2018-03-28,151.649994
FB_Open,2018-03-29,155.149994
FB_Open,2018-04-02,157.809998
FB_Open,2018-04-03,156.550003
FB_Open,2018-04-04,152.029999
FB_Open,2018-04-05,161.559998
FB_Open,2018-04-06,157.729996
FB_Open,2018-04-09,157.820007
FB_Open,2018-04-10,157.929993
FB_Open,2018-04-11,165.360001
FB_Open,2018-04-12,166.979996
FB_Open,2018-04-13,164.580002
FB_Open,2018-04-16,165.720001
FB_Open,2018-04-17,165.830002
FB_Open,2018-04-18,166.880005
FB_Open,2018-04-19,166.199997
FB_Open,2018-04-20,167.789993
FB_Open,2018-04-23,167.270004
FB_Open,2018-04-24,165.429993
FB_Open,2018-04-25,160.139999
FB_Open,2018-04-26,173.220001
FB_Open,2018-04-27,176.809998
FB_Open,2018-04-30,173.789993
FB_Open,2018-05-01,172
FB_Open,2018-05-02,174.25
FB_Open,2018-05-03,175.130005
FB_Open,2018-05-04,173.080002
FB_Open,2018-05-07,177.350006
FB_Open,2018-05-08,178.25
FB_Open,2018-05-09,179.669998
FB_Open,2018-05-10,183.149994
FB_Open,2018-05-11,184.850006
FB_Open,2018-05-14,187.710007
FB_Open,2018-05-15,184.880005
FB_Open,2018-05-16,183.699997
FB_Open,2018-05-17,182.679993
FB_Open,2018-05-18,183.490005
FB_Open,2018-05-21,183.770004
FB_Open,2018-05-22,184.929993
FB_Open,2018-05-23,182.5
FB_Open,2018-05-24,185.880005
FB_Open,2018-05-25,186.020004
FB_Open,2018-05-29,184.339996
FB_Open,2018-05-30,186.539993
FB_Open,2018-05-31,187.869995
FB_Open,2018-06-01,193.070007
FB_Open,2018-06-04,191.839996
FB_Open,2018-06-05,194.300003
FB_Open,2018-06-06,191.029999
FB_Open,2018-06-07,190.75
FB_Open,2018-06-08,187.529999
FB_Open,2018-06-11,188.809998
FB_Open,2018-06-12,192.169998
FB_Open,2018-06-13,192.740005
FB_Open,2018-06-14,193.100006
FB_Open,2018-06-15,195.789993
FB_Open,2018-06-18,194.800003
FB_Open,2018-06-19,196.240005
FB_Open,2018-06-20,199.100006
FB_Open,2018-06-21,202.759995
FB_Open,2018-06-22,201.160004
FB_Open,2018-06-25,200
FB_Open,2018-06-26,197.600006
FB_Open,2018-06-27,199.179993
FB_Open,2018-06-28,195.179993
FB_Open,2018-06-29,197.320007
FB_Open,2018-07-02,193.369995
FB_Open,2018-07-03,194.550003
FB_Open,2018-07-05,194.740005
FB_Open,2018-07-06,198.449997
FB_Open,2018-07-09,204.929993
FB_Open,2018-07-10,204.5
FB_Open,2018-07-11,202.220001
FB_Open,2018-07-12,203.429993
FB_Open,2018-07-13,207.809998
FB_Open,2018-07-16,207.5
FB_Open,2018-07-17,204.899994
FB_Open,2018-07-18,209.820007
FB_Open,2018-07-19,208.770004
FB_Open,2018-07-20,208.850006
FB_Open,2018-07-23,210.580002
FB_Open,2018-07-24,215.110001
FB_Open,2018-07-25,215.720001
FB_Open,2018-07-26,174.889999
FB_Open,2018-07-27,179.869995
FB_Open,2018-07-30,175.300003
FB_Open,2018-07-31,170.669998
FB_Open,2018-08-01,173.929993
FB_Open,2018-08-02,170.679993
FB_Open,2018-08-03,177.690002
FB_Open,2018-08-06,178.970001
FB_Open,2018-08-07,186.5
FB_Open,2018-08-08,184.75
FB_Open,2018-08-09,185.850006
FB_Open,2018-08-10,182.039993
FB_Open,2018-08-13,180.100006
FB_Open,2018-08-14,180.710007
FB_Open,2018-08-15,179.339996
FB_Open,2018-08-16,180.419998
FB_Open,2018-08-17,174.5
FB_Open,2018-08-20,174.039993
FB_Open,2018-08-21,172.809998
FB_Open,2018-08-22,172.210007
FB_Open,2018-08-23,173.089996
FB_Open,2018-08-24,173.699997
FB_Open,2018-08-27,175.990005
FB_Open,2018-08-28,178.100006
FB_Open,2018-08-29,176.300003
FB_Open,2018-08-30,175.899994
FB_Open,2018-08-31,177.149994
FB_Open,2018-09-04,173.5
FB_Open,2018-09-05,169.490005
FB_Open,2018-09-06,166.979996
FB_Open,2018-09-07,160.309998
FB_Open,2018-09-10,163.509995
FB_Open,2018-09-11,163.940002
FB_Open,2018-09-12,163.25
FB_Open,2018-09-13,162
FB_Open,2018-09-14,161.720001
FB_Open,2018-09-17,161.919998
FB_Open,2018-09-18,159.389999
FB_Open,2018-09-19,160.080002
FB_Open,2018-09-20,164.5
FB_Open,2018-09-21,166.639999
FB_Open,2018-09-24,161.029999
FB_Open,2018-09-25,161.990005
FB_Open,2018-09-26,164.300003
FB_Open,2018-09-27,167.550003
FB_Open,2018-09-28,168.330002
FB_Open,2018-10-01,163.029999
FB_Open,2018-10-02,161.580002
FB_Open,2018-10-03,160
FB_Open,2018-10-04,161.460007
FB_Open,2018-10-05,159.210007
FB_Open,2018-10-08,155.539993
FB_Open,2018-10-09,157.690002
FB_Open,2018-10-10,156.820007
FB_Open,2018-10-11,150.130005
FB_Open,2018-10-12,156.729996
FB_Open,2018-10-15,153.320007
FB_Open,2018-10-16,155.399994
FB_Open,2018-10-17,159.559998
FB_Open,2018-10-18,158.509995
FB_Open,2018-10-19,155.860001
FB_Open,2018-10-22,154.759995
FB_Open,2018-10-23,151.220001
FB_Open,2018-10-24,154.279999
FB_Open,2018-10-25,147.729996
FB_Open,2018-10-26,145.820007
FB_Open,2018-10-29,148.5
FB_Open,2018-10-30,139.940002
FB_Open,2018-10-31,155
FB_Open,2018-11-01,151.520004
FB_Open,2018-11-02,151.800003
FB_Open,2018-11-05,150.100006
FB_Open,2018-11-06,149.309998
FB_Open,2018-11-07,151.570007
FB_Open,2018-11-08,150.490005
FB_Open,2018-11-09,146.75
FB_Open,2018-11-12,144.479996
FB_Open,2018-11-13,142
FB_Open,2018-11-14,143.699997
FB_Open,2018-11-15,142.330002
FB_Open,2018-11-16,141.070007
FB_Open,2018-11-19,137.610001
FB_Open,2018-11-20,127.029999
FB_Open,2018-11-21,134.399994
FB_Open,2018-11-23,133.649994
FB_Open,2018-11-26,133
FB_Open,2018-11-27,135.75
FB_Open,2018-11-28,136.279999
FB_Open,2018-11-29,135.919998
FB_Open,2018-11-30,138.259995
FB_Open,2018-12-03,143
FB_Open,2018-12-04,140.729996
FB_Open,2018-12-06,133.820007
FB_Open,2018-12-07,139.25
FB_Open,2018-12-10,139.600006
FB_Open,2018-12-11,143.880005
FB_Open,2018-12-12,143.080002
FB_Open,2018-12-13,145.570007
FB_Open,2018-12-14,143.339996
FB_Open,2018-12-17,143.080002
FB_Open,2018-12-18,141.080002
FB_Open,2018-12-19,141.210007
FB_Open,2018-12-20,130.699997
FB_Open,2018-12-21,133.389999
FB_Open,2018-12-24,123.099998
FB_Open,2018-12-26,126
FB_Open,2018-12-27,132.440002
FB_Open,2018-12-28,135.339996
FB_Open,2018-12-31,134.449997
GOOG_Open,2014-01-02,554.125916
GOOG_Open,2014-01-03,553.897461
GOOG_Open,2014-01-06,552.908875
GOOG_Open,2014-01-07,558.865112
GOOG_Open,2014-01-08,569.297241
GOOG_Open,2014-01-09,568.025513
GOOG_Open,2014-01-10,565.859619
GOOG_Open,2014-01-13,559.595398
GOOG_Open,2014-01-14,565.298279
GOOG_Open,2014-01-15,572.769714
GOOG_Open,2014-01-16,570.83728
GOOG_Open,2014-01-17,574.687195
GOOG_Open,2014-01-21,576.71405
GOOG_Open,2014-01-22,579.535706
GOOG_Open,2014-01-23,576.252014
GOOG_Open,2014-01-24,571.786072
GOOG_Open,2014-01-27,559.41156
GOOG_Open,2014-01-28,551.572571
GOOG_Open,2014-01-29,555.944092
GOOG_Open,2014-01-30,568.800476
GOOG_Open,2014-01-31,581.890381
GOOG_Open,2014-02-03,585.789978
GOOG_Open,2014-02-04,565.318176
GOOG_Open,2014-02-05,567.995728
GOOG_Open,2014-02-06,571.845703
GOOG_Open,2014-02-07,580.042358
GOOG_Open,2014-02-10,582.113892
GOOG_Open,2014-02-11,586.271851
GOOG_Open,2014-02-12,590.658325
GOOG_Open,2014-02-13,586.559998
GOOG_Open,2014-02-14,593.941956
GOOG_Open,2014-02-18,596.823242
GOOG_Open,2014-02-19,598.755676
GOOG_Open,2014-02-20,597.682678
GOOG_Open,2014-02-21,600.002563
GOOG_Open,2014-02-24,598.785461
GOOG_Open,2014-02-25,604.041321
GOOG_Open,2014-02-26,608.045227
GOOG_Open,2014-02-27,605.258362
GOOG_Open,2014-02-28,606.227051
GOOG_Open,2014-03-03,599.476013
GOOG_Open,2014-03-04,603.574341
GOOG_Open,2014-03-05,603.599182
GOOG_Open,2014-03-06,607.190796
GOOG_Open,2014-03-07,609.436218
GOOG_Open,2014-03-10,603.917114
GOOG_Open,2014-03-11,602.963318
GOOG_Open,2014-03-12,594.334412
GOOG_Open,2014-03-13,600.072083
GOOG_Open,2014-03-14,587.175964
GOOG_Open,2014-03-17,585.814819
GOOG_Open,2014-03-18,593.475037
GOOG_Open,2014-03-19,601.98468
GOOG_Open,2014-03-20,596.097961
GOOG_Open,2014-03-21,599.257385
GOOG_Open,2014-03-24,588.26886
GOOG_Open,2014-03-25,579.232666
GOOG_Open,2014-03-26,577.250549
GOOG_Open,2014-03-27,564.893921
GOOG_Open,2014-03-28,558.131104
GOOG_Open,2014-03-31,563.789978
GOOG_Open,2014-04-01,555.654724
GOOG_Open,2014-04-02,596.708984
GOOG_Open,2014-04-03,566.733765
GOOG_Open,2014-04-04,571.507568
GOOG_Open,2014-04-07,537.782959
GOOG_Open,2014-04-08,539.632813
GOOG_Open,2014-04-09,556.559753
GOOG_Open,2014-04-10,561.910339
GOOG_Open,2014-04-11,529.637756
GOOG_Open,2014-04-14,535.30658
GOOG_Open,2014-04-15,533.884399
GOOG_Open,2014-04-16,540.03064
GOOG_Open,2014-04-17,545.808838
GOOG_Open,2014-04-21,533.168335
GOOG_Open,2014-04-22,525.749146
GOOG_Open,2014-04-23,530.870972
GOOG_Open,2014-04-24,527.171326
GOOG_Open,2014-04-25,519.652649
GOOG_Open,2014-04-28,514.351807
GOOG_Open,2014-04-29,514.073364
GOOG_Open,2014-04-30,524.714844
GOOG_Open,2014-05-01,524.227539
GOOG_Open,2014-05-02,530.841125
GOOG_Open,2014-05-05,521.950012
GOOG_Open,2014-05-06,522.357788
GOOG_Open,2014-05-07,512.969421
GOOG_Open,2014-05-08,505.679504
GOOG_Open,2014-05-09,507.95697
GOOG_Open,2014-05-12,520.647217
GOOG_Open,2014-05-13,527.986816
GOOG_Open,2014-05-14,530.085327
GOOG_Open,2014-05-15,522.825195
GOOG_Open,2014-05-16,518.538818
GOOG_Open,2014-05-19,516.858032
GOOG_Open,2014-05-20,526.84314
GOOG_Open,2014-05-21,529.98584
GOOG_Open,2014-05-22,538.170837
GOOG_Open,2014-05-23,544.267334
GOOG_Open,2014-05-27,552.959534
GOOG_Open,2014-05-28,561.482666
GOOG_Open,2014-05-29,560.269348
GOOG_Open,2014-05-30,557.733276
GOOG_Open,2014-06-02,557.63385
GOOG_Open,2014-06-03,547.976929
GOOG_Open,2014-06-04,538.538818
GOOG_Open,2014-06-05,543.412048
GOOG_Open,2014-06-06,555.00824
GOOG_Open,2014-06-09,554.103271
GOOG_Open,2014-06-10,557.444885
GOOG_Open,2014-06-11,554.948608
GOOG_Open,2014-06-12,554.252441
GOOG_Open,2014-06-13,549.23999
GOOG_Open,2014-06-16,546.256409
GOOG_Open,2014-06-17,541.22406
GOOG_Open,2014-06-18,541.880432
GOOG_Open,2014-06-19,551.209167
GOOG_Open,2014-06-20,553.804871
GOOG_Open,2014-06-23,552.114197
GOOG_Open,2014-06-24,562.099304
GOOG_Open,2014-06-25,562.168884
GOOG_Open,2014-06-26,577.822815
GOOG_Open,2014-06-27,574.023682
GOOG_Open,2014-06-30,575.495605
GOOG_Open,2014-07-01,575.157471
GOOG_Open,2014-07-02,580.159973
GOOG_Open,2014-07-03,580.159973
GOOG_Open,2014-07-07,580.567749
GOOG_Open,2014-07-08,574.501099
GOOG_Open,2014-07-09,568.454346
GOOG_Open,2014-07-10,562.815369
GOOG_Open,2014-07-11,568.782532
GOOG_Open,2014-07-14,579.414063
GOOG_Open,2014-07-15,582.536926
GOOG_Open,2014-07-16,584.784546
GOOG_Open,2014-07-17,576.36084
GOOG_Open,2014-07-18,589.757202
GOOG_Open,2014-07-21,588.514038
GOOG_Open,2014-07-22,587.489685
GOOG_Open,2014-07-23,589.985962
GOOG_Open,2014-07-24,593.188354
GOOG_Open,2014-07-25,587.171387
GOOG_Open,2014-07-28,584.854187
GOOG_Open,2014-07-29,585.530457
GOOG_Open,2014-07-30,583.342468
GOOG_Open,2014-07-31,577.424988
GOOG_Open,2014-08-01,567.280762
GOOG_Open,2014-08-04,565.928223
GOOG_Open,2014-08-05,566.932678
GOOG_Open,2014-08-06,558.707947
GOOG_Open,2014-08-07,564.893921
GOOG_Open,2014-08-08,560.47821
GOOG_Open,2014-08-11,566.873047
GOOG_Open,2014-08-12,561.432922
GOOG_Open,2014-08-13,564.207703
GOOG_Open,2014-08-14,573.029175
GOOG_Open,2014-08-15,574.700012
GOOG_Open,2014-08-18,572.959534
GOOG_Open,2014-08-19,581.800964
GOOG_Open,2014-08-20,582.676147
GOOG_Open,2014-08-21,580.62738
GOOG_Open,2014-08-22,580.398682
GOOG_Open,2014-08-25,581.522461
GOOG_Open,2014-08-26,578.081421
GOOG_Open,2014-08-27,574.11322
GOOG_Open,2014-08-28,566.445374
GOOG_Open,2014-08-29,568.205688
GOOG_Open,2014-09-02,568.722839
GOOG_Open,2014-09-03,576.828308
GOOG_Open,2014-09-04,576.828308
GOOG_Open,2014-09-05,580.786499
GOOG_Open,2014-09-08,583.392212
GOOG_Open,2014-09-09,585.679626
GOOG_Open,2014-09-10,578.320068
GOOG_Open,2014-09-11,577.18634
GOOG_Open,2014-09-12,577.822815
GOOG_Open,2014-09-15,569.806885
GOOG_Open,2014-09-16,569.627869
GOOG_Open,2014-09-17,576.838257
GOOG_Open,2014-09-18,583.790039
GOOG_Open,2014-09-19,588.265381
GOOG_Open,2014-09-22,590.572693
GOOG_Open,2014-09-23,583.640808
GOOG_Open,2014-09-24,578.280273
GOOG_Open,2014-09-25,584.336975
GOOG_Open,2014-09-26,572.909851
GOOG_Open,2014-09-29,568.623413
GOOG_Open,2014-09-30,573.775085
GOOG_Open,2014-10-01,572.860107
GOOG_Open,2014-10-02,564.207703
GOOG_Open,2014-10-03,569.916321
GOOG_Open,2014-10-06,575.634827
GOOG_Open,2014-10-07,571.258911
GOOG_Open,2014-10-08,562.477173
GOOG_Open,2014-10-09,568.056519
GOOG_Open,2014-10-10,554.670105
GOOG_Open,2014-10-13,542.009766
GOOG_Open,2014-10-14,535.953064
GOOG_Open,2014-10-15,528.106201
GOOG_Open,2014-10-16,516.161865
GOOG_Open,2014-10-17,524.36676
GOOG_Open,2014-10-20,506.664093
GOOG_Open,2014-10-21,522.317993
GOOG_Open,2014-10-22,526.99231
GOOG_Open,2014-10-23,536.370728
GOOG_Open,2014-10-24,541.383179
GOOG_Open,2014-10-27,534.093262
GOOG_Open,2014-10-28,540.03064
GOOG_Open,2014-10-29,546.992371
GOOG_Open,2014-10-30,545.948059
GOOG_Open,2014-10-31,556.291199
GOOG_Open,2014-11-03,552.46228
GOOG_Open,2014-11-04,549.975952
GOOG_Open,2014-11-05,553.755127
GOOG_Open,2014-11-06,542.516968
GOOG_Open,2014-11-07,543.223083
GOOG_Open,2014-11-10,538.499023
GOOG_Open,2014-11-11,545.490601
GOOG_Open,2014-11-12,547.380188
GOOG_Open,2014-11-13,546.793457
GOOG_Open,2014-11-14,543.690491
GOOG_Open,2014-11-17,540.607422
GOOG_Open,2014-11-18,534.560669
GOOG_Open,2014-11-19,532.074341
GOOG_Open,2014-11-20,528.344849
GOOG_Open,2014-11-21,538.648193
GOOG_Open,2014-11-24,534.7099
GOOG_Open,2014-11-25,536.05249
GOOG_Open,2014-11-26,537.922241
GOOG_Open,2014-11-28,537.663635
GOOG_Open,2014-12-01,535.953064
GOOG_Open,2014-12-02,530.592529
GOOG_Open,2014-12-03,528.533813
GOOG_Open,2014-12-04,528.255371
GOOG_Open,2014-12-05,528.096252
GOOG_Open,2014-12-08,524.247375
GOOG_Open,2014-12-09,519.284668
GOOG_Open,2014-12-10,530.164856
GOOG_Open,2014-12-11,524.913757
GOOG_Open,2014-12-12,520.647217
GOOG_Open,2014-12-15,519.881409
GOOG_Open,2014-12-16,508.762543
GOOG_Open,2014-12-17,494.282166
GOOG_Open,2014-12-18,510.144958
GOOG_Open,2014-12-19,508.71283
GOOG_Open,2014-12-22,513.257813
GOOG_Open,2014-12-23,524.118103
GOOG_Open,2014-12-24,527.608948
GOOG_Open,2014-12-26,525.878418
GOOG_Open,2014-12-29,529.279724
GOOG_Open,2014-12-30,525.202148
GOOG_Open,2014-12-31,528.344849
GOOG_Open,2015-01-02,526.114746
GOOG_Open,2015-01-05,520.39624
GOOG_Open,2015-01-06,512.181458
GOOG_Open,2015-01-07,504.22522
GOOG_Open,2015-01-08,495.264526
GOOG_Open,2015-01-09,501.997498
GOOG_Open,2015-01-12,492.231232
GOOG_Open,2015-01-13,496.109894
GOOG_Open,2015-01-14,491.94281
GOOG_Open,2015-01-15,502.80304
GOOG_Open,2015-01-16,497.273468
GOOG_Open,2015-01-20,508.203339
GOOG_Open,2015-01-21,504.473846
GOOG_Open,2015-01-22,518.625977
GOOG_Open,2015-01-23,532.658752
GOOG_Open,2015-01-26,535.582642
GOOG_Open,2015-01-27,527.069519
GOOG_Open,2015-01-28,519.918884
GOOG_Open,2015-01-29,508.203339
GOOG_Open,2015-01-30,513.036743
GOOG_Open,2015-02-02,528.819885
GOOG_Open,2015-02-03,525.110291
GOOG_Open,2015-02-04,526.343506
GOOG_Open,2015-02-05,520.92334
GOOG_Open,2015-02-06,524.752258
GOOG_Open,2015-02-09,525.110291
GOOG_Open,2015-02-10,526.403198
GOOG_Open,2015-02-11,532.370361
GOOG_Open,2015-02-12,534.309692
GOOG_Open,2015-02-13,540.376282
GOOG_Open,2015-02-17,543.837219
GOOG_Open,2015-02-18,538.436951
GOOG_Open,2015-02-19,535.097717
GOOG_Open,2015-02-20,540.157471
GOOG_Open,2015-02-23,533.116211
GOOG_Open,2015-02-24,527.099365
GOOG_Open,2015-02-25,532.967041
GOOG_Open,2015-02-26,540.237061
GOOG_Open,2015-02-27,551.206665
GOOG_Open,2015-03-02,557.46228
GOOG_Open,2015-03-03,567.327942
GOOG_Open,2015-03-04,568.740173
GOOG_Open,2015-03-05,571.872925
GOOG_Open,2015-03-06,571.733704
GOOG_Open,2015-03-09,563.757629
GOOG_Open,2015-03-10,561.161926
GOOG_Open,2015-03-11,552.101746
GOOG_Open,2015-03-12,550.480652
GOOG_Open,2015-03-13,550.470703
GOOG_Open,2015-03-16,547.934692
GOOG_Open,2015-03-17,548.690552
GOOG_Open,2015-03-18,549.476196
GOOG_Open,2015-03-19,556.328491
GOOG_Open,2015-03-20,558.576111
GOOG_Open,2015-03-23,557.362793
GOOG_Open,2015-03-24,559.48114
GOOG_Open,2015-03-25,567.377686
GOOG_Open,2015-03-26,554.53833
GOOG_Open,2015-03-27,549.97345
GOOG_Open,2015-03-30,548.601013
GOOG_Open,2015-03-31,546.989868
GOOG_Open,2015-04-01,545.597534
GOOG_Open,2015-04-02,537.889954
GOOG_Open,2015-04-06,529.30719
GOOG_Open,2015-04-07,535.135132
GOOG_Open,2015-04-08,535.433472
GOOG_Open,2015-04-09,538.06897
GOOG_Open,2015-04-10,539.322083
GOOG_Open,2015-04-13,535.463318
GOOG_Open,2015-04-14,533.315125
GOOG_Open,2015-04-15,525.808838
GOOG_Open,2015-04-16,526.999878
GOOG_Open,2015-04-17,525.766663
GOOG_Open,2015-04-20,522.72345
GOOG_Open,2015-04-21,534.570618
GOOG_Open,2015-04-22,531.475281
GOOG_Open,2015-04-23,538.039124
GOOG_Open,2015-04-24,563.00177
GOOG_Open,2015-04-27,563.390015
GOOG_Open,2015-04-28,554.640015
GOOG_Open,2015-04-29,550.469971
GOOG_Open,2015-04-30,547.869995
GOOG_Open,2015-05-01,538.429993
GOOG_Open,2015-05-04,538.530029
GOOG_Open,2015-05-05,538.210022
GOOG_Open,2015-05-06,531.23999
GOOG_Open,2015-05-07,523.98999
GOOG_Open,2015-05-08,536.650024
GOOG_Open,2015-05-11,538.369995
GOOG_Open,2015-05-12,531.599976
GOOG_Open,2015-05-13,530.559998
GOOG_Open,2015-05-14,533.77002
GOOG_Open,2015-05-15,539.179993
GOOG_Open,2015-05-18,532.01001
GOOG_Open,2015-05-19,533.97998
GOOG_Open,2015-05-20,538.48999
GOOG_Open,2015-05-21,537.950012
GOOG_Open,2015-05-22,540.150024
GOOG_Open,2015-05-26,538.119995
GOOG_Open,2015-05-27,532.799988
GOOG_Open,2015-05-28,538.01001
GOOG_Open,2015-05-29,537.369995
GOOG_Open,2015-06-01,536.789978
GOOG_Open,2015-06-02,532.929993
GOOG_Open,2015-06-03,539.909973
GOOG_Open,2015-06-04,537.76001
GOOG_Open,2015-06-05,536.349976
GOOG_Open,2015-06-08,533.309998
GOOG_Open,2015-06-09,527.559998
GOOG_Open,2015-06-10,529.359985
GOOG_Open,2015-06-11,538.424988
GOOG_Open,2015-06-12,531.599976
GOOG_Open,2015-06-15,528
GOOG_Open,2015-06-16,528.400024
GOOG_Open,2015-06-17,529.369995
GOOG_Open,2015-06-18,531
GOOG_Open,2015-06-19,537.210022
GOOG_Open,2015-06-22,539.590027
GOOG_Open,2015-06-23,539.640015
GOOG_Open,2015-06-24,540
GOOG_Open,2015-06-25,538.869995
GOOG_Open,2015-06-26,537.26001
GOOG_Open,2015-06-29,525.01001
GOOG_Open,2015-06-30,526.02002
GOOG_Open,2015-07-01,524.72998
GOOG_Open,2015-07-02,521.080017
GOOG_Open,2015-07-06,519.5
GOOG_Open,2015-07-07,523.130005
GOOG_Open,2015-07-08,521.049988
GOOG_Open,2015-07-09,523.119995
GOOG_Open,2015-07-10,526.289978
GOOG_Open,2015-07-13,532.880005
GOOG_Open,2015-07-14,546.76001
GOOG_Open,2015-07-15,560.130005
GOOG_Open,2015-07-16,565.119995
GOOG_Open,2015-07-17,649
GOOG_Open,2015-07-20,659.23999
GOOG_Open,2015-07-21,655.210022
GOOG_Open,2015-07-22,660.890015
GOOG_Open,2015-07-23,661.27002
GOOG_Open,2015-07-24,647
GOOG_Open,2015-07-27,621
GOOG_Open,2015-07-28,632.830017
GOOG_Open,2015-07-29,628.799988
GOOG_Open,2015-07-30,630
GOOG_Open,2015-07-31,631.380005
GOOG_Open,2015-08-03,625.340027
GOOG_Open,2015-08-04,628.419983
GOOG_Open,2015-08-05,634.330017
GOOG_Open,2015-08-06,645
GOOG_Open,2015-08-07,640.22998
GOOG_Open,2015-08-10,639.47998
GOOG_Open,2015-08-11,669.200012
GOOG_Open,2015-08-12,663.080017
GOOG_Open,2015-08-13,659.322021
GOOG_Open,2015-08-14,655.01001
GOOG_Open,2015-08-17,656.799988
GOOG_Open,2015-08-18,661.900024
GOOG_Open,2015-08-19,656.599976
GOOG_Open,2015-08-20,655.460022
GOOG_Open,2015-08-21,639.780029
GOOG_Open,2015-08-24,573
GOOG_Open,2015-08-25,614.909973
GOOG_Open,2015-08-26,610.349976
GOOG_Open,2015-08-27,639.400024
GOOG_Open,2015-08-28,632.820007
GOOG_Open,2015-08-31,627.539978
GOOG_Open,2015-09-01,602.359985
GOOG_Open,2015-09-02,605.590027
GOOG_Open,2015-09-03,617
GOOG_Open,2015-09-04,600
GOOG_Open,2015-09-08,612.48999
GOOG_Open,2015-09-09,621.219971
GOOG_Open,2015-09-10,613.099976
GOOG_Open,2015-09-11,619.75
GOOG_Open,2015-09-14,625.700012
GOOG_Open,2015-09-15,626.700012
GOOG_Open,2015-09-16,635.469971
GOOG_Open,2015-09-17,637.789978
GOOG_Open,2015-09-18,636.789978
GOOG_Open,2015-09-21,634.400024
GOOG_Open,2015-09-22,627
GOOG_Open,2015-09-23,622.049988
GOOG_Open,2015-09-24,616.640015
GOOG_Open,2015-09-25,629.77002
GOOG_Open,2015-09-28,610.340027
GOOG_Open,2015-09-29,597.280029
GOOG_Open,2015-09-30,603.280029
GOOG_Open,2015-10-01,608.369995
GOOG_Open,2015-10-02,607.200012
GOOG_Open,2015-10-05,632
GOOG_Open,2015-10-06,638.840027
GOOG_Open,2015-10-07,649.23999
GOOG_Open,2015-10-08,641.359985
GOOG_Open,2015-10-09,640
GOOG_Open,2015-10-12,642.090027
GOOG_Open,2015-10-13,643.150024
GOOG_Open,2015-10-14,653.210022
GOOG_Open,2015-10-15,654.659973
GOOG_Open,2015-10-16,664.109985
GOOG_Open,2015-10-19,661.179993
GOOG_Open,2015-10-20,664.039978
GOOG_Open,2015-10-21,654.150024
GOOG_Open,2015-10-22,646.700012
GOOG_Open,2015-10-23,727.5
GOOG_Open,2015-10-26,701.549988
GOOG_Open,2015-10-27,707.380005
GOOG_Open,2015-10-28,707.330017
GOOG_Open,2015-10-29,710.5
GOOG_Open,2015-10-30,715.72998
GOOG_Open,2015-11-02,711.059998
GOOG_Open,2015-11-03,718.859985
GOOG_Open,2015-11-04,722
GOOG_Open,2015-11-05,729.469971
GOOG_Open,2015-11-06,731.5
GOOG_Open,2015-11-09,730.200012
GOOG_Open,2015-11-10,724.400024
GOOG_Open,2015-11-11,732.460022
GOOG_Open,2015-11-12,731
GOOG_Open,2015-11-13,729.169983
GOOG_Open,2015-11-16,715.599976
GOOG_Open,2015-11-17,729.289978
GOOG_Open,2015-11-18,727.580017
GOOG_Open,2015-11-19,738.73999
GOOG_Open,2015-11-20,746.530029
GOOG_Open,2015-11-23,757.450012
GOOG_Open,2015-11-24,752
GOOG_Open,2015-11-25,748.140015
GOOG_Open,2015-11-27,748.460022
GOOG_Open,2015-11-30,748.809998
GOOG_Open,2015-12-01,747.109985
GOOG_Open,2015-12-02,768.900024
GOOG_Open,2015-12-03,766.01001
GOOG_Open,2015-12-04,753.099976
GOOG_Open,2015-12-07,767.77002
GOOG_Open,2015-12-08,757.890015
GOOG_Open,2015-12-09,759.169983
GOOG_Open,2015-12-10,752.849976
GOOG_Open,2015-12-11,741.159973
GOOG_Open,2015-12-14,741.789978
GOOG_Open,2015-12-15,753
GOOG_Open,2015-12-16,750
GOOG_Open,2015-12-17,762.419983
GOOG_Open,2015-12-18,746.51001
GOOG_Open,2015-12-21,746.130005
GOOG_Open,2015-12-22,751.650024
GOOG_Open,2015-12-23,753.469971
GOOG_Open,2015-12-24,749.549988
GOOG_Open,2015-12-28,752.919983
GOOG_Open,2015-12-29,766.690002
GOOG_Open,2015-12-30,776.599976
GOOG_Open,2015-12-31,769.5
GOOG_Open,2016-01-04,743
GOOG_Open,2016-01-05,746.450012
GOOG_Open,2016-01-06,730
GOOG_Open,2016-01-07,730.309998
GOOG_Open,2016-01-08,731.450012
GOOG_Open,2016-01-11,716.609985
GOOG_Open,2016-01-12,721.679993
GOOG_Open,2016-01-13,730.849976
GOOG_Open,2016-01-14,705.380005
GOOG_Open,2016-01-15,692.289978
GOOG_Open,2016-01-19,703.299988
GOOG_Open,2016-01-20,688.609985
GOOG_Open,2016-01-21,702.179993
GOOG_Open,2016-01-22,723.599976
GOOG_Open,2016-01-25,723.580017
GOOG_Open,2016-01-26,713.849976
GOOG_Open,2016-01-27,713.669983
GOOG_Open,2016-01-28,722.219971
GOOG_Open,2016-01-29,731.530029
GOOG_Open,2016-02-01,750.460022
GOOG_Open,2016-02-02,784.5
GOOG_Open,2016-02-03,770.219971
GOOG_Open,2016-02-04,722.809998
GOOG_Open,2016-02-05,703.869995
GOOG_Open,2016-02-08,667.849976
GOOG_Open,2016-02-09,672.320007
GOOG_Open,2016-02-10,686.859985
GOOG_Open,2016-02-11,675
GOOG_Open,2016-02-12,690.26001
GOOG_Open,2016-02-16,692.97998
GOOG_Open,2016-02-17,698.090027
GOOG_Open,2016-02-18,710
GOOG_Open,2016-02-19,695.030029
GOOG_Open,2016-02-22,707.450012
GOOG_Open,2016-02-23,701.450012
GOOG_Open,2016-02-24,688.919983
GOOG_Open,2016-02-25,700.01001
GOOG_Open,2016-02-26,708.580017
GOOG_Open,2016-02-29,700.320007
GOOG_Open,2016-03-01,703.619995
GOOG_Open,2016-03-02,719
GOOG_Open,2016-03-03,718.679993
GOOG_Open,2016-03-04,714.98999
GOOG_Open,2016-03-07,706.900024
GOOG_Open,2016-03-08,688.590027
GOOG_Open,2016-03-09,698.469971
GOOG_Open,2016-03-10,708.119995
GOOG_Open,2016-03-11,720
GOOG_Open,2016-03-14,726.809998
GOOG_Open,2016-03-15,726.919983
GOOG_Open,2016-03-16,726.369995
GOOG_Open,2016-03-17,736.450012
GOOG_Open,2016-03-18,741.859985
GOOG_Open,2016-03-21,736.5
GOOG_Open,2016-03-22,737.460022
GOOG_Open,2016-03-23,742.359985
GOOG_Open,2016-03-24,732.01001
GOOG_Open,2016-03-28,736.789978
GOOG_Open,2016-03-29,734.590027
GOOG_Open,2016-03-30,750.099976
GOOG_Open,2016-03-31,749.25
GOOG_Open,2016-04-01,738.599976
GOOG_Open,2016-04-04,750.059998
GOOG_Open,2016-04-05,738
GOOG_Open,2016-04-06,735.77002
GOOG_Open,2016-04-07,745.369995
GOOG_Open,2016-04-08,743.969971
GOOG_Open,2016-04-11,743.02002
GOOG_Open,2016-04-12,738
GOOG_Open,2016-04-13,749.159973
GOOG_Open,2016-04-14,754.01001
GOOG_Open,2016-04-15,753.97998
GOOG_Open,2016-04-18,760.460022
GOOG_Open,2016-04-19,769.51001
GOOG_Open,2016-04-20,758
GOOG_Open,2016-04-21,755.380005
GOOG_Open,2016-04-22,726.299988
GOOG_Open,2016-04-25,716.099976
GOOG_Open,2016-04-26,725.419983
GOOG_Open,2016-04-27,707.289978
GOOG_Open,2016-04-28,708.26001
GOOG_Open,2016-04-29,690.700012
GOOG_Open,2016-05-02,697.630005
GOOG_Open,2016-05-03,696.869995
GOOG_Open,2016-05-04,690.48999
GOOG_Open,2016-05-05,697.700012
GOOG_Open,2016-05-06,698.380005
GOOG_Open,2016-05-09,712
GOOG_Open,2016-05-10,716.75
GOOG_Open,2016-05-11,723.409973
GOOG_Open,2016-05-12,717.059998
GOOG_Open,2016-05-13,711.929993
GOOG_Open,2016-05-16,709.130005
GOOG_Open,2016-05-17,715.98999
GOOG_Open,2016-05-18,703.669983
GOOG_Open,2016-05-19,702.359985
GOOG_Open,2016-05-20,701.619995
GOOG_Open,2016-05-23,706.530029
GOOG_Open,2016-05-24,706.859985
GOOG_Open,2016-05-25,720.76001
GOOG_Open,2016-05-26,722.869995
GOOG_Open,2016-05-27,724.01001
GOOG_Open,2016-05-31,731.73999
GOOG_Open,2016-06-01,734.530029
GOOG_Open,2016-06-02,732.5
GOOG_Open,2016-06-03,729.27002
GOOG_Open,2016-06-06,724.909973
GOOG_Open,2016-06-07,719.840027
GOOG_Open,2016-06-08,723.960022
GOOG_Open,2016-06-09,722.869995
GOOG_Open,2016-06-10,719.469971
GOOG_Open,2016-06-13,716.51001
GOOG_Open,2016-06-14,716.47998
GOOG_Open,2016-06-15,719
GOOG_Open,2016-06-16,714.909973
GOOG_Open,2016-06-17,708.650024
GOOG_Open,2016-06-20,698.77002
GOOG_Open,2016-06-21,698.400024
GOOG_Open,2016-06-22,699.059998
GOOG_Open,2016-06-23,697.450012
GOOG_Open,2016-06-24,675.169983
GOOG_Open,2016-06-27,671
GOOG_Open,2016-06-28,678.969971
GOOG_Open,2016-06-29,683
GOOG_Open,2016-06-30,685.469971
GOOG_Open,2016-07-01,692.200012
GOOG_Open,2016-07-05,696.059998
GOOG_Open,2016-07-06,689.97998
GOOG_Open,2016-07-07,698.080017
GOOG_Open,2016-07-08,699.5
GOOG_Open,2016-07-11,708.049988
GOOG_Open,2016-07-12,719.119995
GOOG_Open,2016-07-13,723.619995
GOOG_Open,2016-07-14,721.580017
GOOG_Open,2016-07-15,725.72998
GOOG_Open,2016-07-18,722.710022
GOOG_Open,2016-07-19,729.890015
GOOG_Open,2016-07-20,737.330017
GOOG_Open,2016-07-21,740.359985
GOOG_Open,2016-07-22,741.859985
GOOG_Open,2016-07-25,740.669983
GOOG_Open,2016-07-26,739.039978
GOOG_Open,2016-07-27,738.280029
GOOG_Open,2016-07-28,747.039978
GOOG_Open,2016-07-29,772.710022
GOOG_Open,2016-08-01,761.090027
GOOG_Open,2016-08-02,768.690002
GOOG_Open,2016-08-03,767.179993
GOOG_Open,2016-08-04,772.219971
GOOG_Open,2016-08-05,773.780029
GOOG_Open,2016-08-08,782
GOOG_Open,2016-08-09,781.099976
GOOG_Open,2016-08-10,783.75
GOOG_Open,2016-08-11,785
GOOG_Open,2016-08-12,781.5
GOOG_Open,2016-08-15,783.75
GOOG_Open,2016-08-16,780.299988
GOOG_Open,2016-08-17,777.320007
GOOG_Open,2016-08-18,780.01001
GOOG_Open,2016-08-19,775
GOOG_Open,2016-08-22,773.27002
GOOG_Open,2016-08-23,775.47998
GOOG_Open,2016-08-24,770.580017
GOOG_Open,2016-08-25,767
GOOG_Open,2016-08-26,769
GOOG_Open,2016-08-29,768.73999
GOOG_Open,2016-08-30,769.330017
GOOG_Open,2016-08-31,767.01001
GOOG_Open,2016-09-01,769.25
GOOG_Open,2016-09-02,773.01001
GOOG_Open,2016-09-06,773.450012
GOOG_Open,2016-09-07,780
GOOG_Open,2016-09-08,778.590027
GOOG_Open,2016-09-09,770.099976
GOOG_Open,2016-09-12,755.130005
GOOG_Open,2016-09-13,764.47998
GOOG_Open,2016-09-14,759.609985
GOOG_Open,2016-09-15,762.890015
GOOG_Open,2016-09-16,769.75
GOOG_Open,2016-09-19,772.419983
GOOG_Open,2016-09-20,769
GOOG_Open,2016-09-21,772.659973
GOOG_Open,2016-09-22,780
GOOG_Open,2016-09-23,786.590027
GOOG_Open,2016-09-26,782.73999
GOOG_Open,2016-09-27,775.5
GOOG_Open,2016-09-28,777.849976
GOOG_Open,2016-09-29,781.440002
GOOG_Open,2016-09-30,776.330017
GOOG_Open,2016-10-03,774.25
GOOG_Open,2016-10-04,776.030029
GOOG_Open,2016-10-05,779.309998
GOOG_Open,2016-10-06,779
GOOG_Open,2016-10-07,779.659973
GOOG_Open,2016-10-10,777.710022
GOOG_Open,2016-10-11,786.659973
GOOG_Open,2016-10-12,783.76001
GOOG_Open,2016-10-13,781.219971
GOOG_Open,2016-10-14,781.650024
GOOG_Open,2016-10-17,779.799988
GOOG_Open,2016-10-18,787.849976
GOOG_Open,2016-10-19,798.23999
GOOG_Open,2016-10-20,803.299988
GOOG_Open,2016-10-21,795
GOOG_Open,2016-10-24,804.900024
GOOG_Open,2016-10-25,816.679993
GOOG_Open,2016-10-26,806.340027
GOOG_Open,2016-10-27,801
GOOG_Open,2016-10-28,808.349976
GOOG_Open,2016-10-31,795.469971
GOOG_Open,2016-11-01,782.890015
GOOG_Open,2016-11-02,778.200012
GOOG_Open,2016-11-03,767.25
GOOG_Open,2016-11-04,750.659973
GOOG_Open,2016-11-07,774.5
GOOG_Open,2016-11-08,783.400024
GOOG_Open,2016-11-09,779.940002
GOOG_Open,2016-11-10,791.169983
GOOG_Open,2016-11-11,756.539978
GOOG_Open,2016-11-14,755.599976
GOOG_Open,2016-11-15,746.969971
GOOG_Open,2016-11-16,755.200012
GOOG_Open,2016-11-17,766.919983
GOOG_Open,2016-11-18,771.369995
GOOG_Open,2016-11-21,762.609985
GOOG_Open,2016-11-22,772.630005
GOOG_Open,2016-11-23,767.72998
GOOG_Open,2016-11-25,764.26001
GOOG_Open,2016-11-28,760
GOOG_Open,2016-11-29,771.530029
GOOG_Open,2016-11-30,770.070007
GOOG_Open,2016-12-01,757.440002
GOOG_Open,2016-12-02,744.590027
GOOG_Open,2016-12-05,757.710022
GOOG_Open,2016-12-06,764.72998
GOOG_Open,2016-12-07,761
GOOG_Open,2016-12-08,772.47998
GOOG_Open,2016-12-09,780
GOOG_Open,2016-12-12,785.039978
GOOG_Open,2016-12-13,793.900024
GOOG_Open,2016-12-14,797.400024
GOOG_Open,2016-12-15,797.340027
GOOG_Open,2016-12-16,800.400024
GOOG_Open,2016-12-19,790.219971
GOOG_Open,2016-12-20,796.76001
GOOG_Open,2016-12-21,795.840027
GOOG_Open,2016-12-22,792.359985
GOOG_Open,2016-12-23,790.900024
GOOG_Open,2016-12-27,790.679993
GOOG_Open,2016-12-28,793.700012
GOOG_Open,2016-12-29,783.330017
GOOG_Open,2016-12-30,782.75
GOOG_Open,2017-01-03,778.809998
GOOG_Open,2017-01-04,788.359985
GOOG_Open,2017-01-05,786.080017
GOOG_Open,2017-01-06,795.26001
GOOG_Open,2017-01-09,806.400024
GOOG_Open,2017-01-10,807.859985
GOOG_Open,2017-01-11,805
GOOG_Open,2017-01-12,807.140015
GOOG_Open,2017-01-13,807.47998
GOOG_Open,2017-01-17,807.080017
GOOG_Open,2017-01-18,805.809998
GOOG_Open,2017-01-19,805.119995
GOOG_Open,2017-01-20,806.909973
GOOG_Open,2017-01-23,807.25
GOOG_Open,2017-01-24,822.299988
GOOG_Open,2017-01-25,829.619995
GOOG_Open,2017-01-26,837.809998
GOOG_Open,2017-01-27,834.710022
GOOG_Open,2017-01-30,814.659973
GOOG_Open,2017-01-31,796.859985
GOOG_Open,2017-02-01,799.679993
GOOG_Open,2017-02-02,793.799988
GOOG_Open,2017-02-03,802.98999
GOOG_Open,2017-02-06,799.700012
GOOG_Open,2017-02-07,803.98999
GOOG_Open,2017-02-08,807
GOOG_Open,2017-02-09,809.51001
GOOG_Open,2017-02-10,811.700012
GOOG_Open,2017-02-13,816
GOOG_Open,2017-02-14,819
GOOG_Open,2017-02-15,819.359985
GOOG_Open,2017-02-16,819.929993
GOOG_Open,2017-02-17,823.02002
GOOG_Open,2017-02-21,828.659973
GOOG_Open,2017-02-22,828.659973
GOOG_Open,2017-02-23,830.119995
GOOG_Open,2017-02-24,827.72998
GOOG_Open,2017-02-27,824.549988
GOOG_Open,2017-02-28,825.609985
GOOG_Open,2017-03-01,828.849976
GOOG_Open,2017-03-02,833.849976
GOOG_Open,2017-03-03,830.559998
GOOG_Open,2017-03-06,826.950012
GOOG_Open,2017-03-07,827.400024
GOOG_Open,2017-03-08,833.51001
GOOG_Open,2017-03-09,836
GOOG_Open,2017-03-10,843.280029
GOOG_Open,2017-03-13,844
GOOG_Open,2017-03-14,843.640015
GOOG_Open,2017-03-15,847.590027
GOOG_Open,2017-03-16,849.030029
GOOG_Open,2017-03-17,851.609985
GOOG_Open,2017-03-20,850.01001
GOOG_Open,2017-03-21,851.400024
GOOG_Open,2017-03-22,831.909973
GOOG_Open,2017-03-23,821
GOOG_Open,2017-03-24,820.080017
GOOG_Open,2017-03-27,806.950012
GOOG_Open,2017-03-28,820.409973
GOOG_Open,2017-03-29,825
GOOG_Open,2017-03-30,833.5
GOOG_Open,2017-03-31,828.969971
GOOG_Open,2017-04-03,829.219971
GOOG_Open,2017-04-04,831.359985
GOOG_Open,2017-04-05,835.51001
GOOG_Open,2017-04-06,832.400024
GOOG_Open,2017-04-07,827.960022
GOOG_Open,2017-04-10,825.390015
GOOG_Open,2017-04-11,824.710022
GOOG_Open,2017-04-12,821.929993
GOOG_Open,2017-04-13,822.140015
GOOG_Open,2017-04-17,825.01001
GOOG_Open,2017-04-18,834.219971
GOOG_Open,2017-04-19,839.789978
GOOG_Open,2017-04-20,841.440002
GOOG_Open,2017-04-21,842.880005
GOOG_Open,2017-04-24,851.200012
GOOG_Open,2017-04-25,865
GOOG_Open,2017-04-26,874.22998
GOOG_Open,2017-04-27,873.599976
GOOG_Open,2017-04-28,910.659973
GOOG_Open,2017-05-01,901.940002
GOOG_Open,2017-05-02,909.619995
GOOG_Open,2017-05-03,914.859985
GOOG_Open,2017-05-04,926.070007
GOOG_Open,2017-05-05,933.539978
GOOG_Open,2017-05-08,926.119995
GOOG_Open,2017-05-09,936.950012
GOOG_Open,2017-05-10,931.97998
GOOG_Open,2017-05-11,925.320007
GOOG_Open,2017-05-12,931.530029
GOOG_Open,2017-05-15,932.950012
GOOG_Open,2017-05-16,940
GOOG_Open,2017-05-17,935.669983
GOOG_Open,2017-05-18,921
GOOG_Open,2017-05-19,931.469971
GOOG_Open,2017-05-22,935
GOOG_Open,2017-05-23,947.919983
GOOG_Open,2017-05-24,952.97998
GOOG_Open,2017-05-25,957.330017
GOOG_Open,2017-05-26,969.700012
GOOG_Open,2017-05-30,970.309998
GOOG_Open,2017-05-31,975.02002
GOOG_Open,2017-06-01,968.950012
GOOG_Open,2017-06-02,969.460022
GOOG_Open,2017-06-05,976.549988
GOOG_Open,2017-06-06,983.159973
GOOG_Open,2017-06-07,980
GOOG_Open,2017-06-08,982.349976
GOOG_Open,2017-06-09,984.5
GOOG_Open,2017-06-12,939.559998
GOOG_Open,2017-06-13,951.909973
GOOG_Open,2017-06-14,959.919983
GOOG_Open,2017-06-15,933.969971
GOOG_Open,2017-06-16,940
GOOG_Open,2017-06-19,949.960022
GOOG_Open,2017-06-20,957.52002
GOOG_Open,2017-06-21,953.640015
GOOG_Open,2017-06-22,958.700012
GOOG_Open,2017-06-23,956.830017
GOOG_Open,2017-06-26,969.900024
GOOG_Open,2017-06-27,942.460022
GOOG_Open,2017-06-28,929
GOOG_Open,2017-06-29,929.919983
GOOG_Open,2017-06-30,926.049988
GOOG_Open,2017-07-03,912.179993
GOOG_Open,2017-07-05,901.76001
GOOG_Open,2017-07-06,904.119995
GOOG_Open,2017-07-07,908.849976
GOOG_Open,2017-07-10,921.77002
GOOG_Open,2017-07-11,929.539978
GOOG_Open,2017-07-12,938.679993
GOOG_Open,2017-07-13,946.289978
GOOG_Open,2017-07-14,952
GOOG_Open,2017-07-17,957
GOOG_Open,2017-07-18,953
GOOG_Open,2017-07-19,967.840027
GOOG_Open,2017-07-20,975
GOOG_Open,2017-07-21,962.25
GOOG_Open,2017-07-24,972.219971
GOOG_Open,2017-07-25,953.809998
GOOG_Open,2017-07-26,954.679993
GOOG_Open,2017-07-27,951.780029
GOOG_Open,2017-07-28,929.400024
GOOG_Open,2017-07-31,941.890015
GOOG_Open,2017-08-01,932.380005
GOOG_Open,2017-08-02,928.609985
GOOG_Open,2017-08-03,930.340027
GOOG_Open,2017-08-04,926.75
GOOG_Open,2017-08-07,929.059998
GOOG_Open,2017-08-08,927.090027
GOOG_Open,2017-08-09,920.609985
GOOG_Open,2017-08-10,917.549988
GOOG_Open,2017-08-11,907.969971
GOOG_Open,2017-08-14,922.530029
GOOG_Open,2017-08-15,924.22998
GOOG_Open,2017-08-16,925.289978
GOOG_Open,2017-08-17,925.780029
GOOG_Open,2017-08-18,910.309998
GOOG_Open,2017-08-21,910
GOOG_Open,2017-08-22,912.719971
GOOG_Open,2017-08-23,921.929993
GOOG_Open,2017-08-24,928.659973
GOOG_Open,2017-08-25,923.48999
GOOG_Open,2017-08-28,916
GOOG_Open,2017-08-29,905.099976
GOOG_Open,2017-08-30,920.049988
GOOG_Open,2017-08-31,931.76001
GOOG_Open,2017-09-01,941.130005
GOOG_Open,2017-09-05,933.080017
GOOG_Open,2017-09-06,930.150024
GOOG_Open,2017-09-07,931.72998
GOOG_Open,2017-09-08,936.48999
GOOG_Open,2017-09-11,934.25
GOOG_Open,2017-09-12,932.590027
GOOG_Open,2017-09-13,930.659973
GOOG_Open,2017-09-14,931.25
GOOG_Open,2017-09-15,924.659973
GOOG_Open,2017-09-18,920.01001
GOOG_Open,2017-09-19,917.419983
GOOG_Open,2017-09-20,922.97998
GOOG_Open,2017-09-21,933
GOOG_Open,2017-09-22,927.75
GOOG_Open,2017-09-25,925.450012
GOOG_Open,2017-09-26,923.719971
GOOG_Open,2017-09-27,927.73999
GOOG_Open,2017-09-28,941.359985
GOOG_Open,2017-09-29,952
GOOG_Open,2017-10-02,959.97998
GOOG_Open,2017-10-03,954
GOOG_Open,2017-10-04,957
GOOG_Open,2017-10-05,955.48999
GOOG_Open,2017-10-06,966.700012
GOOG_Open,2017-10-09,980
GOOG_Open,2017-10-10,980
GOOG_Open,2017-10-11,973.719971
GOOG_Open,2017-10-12,987.450012
GOOG_Open,2017-10-13,992
GOOG_Open,2017-10-16,992.099976
GOOG_Open,2017-10-17,990.289978
GOOG_Open,2017-10-18,991.77002
GOOG_Open,2017-10-19,986
GOOG_Open,2017-10-20,989.440002
GOOG_Open,2017-10-23,989.52002
GOOG_Open,2017-10-24,970
GOOG_Open,2017-10-25,968.369995
GOOG_Open,2017-10-26,980
GOOG_Open,2017-10-27,1009.190002
GOOG_Open,2017-10-30,1014
GOOG_Open,2017-10-31,1015.219971
GOOG_Open,2017-11-01,1017.210022
GOOG_Open,2017-11-02,1021.76001
GOOG_Open,2017-11-03,1022.109985
GOOG_Open,2017-11-06,1028.98999
GOOG_Open,2017-11-07,1027.27002
GOOG_Open,2017-11-08,1030.52002
GOOG_Open,2017-11-09,1033.98999
GOOG_Open,2017-11-10,1026.459961
GOOG_Open,2017-11-13,1023.419983
GOOG_Open,2017-11-14,1022.590027
GOOG_Open,2017-11-15,1019.210022
GOOG_Open,2017-11-16,1022.52002
GOOG_Open,2017-11-17,1034.01001
GOOG_Open,2017-11-20,1020.26001
GOOG_Open,2017-11-21,1023.309998
GOOG_Open,2017-11-22,1035
GOOG_Open,2017-11-24,1035.869995
GOOG_Open,2017-11-27,1040
GOOG_Open,2017-11-28,1055.089966
GOOG_Open,2017-11-29,1042.680054
GOOG_Open,2017-11-30,1022.369995
GOOG_Open,2017-12-01,1015.799988
GOOG_Open,2017-12-04,1012.659973
GOOG_Open,2017-12-05,995.940002
GOOG_Open,2017-12-06,1001.5
GOOG_Open,2017-12-07,1020.429993
GOOG_Open,2017-12-08,1037.48999
GOOG_Open,2017-12-11,1035.5
GOOG_Open,2017-12-12,1039.630005
GOOG_Open,2017-12-13,1046.119995
GOOG_Open,2017-12-14,1045
GOOG_Open,2017-12-15,1054.609985
GOOG_Open,2017-12-18,1066.079956
GOOG_Open,2017-12-19,1075.199951
GOOG_Open,2017-12-20,1071.780029
GOOG_Open,2017-12-21,1064.949951
GOOG_Open,2017-12-22,1061.109985
GOOG_Open,2017-12-26,1058.069946
GOOG_Open,2017-12-27,1057.390015
GOOG_Open,2017-12-28,1051.599976
GOOG_Open,2017-12-29,1046.719971
GOOG_Open,2018-01-02,1048.339966
GOOG_Open,2018-01-03,1064.310059
GOOG_Open,2018-01-04,1088
GOOG_Open,2018-01-05,1094
GOOG_Open,2018-01-08,1102.22998
GOOG_Open,2018-01-09,1109.400024
GOOG_Open,2018-01-10,1097.099976
GOOG_Open,2018-01-11,1106.300049
GOOG_Open,2018-01-12,1102.410034
GOOG_Open,2018-01-16,1132.51001
GOOG_Open,2018-01-17,1126.219971
GOOG_Open,2018-01-18,1131.410034
GOOG_Open,2018-01-19,1131.829956
GOOG_Open,2018-01-22,1137.48999
GOOG_Open,2018-01-23,1159.849976
GOOG_Open,2018-01-24,1177.329956
GOOG_Open,2018-01-25,1172.530029
GOOG_Open,2018-01-26,1175.079956
GOOG_Open,2018-01-29,1176.47998
GOOG_Open,2018-01-30,1167.829956
GOOG_Open,2018-01-31,1170.569946
GOOG_Open,2018-02-01,1162.609985
GOOG_Open,2018-02-02,1122
GOOG_Open,2018-02-05,1090.599976
GOOG_Open,2018-02-06,1027.180054
GOOG_Open,2018-02-07,1081.540039
GOOG_Open,2018-02-08,1055.410034
GOOG_Open,2018-02-09,1017.25
GOOG_Open,2018-02-12,1048
GOOG_Open,2018-02-13,1045
GOOG_Open,2018-02-14,1048.949951
GOOG_Open,2018-02-15,1079.069946
GOOG_Open,2018-02-16,1088.410034
GOOG_Open,2018-02-20,1090.569946
GOOG_Open,2018-02-21,1106.469971
GOOG_Open,2018-02-22,1116.189941
GOOG_Open,2018-02-23,1112.640015
GOOG_Open,2018-02-26,1127.800049
GOOG_Open,2018-02-27,1141.23999
GOOG_Open,2018-02-28,1123.030029
GOOG_Open,2018-03-01,1107.869995
GOOG_Open,2018-03-02,1053.079956
GOOG_Open,2018-03-05,1075.140015
GOOG_Open,2018-03-06,1099.219971
GOOG_Open,2018-03-07,1089.189941
GOOG_Open,2018-03-08,1115.319946
GOOG_Open,2018-03-09,1136
GOOG_Open,2018-03-12,1163.849976
GOOG_Open,2018-03-13,1170
GOOG_Open,2018-03-14,1145.209961
GOOG_Open,2018-03-15,1149.959961
GOOG_Open,2018-03-16,1154.140015
GOOG_Open,2018-03-19,1120.01001
GOOG_Open,2018-03-20,1099
GOOG_Open,2018-03-21,1092.73999
GOOG_Open,2018-03-22,1081.880005
GOOG_Open,2018-03-23,1047.030029
GOOG_Open,2018-03-26,1046
GOOG_Open,2018-03-27,1063
GOOG_Open,2018-03-28,998
GOOG_Open,2018-03-29,1011.630005
GOOG_Open,2018-04-02,1022.820007
GOOG_Open,2018-04-03,1013.909973
GOOG_Open,2018-04-04,993.409973
GOOG_Open,2018-04-05,1041.329956
GOOG_Open,2018-04-06,1020
GOOG_Open,2018-04-09,1016.799988
GOOG_Open,2018-04-10,1026.439941
GOOG_Open,2018-04-11,1027.98999
GOOG_Open,2018-04-12,1025.040039
GOOG_Open,2018-04-13,1040.880005
GOOG_Open,2018-04-16,1037
GOOG_Open,2018-04-17,1051.369995
GOOG_Open,2018-04-18,1077.430054
GOOG_Open,2018-04-19,1069.400024
GOOG_Open,2018-04-20,1082
GOOG_Open,2018-04-23,1077.859985
GOOG_Open,2018-04-24,1052
GOOG_Open,2018-04-25,1025.52002
GOOG_Open,2018-04-26,1029.51001
GOOG_Open,2018-04-27,1046
GOOG_Open,2018-04-30,1030.01001
GOOG_Open,2018-05-01,1013.659973
GOOG_Open,2018-05-02,1028.099976
GOOG_Open,2018-05-03,1019
GOOG_Open,2018-05-04,1016.900024
GOOG_Open,2018-05-07,1049.22998
GOOG_Open,2018-05-08,1058.540039
GOOG_Open,2018-05-09,1058.099976
GOOG_Open,2018-05-10,1086.030029
GOOG_Open,2018-05-11,1093.599976
GOOG_Open,2018-05-14,1100
GOOG_Open,2018-05-15,1090
GOOG_Open,2018-05-16,1077.310059
GOOG_Open,2018-05-17,1079.890015
GOOG_Open,2018-05-18,1061.859985
GOOG_Open,2018-05-21,1074.060059
GOOG_Open,2018-05-22,1083.560059
GOOG_Open,2018-05-23,1065.130005
GOOG_Open,2018-05-24,1079
GOOG_Open,2018-05-25,1079.02002
GOOG_Open,2018-05-29,1064.890015
GOOG_Open,2018-05-30,1063.030029
GOOG_Open,2018-05-31,1067.560059
GOOG_Open,2018-06-01,1099.349976
GOOG_Open,2018-06-04,1122.329956
GOOG_Open,2018-06-05,1140.98999
GOOG_Open,2018-06-06,1142.170044
GOOG_Open,2018-06-07,1131.319946
GOOG_Open,2018-06-08,1118.180054
GOOG_Open,2018-06-11,1118.599976
GOOG_Open,2018-06-12,1131.069946
GOOG_Open,2018-06-13,1141.119995
GOOG_Open,2018-06-14,1143.849976
GOOG_Open,2018-06-15,1148.859985
GOOG_Open,2018-06-18,1143.650024
GOOG_Open,2018-06-19,1158.5
GOOG_Open,2018-06-20,1175.310059
GOOG_Open,2018-06-21,1174.849976
GOOG_Open,2018-06-22,1159.140015
GOOG_Open,2018-06-25,1143.599976
GOOG_Open,2018-06-26,1128
GOOG_Open,2018-06-27,1121.339966
GOOG_Open,2018-06-28,1102.089966
GOOG_Open,2018-06-29,1120
GOOG_Open,2018-07-02,1099
GOOG_Open,2018-07-03,1135.819946
GOOG_Open,2018-07-05,1110.530029
GOOG_Open,2018-07-06,1123.579956
GOOG_Open,2018-07-09,1148.47998
GOOG_Open,2018-07-10,1156.97998
GOOG_Open,2018-07-11,1144.589966
GOOG_Open,2018-07-12,1159.890015
GOOG_Open,2018-07-13,1185
GOOG_Open,2018-07-16,1189.390015
GOOG_Open,2018-07-17,1172.219971
GOOG_Open,2018-07-18,1196.560059
GOOG_Open,2018-07-19,1191
GOOG_Open,2018-07-20,1186.959961
GOOG_Open,2018-07-23,1181.01001
GOOG_Open,2018-07-24,1262.589966
GOOG_Open,2018-07-25,1239.130005
GOOG_Open,2018-07-26,1251
GOOG_Open,2018-07-27,1271
GOOG_Open,2018-07-30,1228.01001
GOOG_Open,2018-07-31,1220.01001
GOOG_Open,2018-08-01,1228
GOOG_Open,2018-08-02,1205.900024
GOOG_Open,2018-08-03,1229.619995
GOOG_Open,2018-08-06,1225
GOOG_Open,2018-08-07,1237
GOOG_Open,2018-08-08,1240.469971
GOOG_Open,2018-08-09,1249.900024
GOOG_Open,2018-08-10,1243
GOOG_Open,2018-08-13,1236.97998
GOOG_Open,2018-08-14,1235.189941
GOOG_Open,2018-08-15,1229.26001
GOOG_Open,2018-08-16,1224.72998
GOOG_Open,2018-08-17,1202.030029
GOOG_Open,2018-08-20,1205.02002
GOOG_Open,2018-08-21,1208
GOOG_Open,2018-08-22,1200
GOOG_Open,2018-08-23,1207.140015
GOOG_Open,2018-08-24,1208.819946
GOOG_Open,2018-08-27,1227.599976
GOOG_Open,2018-08-28,1241.290039
GOOG_Open,2018-08-29,1237.449951
GOOG_Open,2018-08-30,1244.22998
GOOG_Open,2018-08-31,1234.97998
GOOG_Open,2018-09-04,1204.27002
GOOG_Open,2018-09-05,1193.800049
GOOG_Open,2018-09-06,1186.300049
GOOG_Open,2018-09-07,1158.670044
GOOG_Open,2018-09-10,1172.189941
GOOG_Open,2018-09-11,1161.630005
GOOG_Open,2018-09-12,1172.719971
GOOG_Open,2018-09-13,1170.73999
GOOG_Open,2018-09-14,1179.099976
GOOG_Open,2018-09-17,1170.140015
GOOG_Open,2018-09-18,1157.089966
GOOG_Open,2018-09-19,1164.97998
GOOG_Open,2018-09-20,1179.98999
GOOG_Open,2018-09-21,1192
GOOG_Open,2018-09-24,1157.170044
GOOG_Open,2018-09-25,1176.150024
GOOG_Open,2018-09-26,1185.150024
GOOG_Open,2018-09-27,1186.72998
GOOG_Open,2018-09-28,1191.869995
GOOG_Open,2018-10-01,1199.890015
GOOG_Open,2018-10-02,1190.959961
GOOG_Open,2018-10-03,1205
GOOG_Open,2018-10-04,1195.329956
GOOG_Open,2018-10-05,1167.5
GOOG_Open,2018-10-08,1150.109985
GOOG_Open,2018-10-09,1146.150024
GOOG_Open,2018-10-10,1131.079956
GOOG_Open,2018-10-11,1072.939941
GOOG_Open,2018-10-12,1108
GOOG_Open,2018-10-15,1108.910034
GOOG_Open,2018-10-16,1104.589966
GOOG_Open,2018-10-17,1126.459961
GOOG_Open,2018-10-18,1121.839966
GOOG_Open,2018-10-19,1093.369995
GOOG_Open,2018-10-22,1103.060059
GOOG_Open,2018-10-23,1080.890015
GOOG_Open,2018-10-24,1104.25
GOOG_Open,2018-10-25,1071.790039
GOOG_Open,2018-10-26,1037.030029
GOOG_Open,2018-10-29,1082.469971
GOOG_Open,2018-10-30,1008.460022
GOOG_Open,2018-10-31,1059.810059
GOOG_Open,2018-11-01,1075.800049
GOOG_Open,2018-11-02,1073.72998
GOOG_Open,2018-11-05,1055
GOOG_Open,2018-11-06,1039.47998
GOOG_Open,2018-11-07,1069
GOOG_Open,2018-11-08,1091.380005
GOOG_Open,2018-11-09,1073.98999
GOOG_Open,2018-11-12,1061.390015
GOOG_Open,2018-11-13,1043.290039
GOOG_Open,2018-11-14,1050
GOOG_Open,2018-11-15,1044.709961
GOOG_Open,2018-11-16,1059.410034
GOOG_Open,2018-11-19,1057.199951
GOOG_Open,2018-11-20,1000
GOOG_Open,2018-11-21,1036.76001
GOOG_Open,2018-11-23,1030
GOOG_Open,2018-11-26,1038.349976
GOOG_Open,2018-11-27,1041
GOOG_Open,2018-11-28,1048.76001
GOOG_Open,2018-11-29,1076.079956
GOOG_Open,2018-11-30,1089.069946
GOOG_Open,2018-12-03,1123.140015
GOOG_Open,2018-12-04,1103.119995
GOOG_Open,2018-12-06,1034.26001
GOOG_Open,2018-12-07,1060.01001
GOOG_Open,2018-12-10,1035.050049
GOOG_Open,2018-12-11,1056.48999
GOOG_Open,2018-12-12,1068
GOOG_Open,2018-12-13,1068.069946
GOOG_Open,2018-12-14,1049.97998
GOOG_Open,2018-12-17,1037.51001
GOOG_Open,2018-12-18,1026.089966
GOOG_Open,2018-12-19,1033.98999
GOOG_Open,2018-12-20,1018.130005
GOOG_Open,2018-12-21,1015.299988
GOOG_Open,2018-12-24,973.900024
GOOG_Open,2018-12-26,989.01001
GOOG_Open,2018-12-27,1017.150024
GOOG_Open,2018-12-28,1049.619995
GOOG_Open,2018-12-31,1050.959961
AAPL_High,2014-01-02,79.575714
AAPL_High,2014-01-03,79.099998
AAPL_High,2014-01-06,78.114288
AAPL_High,2014-01-07,77.994286
AAPL_High,2014-01-08,77.937141
AAPL_High,2014-01-09,78.122856
AAPL_High,2014-01-10,77.257141
AAPL_High,2014-01-13,77.5
AAPL_High,2014-01-14,78.104286
AAPL_High,2014-01-15,80.028572
AAPL_High,2014-01-16,79.550003
AAPL_High,2014-01-17,78.867142
AAPL_High,2014-01-21,78.581429
AAPL_High,2014-01-22,79.612854
AAPL_High,2014-01-23,79.5
AAPL_High,2014-01-24,79.374283
AAPL_High,2014-01-27,79.257141
AAPL_High,2014-01-28,73.571426
AAPL_High,2014-01-29,72.48143
AAPL_High,2014-01-30,72.35714
AAPL_High,2014-01-31,71.647141
AAPL_High,2014-02-03,72.53286
AAPL_High,2014-02-04,72.779999
AAPL_High,2014-02-05,73.611427
AAPL_High,2014-02-06,73.35714
AAPL_High,2014-02-07,74.704285
AAPL_High,2014-02-10,75.998573
AAPL_High,2014-02-11,76.821426
AAPL_High,2014-02-12,77.080002
AAPL_High,2014-02-13,77.835716
AAPL_High,2014-02-14,77.997147
AAPL_High,2014-02-18,78.741432
AAPL_High,2014-02-19,78.127144
AAPL_High,2014-02-20,76.714287
AAPL_High,2014-02-21,76.367142
AAPL_High,2014-02-24,75.702858
AAPL_High,2014-02-25,75.652855
AAPL_High,2014-02-26,75
AAPL_High,2014-02-27,75.540001
AAPL_High,2014-02-28,76.10714
AAPL_High,2014-03-03,75.807144
AAPL_High,2014-03-04,76.091431
AAPL_High,2014-03-05,76.39286
AAPL_High,2014-03-06,76.348572
AAPL_High,2014-03-07,75.997147
AAPL_High,2014-03-10,76.190002
AAPL_High,2014-03-11,76.96286
AAPL_High,2014-03-12,76.764282
AAPL_High,2014-03-13,77.094284
AAPL_High,2014-03-14,75.841431
AAPL_High,2014-03-17,75.709999
AAPL_High,2014-03-18,75.995712
AAPL_High,2014-03-19,76.605713
AAPL_High,2014-03-20,76.095711
AAPL_High,2014-03-21,76.25
AAPL_High,2014-03-24,77.214287
AAPL_High,2014-03-25,77.964287
AAPL_High,2014-03-26,78.428574
AAPL_High,2014-03-27,77.35714
AAPL_High,2014-03-28,76.991432
AAPL_High,2014-03-31,77.258568
AAPL_High,2014-04-01,77.410004
AAPL_High,2014-04-02,77.639999
AAPL_High,2014-04-03,77.5
AAPL_High,2014-04-04,77.14286
AAPL_High,2014-04-07,75.842857
AAPL_High,2014-04-08,75.160004
AAPL_High,2014-04-09,75.784286
AAPL_High,2014-04-10,76.034286
AAPL_High,2014-04-11,74.690002
AAPL_High,2014-04-14,74.594284
AAPL_High,2014-04-15,74.519997
AAPL_High,2014-04-16,74.441429
AAPL_High,2014-04-17,75.394287
AAPL_High,2014-04-21,76.019997
AAPL_High,2014-04-22,75.975716
AAPL_High,2014-04-23,75.875717
AAPL_High,2014-04-24,81.428574
AAPL_High,2014-04-25,81.71286
AAPL_High,2014-04-28,85.10714
AAPL_High,2014-04-29,85.139999
AAPL_High,2014-04-30,85.632858
AAPL_High,2014-05-01,84.971428
AAPL_High,2014-05-02,84.885712
AAPL_High,2014-05-05,85.85714
AAPL_High,2014-05-06,86.344284
AAPL_High,2014-05-07,85.327141
AAPL_High,2014-05-08,84.915718
AAPL_High,2014-05-09,83.75
AAPL_High,2014-05-12,84.808571
AAPL_High,2014-05-13,84.934288
AAPL_High,2014-05-14,85.342857
AAPL_High,2014-05-15,85.228569
AAPL_High,2014-05-16,85.361427
AAPL_High,2014-05-19,86.761429
AAPL_High,2014-05-20,86.628571
AAPL_High,2014-05-21,86.671425
AAPL_High,2014-05-22,87.121429
AAPL_High,2014-05-23,87.818573
AAPL_High,2014-05-27,89.408569
AAPL_High,2014-05-28,89.975716
AAPL_High,2014-05-29,90.98143
AAPL_High,2014-05-30,92.024284
AAPL_High,2014-06-02,90.690002
AAPL_High,2014-06-03,91.248573
AAPL_High,2014-06-04,92.555717
AAPL_High,2014-06-05,92.767143
AAPL_High,2014-06-06,93.03714
AAPL_High,2014-06-09,93.879997
AAPL_High,2014-06-10,95.050003
AAPL_High,2014-06-11,94.760002
AAPL_High,2014-06-12,94.120003
AAPL_High,2014-06-13,92.440002
AAPL_High,2014-06-16,92.75
AAPL_High,2014-06-17,92.699997
AAPL_High,2014-06-18,92.290001
AAPL_High,2014-06-19,92.300003
AAPL_High,2014-06-20,92.550003
AAPL_High,2014-06-23,91.620003
AAPL_High,2014-06-24,91.739998
AAPL_High,2014-06-25,90.699997
AAPL_High,2014-06-26,91.050003
AAPL_High,2014-06-27,92
AAPL_High,2014-06-30,93.730003
AAPL_High,2014-07-01,94.07
AAPL_High,2014-07-02,94.059998
AAPL_High,2014-07-03,94.099998
AAPL_High,2014-07-07,95.989998
AAPL_High,2014-07-08,96.800003
AAPL_High,2014-07-09,95.949997
AAPL_High,2014-07-10,95.550003
AAPL_High,2014-07-11,95.889999
AAPL_High,2014-07-14,96.889999
AAPL_High,2014-07-15,96.849998
AAPL_High,2014-07-16,97.099998
AAPL_High,2014-07-17,95.279999
AAPL_High,2014-07-18,94.739998
AAPL_High,2014-07-21,95
AAPL_High,2014-07-22,94.889999
AAPL_High,2014-07-23,97.879997
AAPL_High,2014-07-24,97.32
AAPL_High,2014-07-25,97.839996
AAPL_High,2014-07-28,99.239998
AAPL_High,2014-07-29,99.440002
AAPL_High,2014-07-30,98.699997
AAPL_High,2014-07-31,97.449997
AAPL_High,2014-08-01,96.620003
AAPL_High,2014-08-04,96.580002
AAPL_High,2014-08-05,95.68
AAPL_High,2014-08-06,95.480003
AAPL_High,2014-08-07,95.949997
AAPL_High,2014-08-08,94.82
AAPL_High,2014-08-11,96.080002
AAPL_High,2014-08-12,96.879997
AAPL_High,2014-08-13,97.239998
AAPL_High,2014-08-14,97.57
AAPL_High,2014-08-15,98.190002
AAPL_High,2014-08-18,99.370003
AAPL_High,2014-08-19,100.68
AAPL_High,2014-08-20,101.089996
AAPL_High,2014-08-21,100.940002
AAPL_High,2014-08-22,101.470001
AAPL_High,2014-08-25,102.169998
AAPL_High,2014-08-26,101.5
AAPL_High,2014-08-27,102.57
AAPL_High,2014-08-28,102.779999
AAPL_High,2014-08-29,102.900002
AAPL_High,2014-09-02,103.739998
AAPL_High,2014-09-03,103.199997
AAPL_High,2014-09-04,100.089996
AAPL_High,2014-09-05,99.389999
AAPL_High,2014-09-08,99.309998
AAPL_High,2014-09-09,103.080002
AAPL_High,2014-09-10,101.110001
AAPL_High,2014-09-11,101.440002
AAPL_High,2014-09-12,102.190002
AAPL_High,2014-09-15,103.050003
AAPL_High,2014-09-16,101.260002
AAPL_High,2014-09-17,101.800003
AAPL_High,2014-09-18,102.349998
AAPL_High,2014-09-19,102.349998
AAPL_High,2014-09-22,102.139999
AAPL_High,2014-09-23,102.940002
AAPL_High,2014-09-24,102.849998
AAPL_High,2014-09-25,100.709999
AAPL_High,2014-09-26,100.75
AAPL_High,2014-09-29,100.440002
AAPL_High,2014-09-30,101.540001
AAPL_High,2014-10-01,100.690002
AAPL_High,2014-10-02,100.220001
AAPL_High,2014-10-03,100.209999
AAPL_High,2014-10-06,100.650002
AAPL_High,2014-10-07,100.120003
AAPL_High,2014-10-08,101.110001
AAPL_High,2014-10-09,102.379997
AAPL_High,2014-10-10,102.029999
AAPL_High,2014-10-13,101.779999
AAPL_High,2014-10-14,100.519997
AAPL_High,2014-10-15,99.150002
AAPL_High,2014-10-16,97.720001
AAPL_High,2014-10-17,99
AAPL_High,2014-10-20,99.959999
AAPL_High,2014-10-21,103.019997
AAPL_High,2014-10-22,104.110001
AAPL_High,2014-10-23,105.050003
AAPL_High,2014-10-24,105.489998
AAPL_High,2014-10-27,105.480003
AAPL_High,2014-10-28,106.739998
AAPL_High,2014-10-29,107.370003
AAPL_High,2014-10-30,107.349998
AAPL_High,2014-10-31,108.040001
AAPL_High,2014-11-03,110.300003
AAPL_High,2014-11-04,109.489998
AAPL_High,2014-11-05,109.300003
AAPL_High,2014-11-06,108.790001
AAPL_High,2014-11-07,109.32
AAPL_High,2014-11-10,109.330002
AAPL_High,2014-11-11,109.75
AAPL_High,2014-11-12,111.43
AAPL_High,2014-11-13,113.449997
AAPL_High,2014-11-14,114.190002
AAPL_High,2014-11-17,117.279999
AAPL_High,2014-11-18,115.690002
AAPL_High,2014-11-19,115.739998
AAPL_High,2014-11-20,116.860001
AAPL_High,2014-11-21,117.57
AAPL_High,2014-11-24,118.769997
AAPL_High,2014-11-25,119.75
AAPL_High,2014-11-26,119.099998
AAPL_High,2014-11-28,119.400002
AAPL_High,2014-12-01,119.25
AAPL_High,2014-12-02,115.75
AAPL_High,2014-12-03,116.349998
AAPL_High,2014-12-04,117.199997
AAPL_High,2014-12-05,116.080002
AAPL_High,2014-12-08,114.650002
AAPL_High,2014-12-09,114.300003
AAPL_High,2014-12-10,114.849998
AAPL_High,2014-12-11,113.800003
AAPL_High,2014-12-12,111.870003
AAPL_High,2014-12-15,111.599998
AAPL_High,2014-12-16,110.160004
AAPL_High,2014-12-17,109.839996
AAPL_High,2014-12-18,112.650002
AAPL_High,2014-12-19,113.239998
AAPL_High,2014-12-22,113.489998
AAPL_High,2014-12-23,113.330002
AAPL_High,2014-12-24,112.709999
AAPL_High,2014-12-26,114.519997
AAPL_High,2014-12-29,114.769997
AAPL_High,2014-12-30,113.919998
AAPL_High,2014-12-31,113.129997
AAPL_High,2015-01-02,111.440002
AAPL_High,2015-01-05,108.650002
AAPL_High,2015-01-06,107.43
AAPL_High,2015-01-07,108.199997
AAPL_High,2015-01-08,112.150002
AAPL_High,2015-01-09,113.25
AAPL_High,2015-01-12,112.629997
AAPL_High,2015-01-13,112.800003
AAPL_High,2015-01-14,110.489998
AAPL_High,2015-01-15,110.059998
AAPL_High,2015-01-16,107.580002
AAPL_High,2015-01-20,108.970001
AAPL_High,2015-01-21,111.059998
AAPL_High,2015-01-22,112.470001
AAPL_High,2015-01-23,113.75
AAPL_High,2015-01-26,114.360001
AAPL_High,2015-01-27,112.480003
AAPL_High,2015-01-28,118.120003
AAPL_High,2015-01-29,119.190002
AAPL_High,2015-01-30,120
AAPL_High,2015-02-02,119.169998
AAPL_High,2015-02-03,119.089996
AAPL_High,2015-02-04,120.510002
AAPL_High,2015-02-05,120.230003
AAPL_High,2015-02-06,120.25
AAPL_High,2015-02-09,119.839996
AAPL_High,2015-02-10,122.150002
AAPL_High,2015-02-11,124.919998
AAPL_High,2015-02-12,127.480003
AAPL_High,2015-02-13,127.279999
AAPL_High,2015-02-17,128.880005
AAPL_High,2015-02-18,128.779999
AAPL_High,2015-02-19,129.029999
AAPL_High,2015-02-20,129.5
AAPL_High,2015-02-23,133
AAPL_High,2015-02-24,133.600006
AAPL_High,2015-02-25,131.600006
AAPL_High,2015-02-26,130.869995
AAPL_High,2015-02-27,130.570007
AAPL_High,2015-03-02,130.279999
AAPL_High,2015-03-03,129.520004
AAPL_High,2015-03-04,129.559998
AAPL_High,2015-03-05,128.75
AAPL_High,2015-03-06,129.369995
AAPL_High,2015-03-09,129.570007
AAPL_High,2015-03-10,127.220001
AAPL_High,2015-03-11,124.769997
AAPL_High,2015-03-12,124.900002
AAPL_High,2015-03-13,125.400002
AAPL_High,2015-03-16,124.949997
AAPL_High,2015-03-17,127.32
AAPL_High,2015-03-18,129.160004
AAPL_High,2015-03-19,129.25
AAPL_High,2015-03-20,128.399994
AAPL_High,2015-03-23,127.849998
AAPL_High,2015-03-24,128.039993
AAPL_High,2015-03-25,126.82
AAPL_High,2015-03-26,124.879997
AAPL_High,2015-03-27,124.699997
AAPL_High,2015-03-30,126.400002
AAPL_High,2015-03-31,126.489998
AAPL_High,2015-04-01,125.120003
AAPL_High,2015-04-02,125.559998
AAPL_High,2015-04-06,127.510002
AAPL_High,2015-04-07,128.119995
AAPL_High,2015-04-08,126.400002
AAPL_High,2015-04-09,126.580002
AAPL_High,2015-04-10,127.209999
AAPL_High,2015-04-13,128.570007
AAPL_High,2015-04-14,127.290001
AAPL_High,2015-04-15,127.129997
AAPL_High,2015-04-16,127.099998
AAPL_High,2015-04-17,126.139999
AAPL_High,2015-04-20,128.119995
AAPL_High,2015-04-21,128.199997
AAPL_High,2015-04-22,128.869995
AAPL_High,2015-04-23,130.419998
AAPL_High,2015-04-24,130.630005
AAPL_High,2015-04-27,133.130005
AAPL_High,2015-04-28,134.539993
AAPL_High,2015-04-29,131.589996
AAPL_High,2015-04-30,128.639999
AAPL_High,2015-05-01,130.130005
AAPL_High,2015-05-04,130.570007
AAPL_High,2015-05-05,128.449997
AAPL_High,2015-05-06,126.75
AAPL_High,2015-05-07,126.080002
AAPL_High,2015-05-08,127.620003
AAPL_High,2015-05-11,127.559998
AAPL_High,2015-05-12,126.879997
AAPL_High,2015-05-13,127.190002
AAPL_High,2015-05-14,128.949997
AAPL_High,2015-05-15,129.490005
AAPL_High,2015-05-18,130.720001
AAPL_High,2015-05-19,130.880005
AAPL_High,2015-05-20,130.979996
AAPL_High,2015-05-21,131.630005
AAPL_High,2015-05-22,132.970001
AAPL_High,2015-05-26,132.910004
AAPL_High,2015-05-27,132.259995
AAPL_High,2015-05-28,131.949997
AAPL_High,2015-05-29,131.449997
AAPL_High,2015-06-01,131.389999
AAPL_High,2015-06-02,130.660004
AAPL_High,2015-06-03,130.940002
AAPL_High,2015-06-04,130.580002
AAPL_High,2015-06-05,129.690002
AAPL_High,2015-06-08,129.210007
AAPL_High,2015-06-09,128.080002
AAPL_High,2015-06-10,129.339996
AAPL_High,2015-06-11,130.179993
AAPL_High,2015-06-12,128.330002
AAPL_High,2015-06-15,127.239998
AAPL_High,2015-06-16,127.849998
AAPL_High,2015-06-17,127.879997
AAPL_High,2015-06-18,128.309998
AAPL_High,2015-06-19,127.82
AAPL_High,2015-06-22,128.059998
AAPL_High,2015-06-23,127.610001
AAPL_High,2015-06-24,129.800003
AAPL_High,2015-06-25,129.199997
AAPL_High,2015-06-26,127.989998
AAPL_High,2015-06-29,126.470001
AAPL_High,2015-06-30,126.120003
AAPL_High,2015-07-01,126.940002
AAPL_High,2015-07-02,126.690002
AAPL_High,2015-07-06,126.230003
AAPL_High,2015-07-07,126.150002
AAPL_High,2015-07-08,124.639999
AAPL_High,2015-07-09,124.059998
AAPL_High,2015-07-10,123.849998
AAPL_High,2015-07-13,125.760002
AAPL_High,2015-07-14,126.370003
AAPL_High,2015-07-15,127.150002
AAPL_High,2015-07-16,128.570007
AAPL_High,2015-07-17,129.619995
AAPL_High,2015-07-20,132.970001
AAPL_High,2015-07-21,132.919998
AAPL_High,2015-07-22,125.5
AAPL_High,2015-07-23,127.089996
AAPL_High,2015-07-24,125.739998
AAPL_High,2015-07-27,123.610001
AAPL_High,2015-07-28,123.910004
AAPL_High,2015-07-29,123.5
AAPL_High,2015-07-30,122.57
AAPL_High,2015-07-31,122.639999
AAPL_High,2015-08-03,122.57
AAPL_High,2015-08-04,117.699997
AAPL_High,2015-08-05,117.440002
AAPL_High,2015-08-06,116.5
AAPL_High,2015-08-07,116.25
AAPL_High,2015-08-10,119.989998
AAPL_High,2015-08-11,118.18
AAPL_High,2015-08-12,115.419998
AAPL_High,2015-08-13,116.400002
AAPL_High,2015-08-14,116.309998
AAPL_High,2015-08-17,117.650002
AAPL_High,2015-08-18,117.440002
AAPL_High,2015-08-19,116.519997
AAPL_High,2015-08-20,114.349998
AAPL_High,2015-08-21,111.900002
AAPL_High,2015-08-24,108.800003
AAPL_High,2015-08-25,111.110001
AAPL_High,2015-08-26,109.889999
AAPL_High,2015-08-27,113.239998
AAPL_High,2015-08-28,113.309998
AAPL_High,2015-08-31,114.529999
AAPL_High,2015-09-01,111.879997
AAPL_High,2015-09-02,112.339996
AAPL_High,2015-09-03,112.779999
AAPL_High,2015-09-04,110.449997
AAPL_High,2015-09-08,112.559998
AAPL_High,2015-09-09,114.019997
AAPL_High,2015-09-10,113.279999
AAPL_High,2015-09-11,114.209999
AAPL_High,2015-09-14,116.889999
AAPL_High,2015-09-15,116.529999
AAPL_High,2015-09-16,116.540001
AAPL_High,2015-09-17,116.489998
AAPL_High,2015-09-18,114.300003
AAPL_High,2015-09-21,115.370003
AAPL_High,2015-09-22,114.18
AAPL_High,2015-09-23,114.720001
AAPL_High,2015-09-24,115.5
AAPL_High,2015-09-25,116.690002
AAPL_High,2015-09-28,114.57
AAPL_High,2015-09-29,113.510002
AAPL_High,2015-09-30,111.540001
AAPL_High,2015-10-01,109.620003
AAPL_High,2015-10-02,111.010002
AAPL_High,2015-10-05,111.370003
AAPL_High,2015-10-06,111.739998
AAPL_High,2015-10-07,111.769997
AAPL_High,2015-10-08,110.190002
AAPL_High,2015-10-09,112.279999
AAPL_High,2015-10-12,112.75
AAPL_High,2015-10-13,112.449997
AAPL_High,2015-10-14,111.519997
AAPL_High,2015-10-15,112.099998
AAPL_High,2015-10-16,112
AAPL_High,2015-10-19,111.75
AAPL_High,2015-10-20,114.169998
AAPL_High,2015-10-21,115.580002
AAPL_High,2015-10-22,115.5
AAPL_High,2015-10-23,119.230003
AAPL_High,2015-10-26,118.129997
AAPL_High,2015-10-27,116.540001
AAPL_High,2015-10-28,119.300003
AAPL_High,2015-10-29,120.690002
AAPL_High,2015-10-30,121.220001
AAPL_High,2015-11-02,121.360001
AAPL_High,2015-11-03,123.489998
AAPL_High,2015-11-04,123.82
AAPL_High,2015-11-05,122.690002
AAPL_High,2015-11-06,121.809998
AAPL_High,2015-11-09,121.809998
AAPL_High,2015-11-10,118.07
AAPL_High,2015-11-11,117.419998
AAPL_High,2015-11-12,116.82
AAPL_High,2015-11-13,115.57
AAPL_High,2015-11-16,114.239998
AAPL_High,2015-11-17,115.050003
AAPL_High,2015-11-18,117.489998
AAPL_High,2015-11-19,119.75
AAPL_High,2015-11-20,119.919998
AAPL_High,2015-11-23,119.730003
AAPL_High,2015-11-24,119.349998
AAPL_High,2015-11-25,119.230003
AAPL_High,2015-11-27,118.410004
AAPL_High,2015-11-30,119.410004
AAPL_High,2015-12-01,118.809998
AAPL_High,2015-12-02,118.110001
AAPL_High,2015-12-03,116.790001
AAPL_High,2015-12-04,119.25
AAPL_High,2015-12-07,119.860001
AAPL_High,2015-12-08,118.599998
AAPL_High,2015-12-09,117.690002
AAPL_High,2015-12-10,116.940002
AAPL_High,2015-12-11,115.389999
AAPL_High,2015-12-14,112.68
AAPL_High,2015-12-15,112.800003
AAPL_High,2015-12-16,111.989998
AAPL_High,2015-12-17,112.25
AAPL_High,2015-12-18,109.519997
AAPL_High,2015-12-21,107.370003
AAPL_High,2015-12-22,107.720001
AAPL_High,2015-12-23,108.849998
AAPL_High,2015-12-24,109
AAPL_High,2015-12-28,107.690002
AAPL_High,2015-12-29,109.43
AAPL_High,2015-12-30,108.699997
AAPL_High,2015-12-31,107.029999
AAPL_High,2016-01-04,105.370003
AAPL_High,2016-01-05,105.849998
AAPL_High,2016-01-06,102.370003
AAPL_High,2016-01-07,100.129997
AAPL_High,2016-01-08,99.110001
AAPL_High,2016-01-11,99.059998
AAPL_High,2016-01-12,100.690002
AAPL_High,2016-01-13,101.190002
AAPL_High,2016-01-14,100.480003
AAPL_High,2016-01-15,97.709999
AAPL_High,2016-01-19,98.650002
AAPL_High,2016-01-20,98.190002
AAPL_High,2016-01-21,97.879997
AAPL_High,2016-01-22,101.459999
AAPL_High,2016-01-25,101.529999
AAPL_High,2016-01-26,100.879997
AAPL_High,2016-01-27,96.629997
AAPL_High,2016-01-28,94.519997
AAPL_High,2016-01-29,97.339996
AAPL_High,2016-02-01,96.709999
AAPL_High,2016-02-02,96.040001
AAPL_High,2016-02-03,96.839996
AAPL_High,2016-02-04,97.330002
AAPL_High,2016-02-05,96.919998
AAPL_High,2016-02-08,95.699997
AAPL_High,2016-02-09,95.940002
AAPL_High,2016-02-10,96.349998
AAPL_High,2016-02-11,94.720001
AAPL_High,2016-02-12,94.5
AAPL_High,2016-02-16,96.849998
AAPL_High,2016-02-17,98.209999
AAPL_High,2016-02-18,98.889999
AAPL_High,2016-02-19,96.760002
AAPL_High,2016-02-22,96.900002
AAPL_High,2016-02-23,96.5
AAPL_High,2016-02-24,96.379997
AAPL_High,2016-02-25,96.760002
AAPL_High,2016-02-26,98.019997
AAPL_High,2016-02-29,98.230003
AAPL_High,2016-03-01,100.769997
AAPL_High,2016-03-02,100.889999
AAPL_High,2016-03-03,101.709999
AAPL_High,2016-03-04,103.75
AAPL_High,2016-03-07,102.830002
AAPL_High,2016-03-08,101.760002
AAPL_High,2016-03-09,101.580002
AAPL_High,2016-03-10,102.239998
AAPL_High,2016-03-11,102.279999
AAPL_High,2016-03-14,102.910004
AAPL_High,2016-03-15,105.18
AAPL_High,2016-03-16,106.309998
AAPL_High,2016-03-17,106.470001
AAPL_High,2016-03-18,106.5
AAPL_High,2016-03-21,107.650002
AAPL_High,2016-03-22,107.290001
AAPL_High,2016-03-23,107.07
AAPL_High,2016-03-24,106.25
AAPL_High,2016-03-28,106.190002
AAPL_High,2016-03-29,107.790001
AAPL_High,2016-03-30,110.419998
AAPL_High,2016-03-31,109.900002
AAPL_High,2016-04-01,110
AAPL_High,2016-04-04,112.190002
AAPL_High,2016-04-05,110.730003
AAPL_High,2016-04-06,110.980003
AAPL_High,2016-04-07,110.419998
AAPL_High,2016-04-08,109.769997
AAPL_High,2016-04-11,110.610001
AAPL_High,2016-04-12,110.5
AAPL_High,2016-04-13,112.339996
AAPL_High,2016-04-14,112.389999
AAPL_High,2016-04-15,112.300003
AAPL_High,2016-04-18,108.949997
AAPL_High,2016-04-19,108
AAPL_High,2016-04-20,108.089996
AAPL_High,2016-04-21,106.93
AAPL_High,2016-04-22,106.480003
AAPL_High,2016-04-25,105.650002
AAPL_High,2016-04-26,105.300003
AAPL_High,2016-04-27,98.709999
AAPL_High,2016-04-28,97.879997
AAPL_High,2016-04-29,94.720001
AAPL_High,2016-05-02,94.080002
AAPL_High,2016-05-03,95.739998
AAPL_High,2016-05-04,95.900002
AAPL_High,2016-05-05,94.07
AAPL_High,2016-05-06,93.449997
AAPL_High,2016-05-09,93.769997
AAPL_High,2016-05-10,93.57
AAPL_High,2016-05-11,93.57
AAPL_High,2016-05-12,92.779999
AAPL_High,2016-05-13,91.669998
AAPL_High,2016-05-16,94.389999
AAPL_High,2016-05-17,94.699997
AAPL_High,2016-05-18,95.209999
AAPL_High,2016-05-19,94.639999
AAPL_High,2016-05-20,95.43
AAPL_High,2016-05-23,97.190002
AAPL_High,2016-05-24,98.089996
AAPL_High,2016-05-25,99.739998
AAPL_High,2016-05-26,100.730003
AAPL_High,2016-05-27,100.470001
AAPL_High,2016-05-31,100.400002
AAPL_High,2016-06-01,99.540001
AAPL_High,2016-06-02,97.839996
AAPL_High,2016-06-03,98.269997
AAPL_High,2016-06-06,101.889999
AAPL_High,2016-06-07,99.870003
AAPL_High,2016-06-08,99.559998
AAPL_High,2016-06-09,99.989998
AAPL_High,2016-06-10,99.349998
AAPL_High,2016-06-13,99.120003
AAPL_High,2016-06-14,98.480003
AAPL_High,2016-06-15,98.410004
AAPL_High,2016-06-16,97.75
AAPL_High,2016-06-17,96.650002
AAPL_High,2016-06-20,96.57
AAPL_High,2016-06-21,96.349998
AAPL_High,2016-06-22,96.889999
AAPL_High,2016-06-23,96.290001
AAPL_High,2016-06-24,94.660004
AAPL_High,2016-06-27,93.050003
AAPL_High,2016-06-28,93.660004
AAPL_High,2016-06-29,94.550003
AAPL_High,2016-06-30,95.769997
AAPL_High,2016-07-01,96.470001
AAPL_High,2016-07-05,95.400002
AAPL_High,2016-07-06,95.660004
AAPL_High,2016-07-07,96.5
AAPL_High,2016-07-08,96.889999
AAPL_High,2016-07-11,97.650002
AAPL_High,2016-07-12,97.699997
AAPL_High,2016-07-13,97.669998
AAPL_High,2016-07-14,98.989998
AAPL_High,2016-07-15,99.300003
AAPL_High,2016-07-18,100.129997
AAPL_High,2016-07-19,100
AAPL_High,2016-07-20,100.459999
AAPL_High,2016-07-21,101
AAPL_High,2016-07-22,99.300003
AAPL_High,2016-07-25,98.839996
AAPL_High,2016-07-26,97.970001
AAPL_High,2016-07-27,104.349998
AAPL_High,2016-07-28,104.449997
AAPL_High,2016-07-29,104.550003
AAPL_High,2016-08-01,106.150002
AAPL_High,2016-08-02,106.07
AAPL_High,2016-08-03,105.839996
AAPL_High,2016-08-04,106
AAPL_High,2016-08-05,107.650002
AAPL_High,2016-08-08,108.370003
AAPL_High,2016-08-09,108.940002
AAPL_High,2016-08-10,108.900002
AAPL_High,2016-08-11,108.93
AAPL_High,2016-08-12,108.440002
AAPL_High,2016-08-15,109.540001
AAPL_High,2016-08-16,110.230003
AAPL_High,2016-08-17,109.370003
AAPL_High,2016-08-18,109.599998
AAPL_High,2016-08-19,109.690002
AAPL_High,2016-08-22,109.099998
AAPL_High,2016-08-23,109.32
AAPL_High,2016-08-24,108.75
AAPL_High,2016-08-25,107.879997
AAPL_High,2016-08-26,107.949997
AAPL_High,2016-08-29,107.440002
AAPL_High,2016-08-30,106.5
AAPL_High,2016-08-31,106.57
AAPL_High,2016-09-01,106.800003
AAPL_High,2016-09-02,108
AAPL_High,2016-09-06,108.300003
AAPL_High,2016-09-07,108.760002
AAPL_High,2016-09-08,107.269997
AAPL_High,2016-09-09,105.720001
AAPL_High,2016-09-12,105.720001
AAPL_High,2016-09-13,108.790001
AAPL_High,2016-09-14,113.029999
AAPL_High,2016-09-15,115.730003
AAPL_High,2016-09-16,116.129997
AAPL_High,2016-09-19,116.18
AAPL_High,2016-09-20,114.120003
AAPL_High,2016-09-21,113.989998
AAPL_High,2016-09-22,114.940002
AAPL_High,2016-09-23,114.790001
AAPL_High,2016-09-26,113.389999
AAPL_High,2016-09-27,113.18
AAPL_High,2016-09-28,114.639999
AAPL_High,2016-09-29,113.800003
AAPL_High,2016-09-30,113.370003
AAPL_High,2016-10-03,113.050003
AAPL_High,2016-10-04,114.309998
AAPL_High,2016-10-05,113.660004
AAPL_High,2016-10-06,114.339996
AAPL_High,2016-10-07,114.559998
AAPL_High,2016-10-10,116.75
AAPL_High,2016-10-11,118.690002
AAPL_High,2016-10-12,117.980003
AAPL_High,2016-10-13,117.440002
AAPL_High,2016-10-14,118.169998
AAPL_High,2016-10-17,117.839996
AAPL_High,2016-10-18,118.209999
AAPL_High,2016-10-19,117.760002
AAPL_High,2016-10-20,117.379997
AAPL_High,2016-10-21,116.910004
AAPL_High,2016-10-24,117.739998
AAPL_High,2016-10-25,118.360001
AAPL_High,2016-10-26,115.699997
AAPL_High,2016-10-27,115.860001
AAPL_High,2016-10-28,115.209999
AAPL_High,2016-10-31,114.230003
AAPL_High,2016-11-01,113.769997
AAPL_High,2016-11-02,112.349998
AAPL_High,2016-11-03,111.459999
AAPL_High,2016-11-04,110.25
AAPL_High,2016-11-07,110.510002
AAPL_High,2016-11-08,111.720001
AAPL_High,2016-11-09,111.32
AAPL_High,2016-11-10,111.089996
AAPL_High,2016-11-11,108.870003
AAPL_High,2016-11-14,107.809998
AAPL_High,2016-11-15,107.68
AAPL_High,2016-11-16,110.230003
AAPL_High,2016-11-17,110.349998
AAPL_High,2016-11-18,110.540001
AAPL_High,2016-11-21,111.989998
AAPL_High,2016-11-22,112.419998
AAPL_High,2016-11-23,111.510002
AAPL_High,2016-11-25,111.870003
AAPL_High,2016-11-28,112.470001
AAPL_High,2016-11-29,112.029999
AAPL_High,2016-11-30,112.199997
AAPL_High,2016-12-01,110.940002
AAPL_High,2016-12-02,110.089996
AAPL_High,2016-12-05,110.029999
AAPL_High,2016-12-06,110.360001
AAPL_High,2016-12-07,111.190002
AAPL_High,2016-12-08,112.43
AAPL_High,2016-12-09,114.699997
AAPL_High,2016-12-12,115
AAPL_High,2016-12-13,115.919998
AAPL_High,2016-12-14,116.199997
AAPL_High,2016-12-15,116.730003
AAPL_High,2016-12-16,116.5
AAPL_High,2016-12-19,117.379997
AAPL_High,2016-12-20,117.5
AAPL_High,2016-12-21,117.400002
AAPL_High,2016-12-22,116.510002
AAPL_High,2016-12-23,116.519997
AAPL_High,2016-12-27,117.800003
AAPL_High,2016-12-28,118.019997
AAPL_High,2016-12-29,117.110001
AAPL_High,2016-12-30,117.199997
AAPL_High,2017-01-03,116.330002
AAPL_High,2017-01-04,116.510002
AAPL_High,2017-01-05,116.860001
AAPL_High,2017-01-06,118.160004
AAPL_High,2017-01-09,119.43
AAPL_High,2017-01-10,119.379997
AAPL_High,2017-01-11,119.93
AAPL_High,2017-01-12,119.300003
AAPL_High,2017-01-13,119.620003
AAPL_High,2017-01-17,120.239998
AAPL_High,2017-01-18,120.5
AAPL_High,2017-01-19,120.089996
AAPL_High,2017-01-20,120.449997
AAPL_High,2017-01-23,120.809998
AAPL_High,2017-01-24,120.099998
AAPL_High,2017-01-25,122.099998
AAPL_High,2017-01-26,122.440002
AAPL_High,2017-01-27,122.349998
AAPL_High,2017-01-30,121.629997
AAPL_High,2017-01-31,121.389999
AAPL_High,2017-02-01,130.490005
AAPL_High,2017-02-02,129.389999
AAPL_High,2017-02-03,129.190002
AAPL_High,2017-02-06,130.5
AAPL_High,2017-02-07,132.089996
AAPL_High,2017-02-08,132.220001
AAPL_High,2017-02-09,132.449997
AAPL_High,2017-02-10,132.940002
AAPL_High,2017-02-13,133.820007
AAPL_High,2017-02-14,135.089996
AAPL_High,2017-02-15,136.270004
AAPL_High,2017-02-16,135.899994
AAPL_High,2017-02-17,135.830002
AAPL_High,2017-02-21,136.75
AAPL_High,2017-02-22,137.119995
AAPL_High,2017-02-23,137.479996
AAPL_High,2017-02-24,136.660004
AAPL_High,2017-02-27,137.440002
AAPL_High,2017-02-28,137.440002
AAPL_High,2017-03-01,140.149994
AAPL_High,2017-03-02,140.279999
AAPL_High,2017-03-03,139.830002
AAPL_High,2017-03-06,139.770004
AAPL_High,2017-03-07,139.979996
AAPL_High,2017-03-08,139.800003
AAPL_High,2017-03-09,138.789993
AAPL_High,2017-03-10,139.360001
AAPL_High,2017-03-13,139.429993
AAPL_High,2017-03-14,139.649994
AAPL_High,2017-03-15,140.75
AAPL_High,2017-03-16,141.020004
AAPL_High,2017-03-17,141
AAPL_High,2017-03-20,141.5
AAPL_High,2017-03-21,142.800003
AAPL_High,2017-03-22,141.600006
AAPL_High,2017-03-23,141.580002
AAPL_High,2017-03-24,141.740005
AAPL_High,2017-03-27,141.220001
AAPL_High,2017-03-28,144.039993
AAPL_High,2017-03-29,144.490005
AAPL_High,2017-03-30,144.5
AAPL_High,2017-03-31,144.270004
AAPL_High,2017-04-03,144.119995
AAPL_High,2017-04-04,144.889999
AAPL_High,2017-04-05,145.460007
AAPL_High,2017-04-06,144.520004
AAPL_High,2017-04-07,144.179993
AAPL_High,2017-04-10,143.880005
AAPL_High,2017-04-11,143.350006
AAPL_High,2017-04-12,142.149994
AAPL_High,2017-04-13,142.380005
AAPL_High,2017-04-17,141.880005
AAPL_High,2017-04-18,142.039993
AAPL_High,2017-04-19,142
AAPL_High,2017-04-20,142.919998
AAPL_High,2017-04-21,142.679993
AAPL_High,2017-04-24,143.949997
AAPL_High,2017-04-25,144.899994
AAPL_High,2017-04-26,144.600006
AAPL_High,2017-04-27,144.160004
AAPL_High,2017-04-28,144.300003
AAPL_High,2017-05-01,147.199997
AAPL_High,2017-05-02,148.089996
AAPL_High,2017-05-03,147.490005
AAPL_High,2017-05-04,147.139999
AAPL_High,2017-05-05,148.979996
AAPL_High,2017-05-08,153.699997
AAPL_High,2017-05-09,154.880005
AAPL_High,2017-05-10,153.940002
AAPL_High,2017-05-11,154.070007
AAPL_High,2017-05-12,156.419998
AAPL_High,2017-05-15,156.649994
AAPL_High,2017-05-16,156.059998
AAPL_High,2017-05-17,154.570007
AAPL_High,2017-05-18,153.339996
AAPL_High,2017-05-19,153.979996
AAPL_High,2017-05-22,154.580002
AAPL_High,2017-05-23,154.899994
AAPL_High,2017-05-24,154.169998
AAPL_High,2017-05-25,154.350006
AAPL_High,2017-05-26,154.240005
AAPL_High,2017-05-30,154.429993
AAPL_High,2017-05-31,154.169998
AAPL_High,2017-06-01,153.330002
AAPL_High,2017-06-02,155.449997
AAPL_High,2017-06-05,154.449997
AAPL_High,2017-06-06,155.809998
AAPL_High,2017-06-07,155.979996
AAPL_High,2017-06-08,155.539993
AAPL_High,2017-06-09,155.190002
AAPL_High,2017-06-12,146.089996
AAPL_High,2017-06-13,147.449997
AAPL_High,2017-06-14,147.5
AAPL_High,2017-06-15,144.479996
AAPL_High,2017-06-16,144.5
AAPL_High,2017-06-19,146.740005
AAPL_High,2017-06-20,146.869995
AAPL_High,2017-06-21,146.070007
AAPL_High,2017-06-22,146.699997
AAPL_High,2017-06-23,147.160004
AAPL_High,2017-06-26,148.279999
AAPL_High,2017-06-27,146.160004
AAPL_High,2017-06-28,146.110001
AAPL_High,2017-06-29,145.130005
AAPL_High,2017-06-30,144.960007
AAPL_High,2017-07-03,145.300003
AAPL_High,2017-07-05,144.789993
AAPL_High,2017-07-06,143.5
AAPL_High,2017-07-07,144.75
AAPL_High,2017-07-10,145.949997
AAPL_High,2017-07-11,145.850006
AAPL_High,2017-07-12,146.179993
AAPL_High,2017-07-13,148.490005
AAPL_High,2017-07-14,149.330002
AAPL_High,2017-07-17,150.899994
AAPL_High,2017-07-18,150.130005
AAPL_High,2017-07-19,151.419998
AAPL_High,2017-07-20,151.740005
AAPL_High,2017-07-21,150.440002
AAPL_High,2017-07-24,152.440002
AAPL_High,2017-07-25,153.839996
AAPL_High,2017-07-26,153.929993
AAPL_High,2017-07-27,153.990005
AAPL_High,2017-07-28,150.229996
AAPL_High,2017-07-31,150.330002
AAPL_High,2017-08-01,150.220001
AAPL_High,2017-08-02,159.75
AAPL_High,2017-08-03,157.210007
AAPL_High,2017-08-04,157.399994
AAPL_High,2017-08-07,158.919998
AAPL_High,2017-08-08,161.830002
AAPL_High,2017-08-09,161.270004
AAPL_High,2017-08-10,160
AAPL_High,2017-08-11,158.570007
AAPL_High,2017-08-14,160.210007
AAPL_High,2017-08-15,162.199997
AAPL_High,2017-08-16,162.509995
AAPL_High,2017-08-17,160.710007
AAPL_High,2017-08-18,159.5
AAPL_High,2017-08-21,157.889999
AAPL_High,2017-08-22,160
AAPL_High,2017-08-23,160.470001
AAPL_High,2017-08-24,160.740005
AAPL_High,2017-08-25,160.559998
AAPL_High,2017-08-28,162
AAPL_High,2017-08-29,163.119995
AAPL_High,2017-08-30,163.889999
AAPL_High,2017-08-31,164.520004
AAPL_High,2017-09-01,164.940002
AAPL_High,2017-09-05,164.25
AAPL_High,2017-09-06,162.990005
AAPL_High,2017-09-07,162.240005
AAPL_High,2017-09-08,161.149994
AAPL_High,2017-09-11,162.050003
AAPL_High,2017-09-12,163.960007
AAPL_High,2017-09-13,159.960007
AAPL_High,2017-09-14,159.399994
AAPL_High,2017-09-15,160.970001
AAPL_High,2017-09-18,160.5
AAPL_High,2017-09-19,159.770004
AAPL_High,2017-09-20,158.259995
AAPL_High,2017-09-21,155.800003
AAPL_High,2017-09-22,152.270004
AAPL_High,2017-09-25,151.830002
AAPL_High,2017-09-26,153.919998
AAPL_High,2017-09-27,154.720001
AAPL_High,2017-09-28,154.279999
AAPL_High,2017-09-29,154.130005
AAPL_High,2017-10-02,154.449997
AAPL_High,2017-10-03,155.089996
AAPL_High,2017-10-04,153.860001
AAPL_High,2017-10-05,155.440002
AAPL_High,2017-10-06,155.490005
AAPL_High,2017-10-09,156.729996
AAPL_High,2017-10-10,158
AAPL_High,2017-10-11,156.979996
AAPL_High,2017-10-12,157.369995
AAPL_High,2017-10-13,157.279999
AAPL_High,2017-10-16,160
AAPL_High,2017-10-17,160.869995
AAPL_High,2017-10-18,160.710007
AAPL_High,2017-10-19,157.080002
AAPL_High,2017-10-20,157.75
AAPL_High,2017-10-23,157.690002
AAPL_High,2017-10-24,157.419998
AAPL_High,2017-10-25,157.550003
AAPL_High,2017-10-26,157.830002
AAPL_High,2017-10-27,163.600006
AAPL_High,2017-10-30,168.070007
AAPL_High,2017-10-31,169.649994
AAPL_High,2017-11-01,169.940002
AAPL_High,2017-11-02,168.5
AAPL_High,2017-11-03,174.259995
AAPL_High,2017-11-06,174.990005
AAPL_High,2017-11-07,175.25
AAPL_High,2017-11-08,176.240005
AAPL_High,2017-11-09,176.100006
AAPL_High,2017-11-10,175.380005
AAPL_High,2017-11-13,174.5
AAPL_High,2017-11-14,173.479996
AAPL_High,2017-11-15,170.320007
AAPL_High,2017-11-16,171.869995
AAPL_High,2017-11-17,171.389999
AAPL_High,2017-11-20,170.559998
AAPL_High,2017-11-21,173.699997
AAPL_High,2017-11-22,175
AAPL_High,2017-11-24,175.5
AAPL_High,2017-11-27,175.080002
AAPL_High,2017-11-28,174.869995
AAPL_High,2017-11-29,172.919998
AAPL_High,2017-11-30,172.139999
AAPL_High,2017-12-01,171.669998
AAPL_High,2017-12-04,172.619995
AAPL_High,2017-12-05,171.520004
AAPL_High,2017-12-06,170.199997
AAPL_High,2017-12-07,170.440002
AAPL_High,2017-12-08,171
AAPL_High,2017-12-11,172.889999
AAPL_High,2017-12-12,172.389999
AAPL_High,2017-12-13,173.539993
AAPL_High,2017-12-14,173.130005
AAPL_High,2017-12-15,174.169998
AAPL_High,2017-12-18,177.199997
AAPL_High,2017-12-19,175.389999
AAPL_High,2017-12-20,175.419998
AAPL_High,2017-12-21,176.020004
AAPL_High,2017-12-22,175.419998
AAPL_High,2017-12-26,171.470001
AAPL_High,2017-12-27,170.779999
AAPL_High,2017-12-28,171.850006
AAPL_High,2017-12-29,170.589996
AAPL_High,2018-01-02,172.300003
AAPL_High,2018-01-03,174.550003
AAPL_High,2018-01-04,173.470001
AAPL_High,2018-01-05,175.369995
AAPL_High,2018-01-08,175.610001
AAPL_High,2018-01-09,175.059998
AAPL_High,2018-01-10,174.300003
AAPL_High,2018-01-11,175.490005
AAPL_High,2018-01-12,177.360001
AAPL_High,2018-01-16,179.389999
AAPL_High,2018-01-17,179.25
AAPL_High,2018-01-18,180.100006
AAPL_High,2018-01-19,179.580002
AAPL_High,2018-01-22,177.779999
AAPL_High,2018-01-23,179.440002
AAPL_High,2018-01-24,177.300003
AAPL_High,2018-01-25,174.949997
AAPL_High,2018-01-26,172
AAPL_High,2018-01-29,170.160004
AAPL_High,2018-01-30,167.369995
AAPL_High,2018-01-31,168.440002
AAPL_High,2018-02-01,168.619995
AAPL_High,2018-02-02,166.800003
AAPL_High,2018-02-05,163.880005
AAPL_High,2018-02-06,163.720001
AAPL_High,2018-02-07,163.399994
AAPL_High,2018-02-08,161
AAPL_High,2018-02-09,157.889999
AAPL_High,2018-02-12,163.889999
AAPL_High,2018-02-13,164.75
AAPL_High,2018-02-14,167.539993
AAPL_High,2018-02-15,173.089996
AAPL_High,2018-02-16,174.820007
AAPL_High,2018-02-20,174.259995
AAPL_High,2018-02-21,174.119995
AAPL_High,2018-02-22,173.949997
AAPL_High,2018-02-23,175.649994
AAPL_High,2018-02-26,179.389999
AAPL_High,2018-02-27,180.479996
AAPL_High,2018-02-28,180.619995
AAPL_High,2018-03-01,179.779999
AAPL_High,2018-03-02,176.300003
AAPL_High,2018-03-05,177.740005
AAPL_High,2018-03-06,178.25
AAPL_High,2018-03-07,175.850006
AAPL_High,2018-03-08,177.119995
AAPL_High,2018-03-09,180
AAPL_High,2018-03-12,182.389999
AAPL_High,2018-03-13,183.5
AAPL_High,2018-03-14,180.520004
AAPL_High,2018-03-15,180.240005
AAPL_High,2018-03-16,179.119995
AAPL_High,2018-03-19,177.470001
AAPL_High,2018-03-20,176.800003
AAPL_High,2018-03-21,175.089996
AAPL_High,2018-03-22,172.679993
AAPL_High,2018-03-23,169.919998
AAPL_High,2018-03-26,173.100006
AAPL_High,2018-03-27,175.149994
AAPL_High,2018-03-28,170.020004
AAPL_High,2018-03-29,171.75
AAPL_High,2018-04-02,168.940002
AAPL_High,2018-04-03,168.75
AAPL_High,2018-04-04,172.009995
AAPL_High,2018-04-05,174.229996
AAPL_High,2018-04-06,172.479996
AAPL_High,2018-04-09,173.089996
AAPL_High,2018-04-10,174
AAPL_High,2018-04-11,173.919998
AAPL_High,2018-04-12,175
AAPL_High,2018-04-13,175.839996
AAPL_High,2018-04-16,176.190002
AAPL_High,2018-04-17,178.940002
AAPL_High,2018-04-18,178.820007
AAPL_High,2018-04-19,175.389999
AAPL_High,2018-04-20,171.220001
AAPL_High,2018-04-23,166.919998
AAPL_High,2018-04-24,166.330002
AAPL_High,2018-04-25,165.419998
AAPL_High,2018-04-26,165.729996
AAPL_High,2018-04-27,164.330002
AAPL_High,2018-04-30,167.259995
AAPL_High,2018-05-01,169.199997
AAPL_High,2018-05-02,177.75
AAPL_High,2018-05-03,177.5
AAPL_High,2018-05-04,184.25
AAPL_High,2018-05-07,187.669998
AAPL_High,2018-05-08,186.220001
AAPL_High,2018-05-09,187.399994
AAPL_High,2018-05-10,190.369995
AAPL_High,2018-05-11,190.059998
AAPL_High,2018-05-14,189.529999
AAPL_High,2018-05-15,187.070007
AAPL_High,2018-05-16,188.460007
AAPL_High,2018-05-17,188.910004
AAPL_High,2018-05-18,187.809998
AAPL_High,2018-05-21,189.270004
AAPL_High,2018-05-22,188.880005
AAPL_High,2018-05-23,188.5
AAPL_High,2018-05-24,188.839996
AAPL_High,2018-05-25,189.649994
AAPL_High,2018-05-29,188.75
AAPL_High,2018-05-30,188
AAPL_High,2018-05-31,188.229996
AAPL_High,2018-06-01,190.259995
AAPL_High,2018-06-04,193.419998
AAPL_High,2018-06-05,193.940002
AAPL_High,2018-06-06,194.080002
AAPL_High,2018-06-07,194.199997
AAPL_High,2018-06-08,192
AAPL_High,2018-06-11,191.970001
AAPL_High,2018-06-12,192.610001
AAPL_High,2018-06-13,192.880005
AAPL_High,2018-06-14,191.570007
AAPL_High,2018-06-15,190.160004
AAPL_High,2018-06-18,189.220001
AAPL_High,2018-06-19,186.330002
AAPL_High,2018-06-20,187.199997
AAPL_High,2018-06-21,188.350006
AAPL_High,2018-06-22,186.149994
AAPL_High,2018-06-25,184.919998
AAPL_High,2018-06-26,186.529999
AAPL_High,2018-06-27,187.279999
AAPL_High,2018-06-28,186.210007
AAPL_High,2018-06-29,187.190002
AAPL_High,2018-07-02,187.300003
AAPL_High,2018-07-03,187.949997
AAPL_High,2018-07-05,186.410004
AAPL_High,2018-07-06,188.429993
AAPL_High,2018-07-09,190.679993
AAPL_High,2018-07-10,191.279999
AAPL_High,2018-07-11,189.779999
AAPL_High,2018-07-12,191.410004
AAPL_High,2018-07-13,191.839996
AAPL_High,2018-07-16,192.649994
AAPL_High,2018-07-17,191.869995
AAPL_High,2018-07-18,191.800003
AAPL_High,2018-07-19,192.550003
AAPL_High,2018-07-20,192.429993
AAPL_High,2018-07-23,191.960007
AAPL_High,2018-07-24,193.660004
AAPL_High,2018-07-25,194.850006
AAPL_High,2018-07-26,195.960007
AAPL_High,2018-07-27,195.190002
AAPL_High,2018-07-30,192.199997
AAPL_High,2018-07-31,192.139999
AAPL_High,2018-08-01,201.759995
AAPL_High,2018-08-02,208.380005
AAPL_High,2018-08-03,208.740005
AAPL_High,2018-08-06,209.25
AAPL_High,2018-08-07,209.5
AAPL_High,2018-08-08,207.809998
AAPL_High,2018-08-09,209.779999
AAPL_High,2018-08-10,209.100006
AAPL_High,2018-08-13,210.949997
AAPL_High,2018-08-14,210.559998
AAPL_High,2018-08-15,210.740005
AAPL_High,2018-08-16,213.809998
AAPL_High,2018-08-17,217.949997
AAPL_High,2018-08-20,219.179993
AAPL_High,2018-08-21,217.190002
AAPL_High,2018-08-22,216.360001
AAPL_High,2018-08-23,217.050003
AAPL_High,2018-08-24,216.899994
AAPL_High,2018-08-27,218.740005
AAPL_High,2018-08-28,220.539993
AAPL_High,2018-08-29,223.490005
AAPL_High,2018-08-30,228.259995
AAPL_High,2018-08-31,228.869995
AAPL_High,2018-09-04,229.179993
AAPL_High,2018-09-05,229.669998
AAPL_High,2018-09-06,227.350006
AAPL_High,2018-09-07,225.369995
AAPL_High,2018-09-10,221.850006
AAPL_High,2018-09-11,224.300003
AAPL_High,2018-09-12,225
AAPL_High,2018-09-13,228.350006
AAPL_High,2018-09-14,226.839996
AAPL_High,2018-09-17,222.949997
AAPL_High,2018-09-18,221.850006
AAPL_High,2018-09-19,219.619995
AAPL_High,2018-09-20,222.279999
AAPL_High,2018-09-21,221.360001
AAPL_High,2018-09-24,221.259995
AAPL_High,2018-09-25,222.820007
AAPL_High,2018-09-26,223.75
AAPL_High,2018-09-27,226.440002
AAPL_High,2018-09-28,225.839996
AAPL_High,2018-10-01,229.419998
AAPL_High,2018-10-02,230
AAPL_High,2018-10-03,233.470001
AAPL_High,2018-10-04,232.350006
AAPL_High,2018-10-05,228.410004
AAPL_High,2018-10-08,224.800003
AAPL_High,2018-10-09,227.270004
AAPL_High,2018-10-10,226.350006
AAPL_High,2018-10-11,219.5
AAPL_High,2018-10-12,222.880005
AAPL_High,2018-10-15,221.830002
AAPL_High,2018-10-16,222.990005
AAPL_High,2018-10-17,222.639999
AAPL_High,2018-10-18,219.740005
AAPL_High,2018-10-19,221.259995
AAPL_High,2018-10-22,223.360001
AAPL_High,2018-10-23,223.25
AAPL_High,2018-10-24,224.229996
AAPL_High,2018-10-25,221.380005
AAPL_High,2018-10-26,220.190002
AAPL_High,2018-10-29,219.690002
AAPL_High,2018-10-30,215.179993
AAPL_High,2018-10-31,220.449997
AAPL_High,2018-11-01,222.360001
AAPL_High,2018-11-02,213.649994
AAPL_High,2018-11-05,204.389999
AAPL_High,2018-11-06,204.720001
AAPL_High,2018-11-07,210.059998
AAPL_High,2018-11-08,210.119995
AAPL_High,2018-11-09,206.009995
AAPL_High,2018-11-12,199.850006
AAPL_High,2018-11-13,197.179993
AAPL_High,2018-11-14,194.479996
AAPL_High,2018-11-15,191.970001
AAPL_High,2018-11-16,194.970001
AAPL_High,2018-11-19,190.699997
AAPL_High,2018-11-20,181.470001
AAPL_High,2018-11-21,180.270004
AAPL_High,2018-11-23,176.600006
AAPL_High,2018-11-26,174.949997
AAPL_High,2018-11-27,174.770004
AAPL_High,2018-11-28,181.289993
AAPL_High,2018-11-29,182.800003
AAPL_High,2018-11-30,180.330002
AAPL_High,2018-12-03,184.940002
AAPL_High,2018-12-04,182.389999
AAPL_High,2018-12-06,174.779999
AAPL_High,2018-12-07,174.490005
AAPL_High,2018-12-10,170.089996
AAPL_High,2018-12-11,171.789993
AAPL_High,2018-12-12,171.919998
AAPL_High,2018-12-13,172.570007
AAPL_High,2018-12-14,169.080002
AAPL_High,2018-12-17,168.350006
AAPL_High,2018-12-18,167.529999
AAPL_High,2018-12-19,167.449997
AAPL_High,2018-12-20,162.110001
AAPL_High,2018-12-21,158.160004
AAPL_High,2018-12-24,151.550003
AAPL_High,2018-12-26,157.229996
AAPL_High,2018-12-27,156.770004
AAPL_High,2018-12-28,158.520004
AAPL_High,2018-12-31,159.360001
AMZN_High,2014-01-02,399.359985
AMZN_High,2014-01-03,402.709991
AMZN_High,2014-01-06,397
AMZN_High,2014-01-07,398.470001
AMZN_High,2014-01-08,403
AMZN_High,2014-01-09,406.890015
AMZN_High,2014-01-10,403.76001
AMZN_High,2014-01-13,399.779999
AMZN_High,2014-01-14,398.630005
AMZN_High,2014-01-15,399.309998
AMZN_High,2014-01-16,399.290009
AMZN_High,2014-01-17,403.48999
AMZN_High,2014-01-21,407.799988
AMZN_High,2014-01-22,408.059998
AMZN_High,2014-01-23,406.170013
AMZN_High,2014-01-24,400.200012
AMZN_High,2014-01-27,394.100006
AMZN_High,2014-01-28,394.73999
AMZN_High,2014-01-29,392.850006
AMZN_High,2014-01-30,406.25
AMZN_High,2014-01-31,375.450012
AMZN_High,2014-02-03,360.850006
AMZN_High,2014-02-04,354
AMZN_High,2014-02-05,349.369995
AMZN_High,2014-02-06,354.820007
AMZN_High,2014-02-07,361.799988
AMZN_High,2014-02-10,365
AMZN_High,2014-02-11,363.609985
AMZN_High,2014-02-12,357.75
AMZN_High,2014-02-13,357.200012
AMZN_High,2014-02-14,359.339996
AMZN_High,2014-02-18,355.730011
AMZN_High,2014-02-19,354.540009
AMZN_High,2014-02-20,350.459991
AMZN_High,2014-02-21,354.140015
AMZN_High,2014-02-24,353
AMZN_High,2014-02-25,361.079987
AMZN_High,2014-02-26,364.75
AMZN_High,2014-02-27,360.589996
AMZN_High,2014-02-28,365.869995
AMZN_High,2014-03-03,360.959991
AMZN_High,2014-03-04,365.679993
AMZN_High,2014-03-05,372.730011
AMZN_High,2014-03-06,375.329987
AMZN_High,2014-03-07,374.98999
AMZN_High,2014-03-10,372.730011
AMZN_High,2014-03-11,372.799988
AMZN_High,2014-03-12,371.160004
AMZN_High,2014-03-13,383.109985
AMZN_High,2014-03-14,378.570007
AMZN_High,2014-03-17,378.850006
AMZN_High,2014-03-18,379
AMZN_High,2014-03-19,379
AMZN_High,2014-03-20,373
AMZN_High,2014-03-21,372.839996
AMZN_High,2014-03-24,361.5
AMZN_High,2014-03-25,358.970001
AMZN_High,2014-03-26,357.600006
AMZN_High,2014-03-27,344
AMZN_High,2014-03-28,347
AMZN_High,2014-03-31,346.290009
AMZN_High,2014-04-01,344.429993
AMZN_High,2014-04-02,348.299988
AMZN_High,2014-04-03,342.5
AMZN_High,2014-04-04,335.440002
AMZN_High,2014-04-07,324.940002
AMZN_High,2014-04-08,328
AMZN_High,2014-04-09,332.179993
AMZN_High,2014-04-10,331
AMZN_High,2014-04-11,316.5
AMZN_High,2014-04-14,320.480011
AMZN_High,2014-04-15,318.279999
AMZN_High,2014-04-16,324
AMZN_High,2014-04-17,328.660004
AMZN_High,2014-04-21,331.149994
AMZN_High,2014-04-22,337.5
AMZN_High,2014-04-23,333.130005
AMZN_High,2014-04-24,337.399994
AMZN_High,2014-04-25,316.48999
AMZN_High,2014-04-28,304.390015
AMZN_High,2014-04-29,301.839996
AMZN_High,2014-04-30,304.559998
AMZN_High,2014-05-01,310.480011
AMZN_High,2014-05-02,313.290009
AMZN_High,2014-05-05,310.230011
AMZN_High,2014-05-06,309.809998
AMZN_High,2014-05-07,296.399994
AMZN_High,2014-05-08,295.880005
AMZN_High,2014-05-09,293.679993
AMZN_High,2014-05-12,303.339996
AMZN_High,2014-05-13,305.600006
AMZN_High,2014-05-14,304.640015
AMZN_High,2014-05-15,299.200012
AMZN_High,2014-05-16,298.880005
AMZN_High,2014-05-19,299
AMZN_High,2014-05-20,304.459991
AMZN_High,2014-05-21,305.959991
AMZN_High,2014-05-22,308.540009
AMZN_High,2014-05-23,312.350006
AMZN_High,2014-05-27,314.630005
AMZN_High,2014-05-28,313.820007
AMZN_High,2014-05-29,314.869995
AMZN_High,2014-05-30,314.649994
AMZN_High,2014-06-02,312.600006
AMZN_High,2014-06-03,307.920013
AMZN_High,2014-06-04,309.5
AMZN_High,2014-06-05,327.940002
AMZN_High,2014-06-06,330.880005
AMZN_High,2014-06-09,333
AMZN_High,2014-06-10,335.5
AMZN_High,2014-06-11,340.720001
AMZN_High,2014-06-12,335.549988
AMZN_High,2014-06-13,329.299988
AMZN_High,2014-06-16,328.690002
AMZN_High,2014-06-17,331.339996
AMZN_High,2014-06-18,335.75
AMZN_High,2014-06-19,338.899994
AMZN_High,2014-06-20,328.220001
AMZN_High,2014-06-23,327.549988
AMZN_High,2014-06-24,329.730011
AMZN_High,2014-06-25,328.149994
AMZN_High,2014-06-26,328.649994
AMZN_High,2014-06-27,326.519989
AMZN_High,2014-06-30,326.980011
AMZN_High,2014-07-01,333.200012
AMZN_High,2014-07-02,336.76001
AMZN_High,2014-07-03,338.299988
AMZN_High,2014-07-07,337.549988
AMZN_High,2014-07-08,333.73999
AMZN_High,2014-07-09,330.200012
AMZN_High,2014-07-10,329.980011
AMZN_High,2014-07-11,347
AMZN_High,2014-07-14,355.769989
AMZN_High,2014-07-15,355.589996
AMZN_High,2014-07-16,359.320007
AMZN_High,2014-07-17,356.959991
AMZN_High,2014-07-18,359.679993
AMZN_High,2014-07-21,361.709991
AMZN_High,2014-07-22,362.929993
AMZN_High,2014-07-23,360.630005
AMZN_High,2014-07-24,364.850006
AMZN_High,2014-07-25,324.869995
AMZN_High,2014-07-28,324.820007
AMZN_High,2014-07-29,322.899994
AMZN_High,2014-07-30,322.730011
AMZN_High,2014-07-31,320.679993
AMZN_High,2014-08-01,315.829987
AMZN_High,2014-08-04,316.179993
AMZN_High,2014-08-05,314.549988
AMZN_High,2014-08-06,315.779999
AMZN_High,2014-08-07,315.880005
AMZN_High,2014-08-08,317.320007
AMZN_High,2014-08-11,320.380005
AMZN_High,2014-08-12,321.309998
AMZN_High,2014-08-13,331.720001
AMZN_High,2014-08-14,334.089996
AMZN_High,2014-08-15,335
AMZN_High,2014-08-18,337.799988
AMZN_High,2014-08-19,335.809998
AMZN_High,2014-08-20,337.160004
AMZN_High,2014-08-21,336.579987
AMZN_High,2014-08-22,334.079987
AMZN_High,2014-08-25,336.769989
AMZN_High,2014-08-26,344.359985
AMZN_High,2014-08-27,346.670013
AMZN_High,2014-08-28,341.790009
AMZN_High,2014-08-29,341.820007
AMZN_High,2014-09-02,342.5
AMZN_High,2014-09-03,343.269989
AMZN_High,2014-09-04,349.380005
AMZN_High,2014-09-05,346.829987
AMZN_High,2014-09-08,345.809998
AMZN_High,2014-09-09,341.76001
AMZN_High,2014-09-10,334.980011
AMZN_High,2014-09-11,333.01001
AMZN_High,2014-09-12,332.890015
AMZN_High,2014-09-15,331.329987
AMZN_High,2014-09-16,329.480011
AMZN_High,2014-09-17,328
AMZN_High,2014-09-18,327.100006
AMZN_High,2014-09-19,332.76001
AMZN_High,2014-09-22,329.48999
AMZN_High,2014-09-23,327.600006
AMZN_High,2014-09-24,329.440002
AMZN_High,2014-09-25,328.540009
AMZN_High,2014-09-26,323.5
AMZN_High,2014-09-29,323.75
AMZN_High,2014-09-30,323.429993
AMZN_High,2014-10-01,322.170013
AMZN_High,2014-10-02,318.529999
AMZN_High,2014-10-03,325.160004
AMZN_High,2014-10-06,324.130005
AMZN_High,2014-10-07,322
AMZN_High,2014-10-08,324.109985
AMZN_High,2014-10-09,322.269989
AMZN_High,2014-10-10,317.769989
AMZN_High,2014-10-13,313.200012
AMZN_High,2014-10-14,312.23999
AMZN_High,2014-10-15,307.899994
AMZN_High,2014-10-16,306.820007
AMZN_High,2014-10-17,309.200012
AMZN_High,2014-10-20,306.529999
AMZN_High,2014-10-21,315.640015
AMZN_High,2014-10-22,318.980011
AMZN_High,2014-10-23,316.799988
AMZN_High,2014-10-24,293.809998
AMZN_High,2014-10-27,290.420013
AMZN_High,2014-10-28,298
AMZN_High,2014-10-29,299.609985
AMZN_High,2014-10-30,299.73999
AMZN_High,2014-10-31,305.720001
AMZN_High,2014-11-03,308.01001
AMZN_High,2014-11-04,304.25
AMZN_High,2014-11-05,304
AMZN_High,2014-11-06,297
AMZN_High,2014-11-07,299.98999
AMZN_High,2014-11-10,305.799988
AMZN_High,2014-11-11,312.380005
AMZN_High,2014-11-12,312.579987
AMZN_High,2014-11-13,317.890015
AMZN_High,2014-11-14,332.880005
AMZN_High,2014-11-17,328
AMZN_High,2014-11-18,329.559998
AMZN_High,2014-11-19,328.399994
AMZN_High,2014-11-20,332.670013
AMZN_High,2014-11-21,338.329987
AMZN_High,2014-11-24,337.390015
AMZN_High,2014-11-25,336.329987
AMZN_High,2014-11-26,334.649994
AMZN_High,2014-11-28,341.26001
AMZN_High,2014-12-01,340.640015
AMZN_High,2014-12-02,327.929993
AMZN_High,2014-12-03,326.769989
AMZN_High,2014-12-04,318.589996
AMZN_High,2014-12-05,316.929993
AMZN_High,2014-12-08,316.559998
AMZN_High,2014-12-09,313.640015
AMZN_High,2014-12-10,313.190002
AMZN_High,2014-12-11,312.640015
AMZN_High,2014-12-12,310.640015
AMZN_High,2014-12-15,310.859985
AMZN_High,2014-12-16,304.48999
AMZN_High,2014-12-17,299.670013
AMZN_High,2014-12-18,304.5
AMZN_High,2014-12-19,301.540009
AMZN_High,2014-12-22,307.359985
AMZN_High,2014-12-23,307.48999
AMZN_High,2014-12-24,307
AMZN_High,2014-12-26,310.779999
AMZN_High,2014-12-29,314.269989
AMZN_High,2014-12-30,313.940002
AMZN_High,2014-12-31,312.980011
AMZN_High,2015-01-02,314.75
AMZN_High,2015-01-05,308.380005
AMZN_High,2015-01-06,303
AMZN_High,2015-01-07,301.279999
AMZN_High,2015-01-08,303.140015
AMZN_High,2015-01-09,302.869995
AMZN_High,2015-01-12,298.51001
AMZN_High,2015-01-13,301.5
AMZN_High,2015-01-14,295.910004
AMZN_High,2015-01-15,296
AMZN_High,2015-01-16,290.790009
AMZN_High,2015-01-20,293.359985
AMZN_High,2015-01-21,306
AMZN_High,2015-01-22,312.25
AMZN_High,2015-01-23,316.929993
AMZN_High,2015-01-26,313
AMZN_High,2015-01-27,310.23999
AMZN_High,2015-01-28,311.51001
AMZN_High,2015-01-29,312.799988
AMZN_High,2015-01-30,359.5
AMZN_High,2015-02-02,365
AMZN_High,2015-02-03,367.820007
AMZN_High,2015-02-04,367.5
AMZN_High,2015-02-05,378.799988
AMZN_High,2015-02-06,375.98999
AMZN_High,2015-02-09,374.410004
AMZN_High,2015-02-10,374.299988
AMZN_High,2015-02-11,377.100006
AMZN_High,2015-02-12,378.51001
AMZN_High,2015-02-13,383
AMZN_High,2015-02-17,379.98999
AMZN_High,2015-02-18,376.73999
AMZN_High,2015-02-19,381.880005
AMZN_High,2015-02-20,383.700012
AMZN_High,2015-02-23,384.540009
AMZN_High,2015-02-24,380.480011
AMZN_High,2015-02-25,387.850006
AMZN_High,2015-02-26,389.369995
AMZN_High,2015-02-27,385.98999
AMZN_High,2015-03-02,385.899994
AMZN_High,2015-03-03,386.100006
AMZN_High,2015-03-04,387.899994
AMZN_High,2015-03-05,388.420013
AMZN_High,2015-03-06,387
AMZN_High,2015-03-09,379.329987
AMZN_High,2015-03-10,377.769989
AMZN_High,2015-03-11,373.350006
AMZN_High,2015-03-12,375.5
AMZN_High,2015-03-13,373.98999
AMZN_High,2015-03-16,373.940002
AMZN_High,2015-03-17,374.5
AMZN_High,2015-03-18,375.98999
AMZN_High,2015-03-19,377.109985
AMZN_High,2015-03-20,379.369995
AMZN_High,2015-03-23,381.769989
AMZN_High,2015-03-24,375.23999
AMZN_High,2015-03-25,380.5
AMZN_High,2015-03-26,371.399994
AMZN_High,2015-03-27,373.170013
AMZN_High,2015-03-30,376.119995
AMZN_High,2015-03-31,377.700012
AMZN_High,2015-04-01,373.160004
AMZN_High,2015-04-02,373.279999
AMZN_High,2015-04-06,380.200012
AMZN_High,2015-04-07,379.309998
AMZN_High,2015-04-08,381.579987
AMZN_High,2015-04-09,384.420013
AMZN_High,2015-04-10,387.119995
AMZN_High,2015-04-13,385.279999
AMZN_High,2015-04-14,387.809998
AMZN_High,2015-04-15,385.779999
AMZN_High,2015-04-16,387.450012
AMZN_High,2015-04-17,383.559998
AMZN_High,2015-04-20,391.940002
AMZN_High,2015-04-21,394.600006
AMZN_High,2015-04-22,394.279999
AMZN_High,2015-04-23,391.880005
AMZN_High,2015-04-24,452.649994
AMZN_High,2015-04-27,446.98999
AMZN_High,2015-04-28,439
AMZN_High,2015-04-29,434.23999
AMZN_High,2015-04-30,431.75
AMZN_High,2015-05-01,425.640015
AMZN_High,2015-05-04,429.769989
AMZN_High,2015-05-05,427.51001
AMZN_High,2015-05-06,422.720001
AMZN_High,2015-05-07,428.5
AMZN_High,2015-05-08,435.200012
AMZN_High,2015-05-11,439
AMZN_High,2015-05-12,433.25
AMZN_High,2015-05-13,433.529999
AMZN_High,2015-05-14,433
AMZN_High,2015-05-15,430.399994
AMZN_High,2015-05-18,427.269989
AMZN_High,2015-05-19,428.23999
AMZN_High,2015-05-20,427.100006
AMZN_High,2015-05-21,436.899994
AMZN_High,2015-05-22,432.440002
AMZN_High,2015-05-26,427
AMZN_High,2015-05-27,431.850006
AMZN_High,2015-05-28,431.350006
AMZN_High,2015-05-29,432.5
AMZN_High,2015-06-01,433.160004
AMZN_High,2015-06-02,433.230011
AMZN_High,2015-06-03,438.390015
AMZN_High,2015-06-04,436.76001
AMZN_High,2015-06-05,430.799988
AMZN_High,2015-06-08,426.799988
AMZN_High,2015-06-09,427.48999
AMZN_High,2015-06-10,432.200012
AMZN_High,2015-06-11,438.890015
AMZN_High,2015-06-12,432.359985
AMZN_High,2015-06-15,428.049988
AMZN_High,2015-06-16,427.970001
AMZN_High,2015-06-17,431.350006
AMZN_High,2015-06-18,439.730011
AMZN_High,2015-06-19,444.98999
AMZN_High,2015-06-22,439.23999
AMZN_High,2015-06-23,447.040009
AMZN_High,2015-06-24,446.470001
AMZN_High,2015-06-25,443.470001
AMZN_High,2015-06-26,443.48999
AMZN_High,2015-06-29,437
AMZN_High,2015-06-30,435.570007
AMZN_High,2015-07-01,440
AMZN_High,2015-07-02,438.200012
AMZN_High,2015-07-06,439.730011
AMZN_High,2015-07-07,437.730011
AMZN_High,2015-07-08,435.98999
AMZN_High,2015-07-09,438.720001
AMZN_High,2015-07-10,444.720001
AMZN_High,2015-07-13,457.869995
AMZN_High,2015-07-14,469.600006
AMZN_High,2015-07-15,464.700012
AMZN_High,2015-07-16,475.880005
AMZN_High,2015-07-17,485.420013
AMZN_High,2015-07-20,493.200012
AMZN_High,2015-07-21,488.880005
AMZN_High,2015-07-22,492.5
AMZN_High,2015-07-23,491.660004
AMZN_High,2015-07-24,580.570007
AMZN_High,2015-07-27,544.950012
AMZN_High,2015-07-28,536.390015
AMZN_High,2015-07-29,532.969971
AMZN_High,2015-07-30,539.200012
AMZN_High,2015-07-31,542.840027
AMZN_High,2015-08-03,540.440002
AMZN_High,2015-08-04,536.950012
AMZN_High,2015-08-05,539.140015
AMZN_High,2015-08-06,542.73999
AMZN_High,2015-08-07,529.460022
AMZN_High,2015-08-10,532.280029
AMZN_High,2015-08-11,528.97998
AMZN_High,2015-08-12,527.5
AMZN_High,2015-08-13,534.659973
AMZN_High,2015-08-14,534.109985
AMZN_High,2015-08-17,538.73999
AMZN_High,2015-08-18,539.48999
AMZN_High,2015-08-19,537.25
AMZN_High,2015-08-20,533.25
AMZN_High,2015-08-21,512.330017
AMZN_High,2015-08-24,476.579987
AMZN_High,2015-08-25,489.440002
AMZN_High,2015-08-26,503.720001
AMZN_High,2015-08-27,522.690002
AMZN_High,2015-08-28,521.5
AMZN_High,2015-08-31,519.409973
AMZN_High,2015-09-01,510
AMZN_High,2015-09-02,510.859985
AMZN_High,2015-09-03,515.840027
AMZN_High,2015-09-04,502.850006
AMZN_High,2015-09-08,518.349976
AMZN_High,2015-09-09,529.950012
AMZN_High,2015-09-10,526.130005
AMZN_High,2015-09-11,529.440002
AMZN_High,2015-09-14,532.450012
AMZN_High,2015-09-15,527.919983
AMZN_High,2015-09-16,528.299988
AMZN_High,2015-09-17,546.969971
AMZN_High,2015-09-18,546.23999
AMZN_High,2015-09-21,549.780029
AMZN_High,2015-09-22,543.549988
AMZN_High,2015-09-23,541.210022
AMZN_High,2015-09-24,534.559998
AMZN_High,2015-09-25,542.799988
AMZN_High,2015-09-28,520.280029
AMZN_High,2015-09-29,511.480011
AMZN_High,2015-09-30,512.799988
AMZN_High,2015-10-01,520.799988
AMZN_High,2015-10-02,532.599976
AMZN_High,2015-10-05,545.909973
AMZN_High,2015-10-06,551.5
AMZN_High,2015-10-07,542
AMZN_High,2015-10-08,539.390015
AMZN_High,2015-10-09,541.789978
AMZN_High,2015-10-12,550.820007
AMZN_High,2015-10-13,553.200012
AMZN_High,2015-10-14,552.25
AMZN_High,2015-10-15,563
AMZN_High,2015-10-16,570.940002
AMZN_High,2015-10-19,579
AMZN_High,2015-10-20,573
AMZN_High,2015-10-21,565.25
AMZN_High,2015-10-22,569.150024
AMZN_High,2015-10-23,619.450012
AMZN_High,2015-10-26,609.849976
AMZN_High,2015-10-27,614.710022
AMZN_High,2015-10-28,617.22998
AMZN_High,2015-10-29,627.539978
AMZN_High,2015-10-30,630.719971
AMZN_High,2015-11-02,628.630005
AMZN_High,2015-11-03,629.890015
AMZN_High,2015-11-04,645.929993
AMZN_High,2015-11-05,657
AMZN_High,2015-11-06,662.26001
AMZN_High,2015-11-09,661.960022
AMZN_High,2015-11-10,660
AMZN_High,2015-11-11,675.960022
AMZN_High,2015-11-12,675.640015
AMZN_High,2015-11-13,667
AMZN_High,2015-11-16,649.98999
AMZN_High,2015-11-17,653.25
AMZN_High,2015-11-18,664.880005
AMZN_High,2015-11-19,672.859985
AMZN_High,2015-11-20,668.869995
AMZN_High,2015-11-23,682.77002
AMZN_High,2015-11-24,675.799988
AMZN_High,2015-11-25,679.700012
AMZN_High,2015-11-27,680.98999
AMZN_High,2015-11-30,681.289978
AMZN_High,2015-12-01,681
AMZN_High,2015-12-02,684.820007
AMZN_High,2015-12-03,682.789978
AMZN_High,2015-12-04,674.780029
AMZN_High,2015-12-07,675.460022
AMZN_High,2015-12-08,679.98999
AMZN_High,2015-12-09,679
AMZN_High,2015-12-10,668.530029
AMZN_High,2015-12-11,657.880005
AMZN_High,2015-12-14,658.590027
AMZN_High,2015-12-15,671.5
AMZN_High,2015-12-16,677.349976
AMZN_High,2015-12-17,682.5
AMZN_High,2015-12-18,676.840027
AMZN_High,2015-12-21,669.900024
AMZN_High,2015-12-22,668.48999
AMZN_High,2015-12-23,666.599976
AMZN_High,2015-12-24,664.679993
AMZN_High,2015-12-28,675.5
AMZN_High,2015-12-29,696.440002
AMZN_High,2015-12-30,695.48999
AMZN_High,2015-12-31,687.75
AMZN_High,2016-01-04,657.719971
AMZN_High,2016-01-05,646.909973
AMZN_High,2016-01-06,639.789978
AMZN_High,2016-01-07,630
AMZN_High,2016-01-08,624.140015
AMZN_High,2016-01-11,619.849976
AMZN_High,2016-01-12,625.98999
AMZN_High,2016-01-13,620.880005
AMZN_High,2016-01-14,602.25
AMZN_High,2016-01-15,584.619995
AMZN_High,2016-01-19,584
AMZN_High,2016-01-20,578.450012
AMZN_High,2016-01-21,588.809998
AMZN_High,2016-01-22,600.099976
AMZN_High,2016-01-25,608.5
AMZN_High,2016-01-26,604.5
AMZN_High,2016-01-27,603.390015
AMZN_High,2016-01-28,638.059998
AMZN_High,2016-01-29,593
AMZN_High,2016-02-01,581.799988
AMZN_High,2016-02-02,571.559998
AMZN_High,2016-02-03,556
AMZN_High,2016-02-04,538.98999
AMZN_High,2016-02-05,529.450012
AMZN_High,2016-02-08,493.5
AMZN_High,2016-02-09,498.380005
AMZN_High,2016-02-10,504.660004
AMZN_High,2016-02-11,509.299988
AMZN_High,2016-02-12,516.75
AMZN_High,2016-02-16,524.450012
AMZN_High,2016-02-17,537.47998
AMZN_High,2016-02-18,541.200012
AMZN_High,2016-02-19,535.950012
AMZN_High,2016-02-22,560.650024
AMZN_High,2016-02-23,556.909973
AMZN_High,2016-02-24,554.27002
AMZN_High,2016-02-25,559.390015
AMZN_High,2016-02-26,562.5
AMZN_High,2016-02-29,564.809998
AMZN_High,2016-03-01,579.25
AMZN_High,2016-03-02,585
AMZN_High,2016-03-03,579.869995
AMZN_High,2016-03-04,581.400024
AMZN_High,2016-03-07,573.630005
AMZN_High,2016-03-08,571.349976
AMZN_High,2016-03-09,560.349976
AMZN_High,2016-03-10,567
AMZN_High,2016-03-11,570.059998
AMZN_High,2016-03-14,576.890015
AMZN_High,2016-03-15,581.52002
AMZN_High,2016-03-16,581.320007
AMZN_High,2016-03-17,571.400024
AMZN_High,2016-03-18,562.330017
AMZN_High,2016-03-21,555.23999
AMZN_High,2016-03-22,562.76001
AMZN_High,2016-03-23,572.47998
AMZN_High,2016-03-24,583.549988
AMZN_High,2016-03-28,584.75
AMZN_High,2016-03-29,595.849976
AMZN_High,2016-03-30,603.23999
AMZN_High,2016-03-31,600.75
AMZN_High,2016-04-01,599.030029
AMZN_High,2016-04-04,599.5
AMZN_High,2016-04-05,593.469971
AMZN_High,2016-04-06,602.390015
AMZN_High,2016-04-07,599.599976
AMZN_High,2016-04-08,597.859985
AMZN_High,2016-04-11,604
AMZN_High,2016-04-12,604.059998
AMZN_High,2016-04-13,616.809998
AMZN_High,2016-04-14,624.380005
AMZN_High,2016-04-15,626.77002
AMZN_High,2016-04-18,637.640015
AMZN_High,2016-04-19,638.01001
AMZN_High,2016-04-20,636.549988
AMZN_High,2016-04-21,637.820007
AMZN_High,2016-04-22,628.25
AMZN_High,2016-04-25,626.97998
AMZN_High,2016-04-26,626.75
AMZN_High,2016-04-27,615.950012
AMZN_High,2016-04-28,626.799988
AMZN_High,2016-04-29,669.97998
AMZN_High,2016-05-02,685.5
AMZN_High,2016-05-03,680.299988
AMZN_High,2016-05-04,674
AMZN_High,2016-05-05,676.48999
AMZN_High,2016-05-06,676.950012
AMZN_High,2016-05-09,686.97998
AMZN_High,2016-05-10,704.549988
AMZN_High,2016-05-11,719
AMZN_High,2016-05-12,722.450012
AMZN_High,2016-05-13,719.25
AMZN_High,2016-05-16,713.25
AMZN_High,2016-05-17,714.469971
AMZN_High,2016-05-18,702.539978
AMZN_High,2016-05-19,699.400024
AMZN_High,2016-05-20,707.23999
AMZN_High,2016-05-23,706
AMZN_High,2016-05-24,707.5
AMZN_High,2016-05-25,710.859985
AMZN_High,2016-05-26,715
AMZN_High,2016-05-27,716.599976
AMZN_High,2016-05-31,724.22998
AMZN_High,2016-06-01,726.429993
AMZN_High,2016-06-02,728.280029
AMZN_High,2016-06-03,727
AMZN_High,2016-06-06,731.5
AMZN_High,2016-06-07,730
AMZN_High,2016-06-08,729.419983
AMZN_High,2016-06-09,728.909973
AMZN_High,2016-06-10,724.97998
AMZN_High,2016-06-13,721.98999
AMZN_High,2016-06-14,720.809998
AMZN_High,2016-06-15,722.559998
AMZN_High,2016-06-16,718
AMZN_High,2016-06-17,718.200012
AMZN_High,2016-06-20,721.309998
AMZN_High,2016-06-21,718.400024
AMZN_High,2016-06-22,717
AMZN_High,2016-06-23,722.119995
AMZN_High,2016-06-24,712.530029
AMZN_High,2016-06-27,696.820007
AMZN_High,2016-06-28,708
AMZN_High,2016-06-29,719.5
AMZN_High,2016-06-30,719.369995
AMZN_High,2016-07-01,728
AMZN_High,2016-07-05,729.559998
AMZN_High,2016-07-06,737.77002
AMZN_High,2016-07-07,739.549988
AMZN_High,2016-07-08,746.099976
AMZN_High,2016-07-11,755.900024
AMZN_High,2016-07-12,757.340027
AMZN_High,2016-07-13,756.869995
AMZN_High,2016-07-14,749.039978
AMZN_High,2016-07-15,746.549988
AMZN_High,2016-07-18,741.599976
AMZN_High,2016-07-19,743.330017
AMZN_High,2016-07-20,746.25
AMZN_High,2016-07-21,749.359985
AMZN_High,2016-07-22,751.280029
AMZN_High,2016-07-25,748.5
AMZN_High,2016-07-26,743.130005
AMZN_High,2016-07-27,740.940002
AMZN_High,2016-07-28,753.359985
AMZN_High,2016-07-29,766
AMZN_High,2016-08-01,770.5
AMZN_High,2016-08-02,765.01001
AMZN_High,2016-08-03,758.890015
AMZN_High,2016-08-04,765
AMZN_High,2016-08-05,768.469971
AMZN_High,2016-08-08,767
AMZN_High,2016-08-09,772.599976
AMZN_High,2016-08-10,772.099976
AMZN_High,2016-08-11,773.75
AMZN_High,2016-08-12,773.150024
AMZN_High,2016-08-15,772.039978
AMZN_High,2016-08-16,768.72998
AMZN_High,2016-08-17,765.219971
AMZN_High,2016-08-18,765.169983
AMZN_High,2016-08-19,762.48999
AMZN_High,2016-08-22,759.849976
AMZN_High,2016-08-23,764.700012
AMZN_High,2016-08-24,763.409973
AMZN_High,2016-08-25,760.559998
AMZN_High,2016-08-26,770
AMZN_High,2016-08-29,774.97998
AMZN_High,2016-08-30,771.840027
AMZN_High,2016-08-31,769.640015
AMZN_High,2016-09-01,772.039978
AMZN_High,2016-09-02,776
AMZN_High,2016-09-06,789.47998
AMZN_High,2016-09-07,790.789978
AMZN_High,2016-09-08,786.5
AMZN_High,2016-09-09,781
AMZN_High,2016-09-12,772.659973
AMZN_High,2016-09-13,769.890015
AMZN_High,2016-09-14,767.5
AMZN_High,2016-09-15,770.869995
AMZN_High,2016-09-16,780.460022
AMZN_High,2016-09-19,781.940002
AMZN_High,2016-09-20,781.369995
AMZN_High,2016-09-21,790.690002
AMZN_High,2016-09-22,805.890015
AMZN_High,2016-09-23,807.75
AMZN_High,2016-09-26,805.929993
AMZN_High,2016-09-27,816.640015
AMZN_High,2016-09-28,830.140015
AMZN_High,2016-09-29,837.5
AMZN_High,2016-09-30,839.950012
AMZN_High,2016-10-03,839.859985
AMZN_High,2016-10-04,842.369995
AMZN_High,2016-10-05,845.669983
AMZN_High,2016-10-06,847.210022
AMZN_High,2016-10-07,845.950012
AMZN_High,2016-10-10,845.200012
AMZN_High,2016-10-11,841.289978
AMZN_High,2016-10-12,837.669983
AMZN_High,2016-10-13,831.799988
AMZN_High,2016-10-14,835.73999
AMZN_High,2016-10-17,822
AMZN_High,2016-10-18,823.26001
AMZN_High,2016-10-19,820.669983
AMZN_High,2016-10-20,815.710022
AMZN_High,2016-10-21,819.419983
AMZN_High,2016-10-24,838.299988
AMZN_High,2016-10-25,843.090027
AMZN_High,2016-10-26,833.440002
AMZN_High,2016-10-27,831.719971
AMZN_High,2016-10-28,789.48999
AMZN_High,2016-10-31,793.700012
AMZN_High,2016-11-01,800.840027
AMZN_High,2016-11-02,784.75
AMZN_High,2016-11-03,777
AMZN_High,2016-11-04,766
AMZN_High,2016-11-07,787.72998
AMZN_High,2016-11-08,791.73999
AMZN_High,2016-11-09,777.5
AMZN_High,2016-11-10,778.830017
AMZN_High,2016-11-11,743.26001
AMZN_High,2016-11-14,746
AMZN_High,2016-11-15,746.780029
AMZN_High,2016-11-16,749.869995
AMZN_High,2016-11-17,757.5
AMZN_High,2016-11-18,767.73999
AMZN_High,2016-11-21,780.349976
AMZN_High,2016-11-22,792.400024
AMZN_High,2016-11-23,781.75
AMZN_High,2016-11-25,786.75
AMZN_High,2016-11-28,777
AMZN_High,2016-11-29,769.890015
AMZN_High,2016-11-30,768.090027
AMZN_High,2016-12-01,753.369995
AMZN_High,2016-12-02,748.48999
AMZN_High,2016-12-05,761.48999
AMZN_High,2016-12-06,768.23999
AMZN_High,2016-12-07,770.419983
AMZN_High,2016-12-08,773.789978
AMZN_High,2016-12-09,770.25
AMZN_High,2016-12-12,766.890015
AMZN_High,2016-12-13,782.460022
AMZN_High,2016-12-14,780.859985
AMZN_High,2016-12-15,769.099976
AMZN_High,2016-12-16,765.130005
AMZN_High,2016-12-19,770.5
AMZN_High,2016-12-20,774.390015
AMZN_High,2016-12-21,771.219971
AMZN_High,2016-12-22,771.210022
AMZN_High,2016-12-23,766.5
AMZN_High,2016-12-27,774.650024
AMZN_High,2016-12-28,780
AMZN_High,2016-12-29,773.400024
AMZN_High,2016-12-30,767.400024
AMZN_High,2017-01-03,758.76001
AMZN_High,2017-01-04,759.679993
AMZN_High,2017-01-05,782.400024
AMZN_High,2017-01-06,799.440002
AMZN_High,2017-01-09,801.77002
AMZN_High,2017-01-10,798
AMZN_High,2017-01-11,799.5
AMZN_High,2017-01-12,814.130005
AMZN_High,2017-01-13,821.650024
AMZN_High,2017-01-17,816
AMZN_High,2017-01-18,811.72998
AMZN_High,2017-01-19,813.51001
AMZN_High,2017-01-20,816.02002
AMZN_High,2017-01-23,818.5
AMZN_High,2017-01-24,823.98999
AMZN_High,2017-01-25,837.419983
AMZN_High,2017-01-26,843.840027
AMZN_High,2017-01-27,839.700012
AMZN_High,2017-01-30,833.5
AMZN_High,2017-01-31,826.98999
AMZN_High,2017-02-01,833.780029
AMZN_High,2017-02-02,842.48999
AMZN_High,2017-02-03,818.299988
AMZN_High,2017-02-06,810.719971
AMZN_High,2017-02-07,816.159973
AMZN_High,2017-02-08,821.47998
AMZN_High,2017-02-09,825
AMZN_High,2017-02-10,828
AMZN_High,2017-02-13,843
AMZN_High,2017-02-14,838.309998
AMZN_High,2017-02-15,842.809998
AMZN_High,2017-02-16,845
AMZN_High,2017-02-17,847.27002
AMZN_High,2017-02-21,857.97998
AMZN_High,2017-02-22,858.429993
AMZN_High,2017-02-23,860.859985
AMZN_High,2017-02-24,845.809998
AMZN_High,2017-02-27,852.5
AMZN_High,2017-02-28,854.090027
AMZN_High,2017-03-01,854.830017
AMZN_High,2017-03-02,854.820007
AMZN_High,2017-03-03,851.98999
AMZN_High,2017-03-06,848.48999
AMZN_High,2017-03-07,848.460022
AMZN_High,2017-03-08,853.070007
AMZN_High,2017-03-09,856.400024
AMZN_High,2017-03-10,857.349976
AMZN_High,2017-03-13,855.690002
AMZN_High,2017-03-14,853.75
AMZN_High,2017-03-15,854.450012
AMZN_High,2017-03-16,855.5
AMZN_High,2017-03-17,853.830017
AMZN_High,2017-03-20,857.799988
AMZN_High,2017-03-21,862.799988
AMZN_High,2017-03-22,849.369995
AMZN_High,2017-03-23,850.890015
AMZN_High,2017-03-24,851.799988
AMZN_High,2017-03-27,850.299988
AMZN_High,2017-03-28,858.460022
AMZN_High,2017-03-29,876.440002
AMZN_High,2017-03-30,877.059998
AMZN_High,2017-03-31,890.349976
AMZN_High,2017-04-03,893.48999
AMZN_High,2017-04-04,908.539978
AMZN_High,2017-04-05,923.719971
AMZN_High,2017-04-06,917.190002
AMZN_High,2017-04-07,900.090027
AMZN_High,2017-04-10,908.51001
AMZN_High,2017-04-11,911.23999
AMZN_High,2017-04-12,904.090027
AMZN_High,2017-04-13,894.969971
AMZN_High,2017-04-17,902.380005
AMZN_High,2017-04-18,909.609985
AMZN_High,2017-04-19,910.5
AMZN_High,2017-04-20,905.320007
AMZN_High,2017-04-21,903.650024
AMZN_High,2017-04-24,909.98999
AMZN_High,2017-04-25,909.47998
AMZN_High,2017-04-26,915.75
AMZN_High,2017-04-27,921.859985
AMZN_High,2017-04-28,949.590027
AMZN_High,2017-05-01,954.400024
AMZN_High,2017-05-02,950.099976
AMZN_High,2017-05-03,946
AMZN_High,2017-05-04,945
AMZN_High,2017-05-05,940.789978
AMZN_High,2017-05-08,949.049988
AMZN_High,2017-05-09,957.890015
AMZN_High,2017-05-10,953.75
AMZN_High,2017-05-11,950.289978
AMZN_High,2017-05-12,962.789978
AMZN_High,2017-05-15,963.150024
AMZN_High,2017-05-16,970.059998
AMZN_High,2017-05-17,960.400024
AMZN_High,2017-05-18,962.75
AMZN_High,2017-05-19,968.919983
AMZN_High,2017-05-22,971.380005
AMZN_High,2017-05-23,975.200012
AMZN_High,2017-05-24,981
AMZN_High,2017-05-25,999
AMZN_High,2017-05-26,998.650024
AMZN_High,2017-05-30,1001.200012
AMZN_High,2017-05-31,1000.119995
AMZN_High,2017-06-01,998.98999
AMZN_High,2017-06-02,1008.47998
AMZN_High,2017-06-05,1013.210022
AMZN_High,2017-06-06,1016.5
AMZN_High,2017-06-07,1010.25
AMZN_High,2017-06-08,1013.609985
AMZN_High,2017-06-09,1012.98999
AMZN_High,2017-06-12,975.950012
AMZN_High,2017-06-13,984.5
AMZN_High,2017-06-14,990.340027
AMZN_High,2017-06-15,965.72998
AMZN_High,2017-06-16,999.75
AMZN_High,2017-06-19,1017
AMZN_High,2017-06-20,1004.880005
AMZN_High,2017-06-21,1002.719971
AMZN_High,2017-06-22,1006.960022
AMZN_High,2017-06-23,1004.619995
AMZN_High,2017-06-26,1009.799988
AMZN_High,2017-06-27,998.799988
AMZN_High,2017-06-28,990.679993
AMZN_High,2017-06-29,987.559998
AMZN_High,2017-06-30,983.469971
AMZN_High,2017-07-03,974.48999
AMZN_High,2017-07-05,975
AMZN_High,2017-07-06,974.400024
AMZN_High,2017-07-07,980.109985
AMZN_High,2017-07-10,999.440002
AMZN_High,2017-07-11,995.98999
AMZN_High,2017-07-12,1008.549988
AMZN_High,2017-07-13,1006.880005
AMZN_High,2017-07-14,1004.450012
AMZN_High,2017-07-17,1014.75
AMZN_High,2017-07-18,1026.030029
AMZN_High,2017-07-19,1031.589966
AMZN_High,2017-07-20,1034.969971
AMZN_High,2017-07-21,1026.099976
AMZN_High,2017-07-24,1043.01001
AMZN_High,2017-07-25,1043.329956
AMZN_High,2017-07-26,1053.199951
AMZN_High,2017-07-27,1083.310059
AMZN_High,2017-07-28,1032.849976
AMZN_High,2017-07-31,1019.049988
AMZN_High,2017-08-01,1006.400024
AMZN_High,2017-08-02,1003.210022
AMZN_High,2017-08-03,999.5
AMZN_High,2017-08-04,991.669983
AMZN_High,2017-08-07,995
AMZN_High,2017-08-08,996.280029
AMZN_High,2017-08-09,988
AMZN_High,2017-08-10,979.859985
AMZN_High,2017-08-11,970.390015
AMZN_High,2017-08-14,985.5
AMZN_High,2017-08-15,991.73999
AMZN_High,2017-08-16,986.460022
AMZN_High,2017-08-17,977.840027
AMZN_High,2017-08-18,965.429993
AMZN_High,2017-08-21,961.200012
AMZN_High,2017-08-22,967.929993
AMZN_High,2017-08-23,962
AMZN_High,2017-08-24,959
AMZN_High,2017-08-25,957.619995
AMZN_High,2017-08-28,953
AMZN_High,2017-08-29,956
AMZN_High,2017-08-30,969.409973
AMZN_High,2017-08-31,981
AMZN_High,2017-09-01,984.5
AMZN_High,2017-09-05,976.77002
AMZN_High,2017-09-06,971.840027
AMZN_High,2017-09-07,980.590027
AMZN_High,2017-09-08,979.880005
AMZN_High,2017-09-11,981.940002
AMZN_High,2017-09-12,984.669983
AMZN_High,2017-09-13,1000
AMZN_High,2017-09-14,998.559998
AMZN_High,2017-09-15,996.25
AMZN_High,2017-09-18,992.789978
AMZN_High,2017-09-19,978.23999
AMZN_High,2017-09-20,974.809998
AMZN_High,2017-09-21,971.700012
AMZN_High,2017-09-22,965.609985
AMZN_High,2017-09-25,949.419983
AMZN_High,2017-09-26,948.630005
AMZN_High,2017-09-27,955.299988
AMZN_High,2017-09-28,959.700012
AMZN_High,2017-09-29,964.830017
AMZN_High,2017-10-02,967.309998
AMZN_High,2017-10-03,963.690002
AMZN_High,2017-10-04,967.789978
AMZN_High,2017-10-05,981.51001
AMZN_High,2017-10-06,995.75
AMZN_High,2017-10-09,998.5
AMZN_High,2017-10-10,997.950012
AMZN_High,2017-10-11,995.5
AMZN_High,2017-10-12,1008.440002
AMZN_High,2017-10-13,1007.77002
AMZN_High,2017-10-16,1009.570007
AMZN_High,2017-10-17,1011.469971
AMZN_High,2017-10-18,1022.309998
AMZN_High,2017-10-19,991.049988
AMZN_High,2017-10-20,994.619995
AMZN_High,2017-10-23,986.780029
AMZN_High,2017-10-24,979.849976
AMZN_High,2017-10-25,984.440002
AMZN_High,2017-10-26,982.900024
AMZN_High,2017-10-27,1105.579956
AMZN_High,2017-10-30,1122.790039
AMZN_High,2017-10-31,1110.540039
AMZN_High,2017-11-01,1108.969971
AMZN_High,2017-11-02,1101.939941
AMZN_High,2017-11-03,1112.680054
AMZN_High,2017-11-06,1125.410034
AMZN_High,2017-11-07,1130.599976
AMZN_High,2017-11-08,1135.540039
AMZN_High,2017-11-09,1129.619995
AMZN_High,2017-11-10,1131.75
AMZN_High,2017-11-13,1139.900024
AMZN_High,2017-11-14,1138
AMZN_High,2017-11-15,1131.75
AMZN_High,2017-11-16,1138.160034
AMZN_High,2017-11-17,1138.800049
AMZN_High,2017-11-20,1133.420044
AMZN_High,2017-11-21,1140
AMZN_High,2017-11-22,1160.27002
AMZN_High,2017-11-24,1186.839966
AMZN_High,2017-11-27,1213.410034
AMZN_High,2017-11-28,1205.339966
AMZN_High,2017-11-29,1194.800049
AMZN_High,2017-11-30,1178.569946
AMZN_High,2017-12-01,1179.650024
AMZN_High,2017-12-04,1175.199951
AMZN_High,2017-12-05,1159.27002
AMZN_High,2017-12-06,1155.890015
AMZN_High,2017-12-07,1163.189941
AMZN_High,2017-12-08,1172.790039
AMZN_High,2017-12-11,1169.900024
AMZN_High,2017-12-12,1173.599976
AMZN_High,2017-12-13,1170.869995
AMZN_High,2017-12-14,1177.930054
AMZN_High,2017-12-15,1182.75
AMZN_High,2017-12-18,1194.780029
AMZN_High,2017-12-19,1192.969971
AMZN_High,2017-12-20,1191
AMZN_High,2017-12-21,1179.170044
AMZN_High,2017-12-22,1174.619995
AMZN_High,2017-12-26,1178.319946
AMZN_High,2017-12-27,1187.290039
AMZN_High,2017-12-28,1190.099976
AMZN_High,2017-12-29,1184
AMZN_High,2018-01-02,1190
AMZN_High,2018-01-03,1205.48999
AMZN_High,2018-01-04,1215.869995
AMZN_High,2018-01-05,1229.140015
AMZN_High,2018-01-08,1253.079956
AMZN_High,2018-01-09,1259.329956
AMZN_High,2018-01-10,1254.329956
AMZN_High,2018-01-11,1276.77002
AMZN_High,2018-01-12,1305.76001
AMZN_High,2018-01-16,1339.939941
AMZN_High,2018-01-17,1314
AMZN_High,2018-01-18,1304.599976
AMZN_High,2018-01-19,1313
AMZN_High,2018-01-22,1327.449951
AMZN_High,2018-01-23,1364.900024
AMZN_High,2018-01-24,1388.160034
AMZN_High,2018-01-25,1378.339966
AMZN_High,2018-01-26,1402.530029
AMZN_High,2018-01-29,1431.390015
AMZN_High,2018-01-30,1439.25
AMZN_High,2018-01-31,1472.579956
AMZN_High,2018-02-01,1459.880005
AMZN_High,2018-02-02,1498
AMZN_High,2018-02-05,1458.97998
AMZN_High,2018-02-06,1443.98999
AMZN_High,2018-02-07,1460.98999
AMZN_High,2018-02-08,1433.75
AMZN_High,2018-02-09,1383.5
AMZN_High,2018-02-12,1393.810059
AMZN_High,2018-02-13,1419.719971
AMZN_High,2018-02-14,1452.060059
AMZN_High,2018-02-15,1468.939941
AMZN_High,2018-02-16,1465.800049
AMZN_High,2018-02-20,1488.77002
AMZN_High,2018-02-21,1503.48999
AMZN_High,2018-02-22,1502.540039
AMZN_High,2018-02-23,1500
AMZN_High,2018-02-26,1522.839966
AMZN_High,2018-02-27,1526.780029
AMZN_High,2018-02-28,1528.699951
AMZN_High,2018-03-01,1518.48999
AMZN_High,2018-03-02,1501.050049
AMZN_High,2018-03-05,1525.380005
AMZN_High,2018-03-06,1542.130005
AMZN_High,2018-03-07,1545.900024
AMZN_High,2018-03-08,1554.880005
AMZN_High,2018-03-09,1578.939941
AMZN_High,2018-03-12,1605.329956
AMZN_High,2018-03-13,1617.540039
AMZN_High,2018-03-14,1606.439941
AMZN_High,2018-03-15,1596.910034
AMZN_High,2018-03-16,1589.439941
AMZN_High,2018-03-19,1561.660034
AMZN_High,2018-03-20,1587
AMZN_High,2018-03-21,1590
AMZN_High,2018-03-22,1573.849976
AMZN_High,2018-03-23,1549.02002
AMZN_High,2018-03-26,1556.98999
AMZN_High,2018-03-27,1575.969971
AMZN_High,2018-03-28,1455.900024
AMZN_High,2018-03-29,1455.469971
AMZN_High,2018-04-02,1421.359985
AMZN_High,2018-04-03,1414
AMZN_High,2018-04-04,1415.390015
AMZN_High,2018-04-05,1459.560059
AMZN_High,2018-04-06,1452.5
AMZN_High,2018-04-09,1438.47998
AMZN_High,2018-04-10,1438.380005
AMZN_High,2018-04-11,1448.780029
AMZN_High,2018-04-12,1452.119995
AMZN_High,2018-04-13,1459.780029
AMZN_High,2018-04-16,1447
AMZN_High,2018-04-17,1507.189941
AMZN_High,2018-04-18,1533.800049
AMZN_High,2018-04-19,1568.52002
AMZN_High,2018-04-20,1561.199951
AMZN_High,2018-04-23,1548
AMZN_High,2018-04-24,1539.5
AMZN_High,2018-04-25,1469.98999
AMZN_High,2018-04-26,1529.420044
AMZN_High,2018-04-27,1638.099976
AMZN_High,2018-04-30,1596
AMZN_High,2018-05-01,1585
AMZN_High,2018-05-02,1588.5
AMZN_High,2018-05-03,1574.800049
AMZN_High,2018-05-04,1584.900024
AMZN_High,2018-05-07,1606.949951
AMZN_High,2018-05-08,1596.880005
AMZN_High,2018-05-09,1608
AMZN_High,2018-05-10,1615.599976
AMZN_High,2018-05-11,1611.099976
AMZN_High,2018-05-14,1611.180054
AMZN_High,2018-05-15,1587.800049
AMZN_High,2018-05-16,1594.430054
AMZN_High,2018-05-17,1594.040039
AMZN_High,2018-05-18,1583.589966
AMZN_High,2018-05-21,1592.050049
AMZN_High,2018-05-22,1589.890015
AMZN_High,2018-05-23,1601.859985
AMZN_High,2018-05-24,1608.23999
AMZN_High,2018-05-25,1614.119995
AMZN_High,2018-05-29,1621.790039
AMZN_High,2018-05-30,1626
AMZN_High,2018-05-31,1635
AMZN_High,2018-06-01,1646.72998
AMZN_High,2018-06-04,1665.680054
AMZN_High,2018-06-05,1699
AMZN_High,2018-06-06,1714.5
AMZN_High,2018-06-07,1699.900024
AMZN_High,2018-06-08,1689.439941
AMZN_High,2018-06-11,1694.23999
AMZN_High,2018-06-12,1699.51001
AMZN_High,2018-06-13,1713.75
AMZN_High,2018-06-14,1724.800049
AMZN_High,2018-06-15,1720.869995
AMZN_High,2018-06-18,1726.73999
AMZN_High,2018-06-19,1736.109985
AMZN_High,2018-06-20,1762.930054
AMZN_High,2018-06-21,1763.099976
AMZN_High,2018-06-22,1743
AMZN_High,2018-06-25,1705
AMZN_High,2018-06-26,1701.569946
AMZN_High,2018-06-27,1711.949951
AMZN_High,2018-06-28,1705.5
AMZN_High,2018-06-29,1723.410034
AMZN_High,2018-07-02,1713.890015
AMZN_High,2018-07-03,1725
AMZN_High,2018-07-05,1710.689941
AMZN_High,2018-07-06,1715.27002
AMZN_High,2018-07-09,1739.560059
AMZN_High,2018-07-10,1750
AMZN_High,2018-07-11,1756.959961
AMZN_High,2018-07-12,1798
AMZN_High,2018-07-13,1815.300049
AMZN_High,2018-07-16,1841.949951
AMZN_High,2018-07-17,1851.689941
AMZN_High,2018-07-18,1858.880005
AMZN_High,2018-07-19,1841
AMZN_High,2018-07-20,1834.839966
AMZN_High,2018-07-23,1819
AMZN_High,2018-07-24,1840
AMZN_High,2018-07-25,1863.839966
AMZN_High,2018-07-26,1844.680054
AMZN_High,2018-07-27,1880.050049
AMZN_High,2018-07-30,1829.5
AMZN_High,2018-07-31,1801.829956
AMZN_High,2018-08-01,1798.439941
AMZN_High,2018-08-02,1836.560059
AMZN_High,2018-08-03,1841
AMZN_High,2018-08-06,1847.77002
AMZN_High,2018-08-07,1869.719971
AMZN_High,2018-08-08,1891.51001
AMZN_High,2018-08-09,1914.569946
AMZN_High,2018-08-10,1899.5
AMZN_High,2018-08-13,1925
AMZN_High,2018-08-14,1921.01001
AMZN_High,2018-08-15,1916.209961
AMZN_High,2018-08-16,1905
AMZN_High,2018-08-17,1888
AMZN_High,2018-08-20,1891.75
AMZN_High,2018-08-21,1897.75
AMZN_High,2018-08-22,1905.800049
AMZN_High,2018-08-23,1919.5
AMZN_High,2018-08-24,1916.01001
AMZN_High,2018-08-27,1927.699951
AMZN_High,2018-08-28,1941.780029
AMZN_High,2018-08-29,1998.689941
AMZN_High,2018-08-30,2025.569946
AMZN_High,2018-08-31,2022.380005
AMZN_High,2018-09-04,2050.5
AMZN_High,2018-09-05,2040.380005
AMZN_High,2018-09-06,2007.5
AMZN_High,2018-09-07,1975.199951
AMZN_High,2018-09-10,1973.040039
AMZN_High,2018-09-11,1988.880005
AMZN_High,2018-09-12,2000
AMZN_High,2018-09-13,2008.76001
AMZN_High,2018-09-14,1993.650024
AMZN_High,2018-09-17,1956.819946
AMZN_High,2018-09-18,1958.199951
AMZN_High,2018-09-19,1940.829956
AMZN_High,2018-09-20,1955
AMZN_High,2018-09-21,1957.310059
AMZN_High,2018-09-24,1936.880005
AMZN_High,2018-09-25,1975.910034
AMZN_High,2018-09-26,1995.25
AMZN_High,2018-09-27,2016.160034
AMZN_High,2018-09-28,2026.52002
AMZN_High,2018-10-01,2033.189941
AMZN_High,2018-10-02,2013.390015
AMZN_High,2018-10-03,1989.699951
AMZN_High,2018-10-04,1956
AMZN_High,2018-10-05,1929.079956
AMZN_High,2018-10-08,1902
AMZN_High,2018-10-09,1896.680054
AMZN_High,2018-10-10,1858.560059
AMZN_High,2018-10-11,1755.400024
AMZN_High,2018-10-12,1808.949951
AMZN_High,2018-10-15,1795.050049
AMZN_High,2018-10-16,1823.880005
AMZN_High,2018-10-17,1845
AMZN_High,2018-10-18,1830.150024
AMZN_High,2018-10-19,1809.099976
AMZN_High,2018-10-22,1809.5
AMZN_High,2018-10-23,1776.339966
AMZN_High,2018-10-24,1777.709961
AMZN_High,2018-10-25,1794.810059
AMZN_High,2018-10-26,1698.459961
AMZN_High,2018-10-29,1665.73999
AMZN_High,2018-10-30,1540.98999
AMZN_High,2018-10-31,1623.910034
AMZN_High,2018-11-01,1670.449951
AMZN_High,2018-11-02,1697.439941
AMZN_High,2018-11-05,1658.089966
AMZN_High,2018-11-06,1665
AMZN_High,2018-11-07,1759.22998
AMZN_High,2018-11-08,1784
AMZN_High,2018-11-09,1743.920044
AMZN_High,2018-11-12,1708.550049
AMZN_High,2018-11-13,1677.060059
AMZN_High,2018-11-14,1673
AMZN_High,2018-11-15,1624.819946
AMZN_High,2018-11-16,1614.47998
AMZN_High,2018-11-19,1581.189941
AMZN_High,2018-11-20,1534.75
AMZN_High,2018-11-21,1550
AMZN_High,2018-11-23,1536.199951
AMZN_High,2018-11-26,1584.810059
AMZN_High,2018-11-27,1597.650024
AMZN_High,2018-11-28,1681.449951
AMZN_High,2018-11-29,1689.98999
AMZN_High,2018-11-30,1696
AMZN_High,2018-12-03,1778.339966
AMZN_High,2018-12-04,1770.339966
AMZN_High,2018-12-06,1701.050049
AMZN_High,2018-12-07,1718.930054
AMZN_High,2018-12-10,1657.98999
AMZN_High,2018-12-11,1679.469971
AMZN_High,2018-12-12,1704.98999
AMZN_High,2018-12-13,1692.119995
AMZN_High,2018-12-14,1642.569946
AMZN_High,2018-12-17,1576.130005
AMZN_High,2018-12-18,1567.550049
AMZN_High,2018-12-19,1584.530029
AMZN_High,2018-12-20,1509.5
AMZN_High,2018-12-21,1480
AMZN_High,2018-12-24,1396.030029
AMZN_High,2018-12-26,1473.160034
AMZN_High,2018-12-27,1469
AMZN_High,2018-12-28,1513.469971
AMZN_High,2018-12-31,1520.76001
FB_High,2014-01-02,55.220001
FB_High,2014-01-03,55.650002
FB_High,2014-01-06,57.259998
FB_High,2014-01-07,58.549999
FB_High,2014-01-08,58.41
FB_High,2014-01-09,58.959999
FB_High,2014-01-10,58.299999
FB_High,2014-01-13,58.25
FB_High,2014-01-14,57.779999
FB_High,2014-01-15,58.57
FB_High,2014-01-16,58.02
FB_High,2014-01-17,57.82
FB_High,2014-01-21,58.580002
FB_High,2014-01-22,59.310001
FB_High,2014-01-23,56.68
FB_High,2014-01-24,56.419998
FB_High,2014-01-27,54.939999
FB_High,2014-01-28,55.279999
FB_High,2014-01-29,54.950001
FB_High,2014-01-30,62.5
FB_High,2014-01-31,63.369999
FB_High,2014-02-03,63.77
FB_High,2014-02-04,63.139999
FB_High,2014-02-05,63.16
FB_High,2014-02-06,62.779999
FB_High,2014-02-07,64.57
FB_High,2014-02-10,64.489998
FB_High,2014-02-11,65
FB_High,2014-02-12,65.059998
FB_High,2014-02-13,67.330002
FB_High,2014-02-14,67.580002
FB_High,2014-02-18,67.540001
FB_High,2014-02-19,69.080002
FB_High,2014-02-20,70.110001
FB_High,2014-02-21,69.959999
FB_High,2014-02-24,71.440002
FB_High,2014-02-25,71
FB_High,2014-02-26,71.220001
FB_High,2014-02-27,70.010002
FB_High,2014-02-28,69.879997
FB_High,2014-03-03,68.050003
FB_High,2014-03-04,68.900002
FB_High,2014-03-05,71.970001
FB_High,2014-03-06,71.889999
FB_High,2014-03-07,71.18
FB_High,2014-03-10,72.150002
FB_High,2014-03-11,72.589996
FB_High,2014-03-12,71.349998
FB_High,2014-03-13,71.349998
FB_High,2014-03-14,69.43
FB_High,2014-03-17,68.949997
FB_High,2014-03-18,69.599998
FB_High,2014-03-19,69.290001
FB_High,2014-03-20,68.230003
FB_High,2014-03-21,67.919998
FB_High,2014-03-24,67.360001
FB_High,2014-03-25,66.190002
FB_High,2014-03-26,64.949997
FB_High,2014-03-27,61.900002
FB_High,2014-03-28,61.950001
FB_High,2014-03-31,61.52
FB_High,2014-04-01,62.66
FB_High,2014-04-02,63.91
FB_High,2014-04-03,63.169998
FB_High,2014-04-04,60.200001
FB_High,2014-04-07,58
FB_High,2014-04-08,58.709999
FB_High,2014-04-09,62.459999
FB_High,2014-04-10,63.18
FB_High,2014-04-11,60.310001
FB_High,2014-04-14,60.450001
FB_High,2014-04-15,59.68
FB_High,2014-04-16,60.189999
FB_High,2014-04-17,60.580002
FB_High,2014-04-21,61.240002
FB_High,2014-04-22,63.439999
FB_High,2014-04-23,63.48
FB_High,2014-04-24,63.650002
FB_High,2014-04-25,60.009998
FB_High,2014-04-28,58.310001
FB_High,2014-04-29,58.279999
FB_High,2014-04-30,59.849998
FB_High,2014-05-01,62.279999
FB_High,2014-05-02,61.889999
FB_High,2014-05-05,61.349998
FB_High,2014-05-06,61.150002
FB_High,2014-05-07,59.299999
FB_High,2014-05-08,58.82
FB_High,2014-05-09,57.650002
FB_High,2014-05-12,59.900002
FB_High,2014-05-13,60.889999
FB_High,2014-05-14,60.450001
FB_High,2014-05-15,59.380001
FB_High,2014-05-16,58.450001
FB_High,2014-05-19,59.560001
FB_High,2014-05-20,60.189999
FB_High,2014-05-21,60.5
FB_High,2014-05-22,61.48
FB_High,2014-05-23,61.450001
FB_High,2014-05-27,63.509998
FB_High,2014-05-28,64.139999
FB_High,2014-05-29,64.300003
FB_High,2014-05-30,64.169998
FB_High,2014-06-02,63.59
FB_High,2014-06-03,63.419998
FB_High,2014-06-04,63.59
FB_High,2014-06-05,64.360001
FB_High,2014-06-06,63.48
FB_High,2014-06-09,63.34
FB_High,2014-06-10,65.82
FB_High,2014-06-11,65.800003
FB_High,2014-06-12,66.470001
FB_High,2014-06-13,64.970001
FB_High,2014-06-16,64.879997
FB_High,2014-06-17,64.879997
FB_High,2014-06-18,65.75
FB_High,2014-06-19,65.580002
FB_High,2014-06-20,64.809998
FB_High,2014-06-23,65.660004
FB_High,2014-06-24,67.169998
FB_High,2014-06-25,67.480003
FB_High,2014-06-26,68
FB_High,2014-06-27,67.699997
FB_High,2014-06-30,67.919998
FB_High,2014-07-01,68.440002
FB_High,2014-07-02,68.300003
FB_High,2014-07-03,67
FB_High,2014-07-07,66.57
FB_High,2014-07-08,65.559998
FB_High,2014-07-09,65.120003
FB_High,2014-07-10,65.339996
FB_High,2014-07-11,66.589996
FB_High,2014-07-14,68.169998
FB_High,2014-07-15,68.089996
FB_High,2014-07-16,67.940002
FB_High,2014-07-17,67.849998
FB_High,2014-07-18,68.459999
FB_High,2014-07-21,69.959999
FB_High,2014-07-22,69.769997
FB_High,2014-07-23,71.330002
FB_High,2014-07-24,76.739998
FB_High,2014-07-25,75.669998
FB_High,2014-07-28,75.5
FB_High,2014-07-29,74.919998
FB_High,2014-07-30,75.190002
FB_High,2014-07-31,74.169998
FB_High,2014-08-01,73.220001
FB_High,2014-08-04,73.879997
FB_High,2014-08-05,73.589996
FB_High,2014-08-06,73.720001
FB_High,2014-08-07,74
FB_High,2014-08-08,73.43
FB_High,2014-08-11,73.910004
FB_High,2014-08-12,73.330002
FB_High,2014-08-13,74.25
FB_High,2014-08-14,74.379997
FB_High,2014-08-15,74.650002
FB_High,2014-08-18,74.720001
FB_High,2014-08-19,75.580002
FB_High,2014-08-20,75.18
FB_High,2014-08-21,75.190002
FB_High,2014-08-22,74.730003
FB_High,2014-08-25,75.279999
FB_High,2014-08-26,75.989998
FB_High,2014-08-27,75.489998
FB_High,2014-08-28,74.43
FB_High,2014-08-29,74.82
FB_High,2014-09-02,76.699997
FB_High,2014-09-03,77.480003
FB_High,2014-09-04,76.93
FB_High,2014-09-05,77.379997
FB_High,2014-09-08,78.169998
FB_High,2014-09-09,78.169998
FB_High,2014-09-10,77.949997
FB_High,2014-09-11,78.360001
FB_High,2014-09-12,78.300003
FB_High,2014-09-15,77.25
FB_High,2014-09-16,76.230003
FB_High,2014-09-17,77.25
FB_High,2014-09-18,77.330002
FB_High,2014-09-19,78.300003
FB_High,2014-09-22,77.529999
FB_High,2014-09-23,78.629997
FB_High,2014-09-24,78.620003
FB_High,2014-09-25,78.940002
FB_High,2014-09-26,78.839996
FB_High,2014-09-29,79.199997
FB_High,2014-09-30,79.709999
FB_High,2014-10-01,78.82
FB_High,2014-10-02,77.480003
FB_High,2014-10-03,78.059998
FB_High,2014-10-06,77.889999
FB_High,2014-10-07,77.949997
FB_High,2014-10-08,77.709999
FB_High,2014-10-09,77.760002
FB_High,2014-10-10,76.5
FB_High,2014-10-13,74.779999
FB_High,2014-10-14,74.18
FB_High,2014-10-15,73.800003
FB_High,2014-10-16,73.349998
FB_High,2014-10-17,76
FB_High,2014-10-20,77.089996
FB_High,2014-10-21,78.739998
FB_High,2014-10-22,79.849998
FB_High,2014-10-23,80.629997
FB_High,2014-10-24,80.82
FB_High,2014-10-27,80.800003
FB_High,2014-10-28,81.160004
FB_High,2014-10-29,76.879997
FB_High,2014-10-30,75.349998
FB_High,2014-10-31,75.699997
FB_High,2014-11-03,75.519997
FB_High,2014-11-04,75.769997
FB_High,2014-11-05,76.800003
FB_High,2014-11-06,75.599998
FB_High,2014-11-07,75.860001
FB_High,2014-11-10,75.480003
FB_High,2014-11-11,74.980003
FB_High,2014-11-12,75.139999
FB_High,2014-11-13,75.239998
FB_High,2014-11-14,74.93
FB_High,2014-11-17,75.660004
FB_High,2014-11-18,74.800003
FB_High,2014-11-19,74.540001
FB_High,2014-11-20,73.989998
FB_High,2014-11-21,74.5
FB_High,2014-11-24,74.349998
FB_High,2014-11-25,75.739998
FB_High,2014-11-26,77.779999
FB_High,2014-11-28,78.269997
FB_High,2014-12-01,77.309998
FB_High,2014-12-02,75.910004
FB_High,2014-12-03,75.730003
FB_High,2014-12-04,75.550003
FB_High,2014-12-05,76.760002
FB_High,2014-12-08,77.25
FB_High,2014-12-09,76.93
FB_High,2014-12-10,77.550003
FB_High,2014-12-11,78.519997
FB_High,2014-12-12,78.879997
FB_High,2014-12-15,78.580002
FB_High,2014-12-16,77.389999
FB_High,2014-12-17,76.410004
FB_High,2014-12-18,78.400002
FB_High,2014-12-19,80
FB_High,2014-12-22,81.889999
FB_High,2014-12-23,82.169998
FB_High,2014-12-24,81.43
FB_High,2014-12-26,81.279999
FB_High,2014-12-29,80.959999
FB_High,2014-12-30,80.589996
FB_High,2014-12-31,79.800003
FB_High,2015-01-02,78.93
FB_High,2015-01-05,79.25
FB_High,2015-01-06,77.589996
FB_High,2015-01-07,77.360001
FB_High,2015-01-08,78.230003
FB_High,2015-01-09,78.620003
FB_High,2015-01-12,78
FB_High,2015-01-13,78.080002
FB_High,2015-01-14,77.199997
FB_High,2015-01-15,76.57
FB_High,2015-01-16,75.32
FB_High,2015-01-20,76.309998
FB_High,2015-01-21,77.300003
FB_High,2015-01-22,77.75
FB_High,2015-01-23,78.190002
FB_High,2015-01-26,78.470001
FB_High,2015-01-27,76.879997
FB_High,2015-01-28,77.639999
FB_High,2015-01-29,78.019997
FB_High,2015-01-30,78.160004
FB_High,2015-02-02,76.139999
FB_High,2015-02-03,75.580002
FB_High,2015-02-04,76.349998
FB_High,2015-02-05,75.980003
FB_High,2015-02-06,75.699997
FB_High,2015-02-09,74.830002
FB_High,2015-02-10,75.339996
FB_High,2015-02-11,76.75
FB_High,2015-02-12,76.870003
FB_High,2015-02-13,76.480003
FB_High,2015-02-17,76.910004
FB_High,2015-02-18,76.900002
FB_High,2015-02-19,79.839996
FB_High,2015-02-20,80.339996
FB_High,2015-02-23,80.190002
FB_High,2015-02-24,79.480003
FB_High,2015-02-25,80.199997
FB_High,2015-02-26,81.370003
FB_High,2015-02-27,81.230003
FB_High,2015-03-02,79.860001
FB_High,2015-03-03,79.699997
FB_High,2015-03-04,81.150002
FB_High,2015-03-05,81.989998
FB_High,2015-03-06,81.330002
FB_High,2015-03-09,79.910004
FB_High,2015-03-10,79.260002
FB_High,2015-03-11,78.43
FB_High,2015-03-12,79.050003
FB_High,2015-03-13,79.379997
FB_High,2015-03-16,78.120003
FB_High,2015-03-17,79.779999
FB_High,2015-03-18,81.239998
FB_High,2015-03-19,83
FB_High,2015-03-20,84.599998
FB_High,2015-03-23,84.959999
FB_High,2015-03-24,86.07
FB_High,2015-03-25,85.519997
FB_High,2015-03-26,83.769997
FB_High,2015-03-27,83.949997
FB_High,2015-03-30,84.339996
FB_High,2015-03-31,83.5
FB_High,2015-04-01,82.720001
FB_High,2015-04-02,82.559998
FB_High,2015-04-06,82.809998
FB_High,2015-04-07,83.419998
FB_High,2015-04-08,83.099998
FB_High,2015-04-09,82.800003
FB_High,2015-04-10,82.610001
FB_High,2015-04-13,83.940002
FB_High,2015-04-14,83.690002
FB_High,2015-04-15,83.660004
FB_High,2015-04-16,83.07
FB_High,2015-04-17,82.110001
FB_High,2015-04-20,83.150002
FB_High,2015-04-21,84.489998
FB_High,2015-04-22,84.739998
FB_High,2015-04-23,85.589996
FB_High,2015-04-24,82.940002
FB_High,2015-04-27,82.93
FB_High,2015-04-28,81.900002
FB_High,2015-04-29,81.389999
FB_High,2015-04-30,80.959999
FB_High,2015-05-01,79.760002
FB_High,2015-05-04,79.690002
FB_High,2015-05-05,78.800003
FB_High,2015-05-06,78.809998
FB_High,2015-05-07,78.940002
FB_High,2015-05-08,79.230003
FB_High,2015-05-11,79.029999
FB_High,2015-05-12,77.889999
FB_High,2015-05-13,78.529999
FB_High,2015-05-14,81.849998
FB_High,2015-05-15,81.519997
FB_High,2015-05-18,81.379997
FB_High,2015-05-19,81.690002
FB_High,2015-05-20,81.099998
FB_High,2015-05-21,80.919998
FB_High,2015-05-22,81.309998
FB_High,2015-05-26,80.599998
FB_High,2015-05-27,80.660004
FB_High,2015-05-28,81.07
FB_High,2015-05-29,80.07
FB_High,2015-06-01,80.379997
FB_High,2015-06-02,81.349998
FB_High,2015-06-03,82.529999
FB_High,2015-06-04,82.949997
FB_High,2015-06-05,82.459999
FB_High,2015-06-08,82
FB_High,2015-06-09,81.190002
FB_High,2015-06-10,82.599998
FB_High,2015-06-11,82.900002
FB_High,2015-06-12,82.089996
FB_High,2015-06-15,80.93
FB_High,2015-06-16,81.510002
FB_High,2015-06-17,82.220001
FB_High,2015-06-18,83.190002
FB_High,2015-06-19,82.980003
FB_High,2015-06-22,84.970001
FB_High,2015-06-23,87.970001
FB_High,2015-06-24,89.25
FB_High,2015-06-25,89.400002
FB_High,2015-06-26,88.339996
FB_High,2015-06-29,87.5
FB_High,2015-06-30,86.699997
FB_High,2015-07-01,87.949997
FB_High,2015-07-02,87.440002
FB_High,2015-07-06,88.190002
FB_High,2015-07-07,87.849998
FB_High,2015-07-08,86.75
FB_High,2015-07-09,87.599998
FB_High,2015-07-10,88.220001
FB_High,2015-07-13,90.220001
FB_High,2015-07-14,90.800003
FB_High,2015-07-15,90.989998
FB_High,2015-07-16,90.860001
FB_High,2015-07-17,95.389999
FB_High,2015-07-20,98.599998
FB_High,2015-07-21,99.239998
FB_High,2015-07-22,97.580002
FB_High,2015-07-23,97.449997
FB_High,2015-07-24,97.760002
FB_High,2015-07-27,96.610001
FB_High,2015-07-28,95.559998
FB_High,2015-07-29,97.279999
FB_High,2015-07-30,95.809998
FB_High,2015-07-31,96.330002
FB_High,2015-08-03,95.080002
FB_High,2015-08-04,94.730003
FB_High,2015-08-05,97.089996
FB_High,2015-08-06,98.739998
FB_High,2015-08-07,95.400002
FB_High,2015-08-10,95.900002
FB_High,2015-08-11,94.760002
FB_High,2015-08-12,94.440002
FB_High,2015-08-13,94.730003
FB_High,2015-08-14,94.720001
FB_High,2015-08-17,94.459999
FB_High,2015-08-18,95.849998
FB_High,2015-08-19,96.099998
FB_High,2015-08-20,94.769997
FB_High,2015-08-21,89.18
FB_High,2015-08-24,82.089996
FB_High,2015-08-25,87.669998
FB_High,2015-08-26,87.459999
FB_High,2015-08-27,90.059998
FB_High,2015-08-28,91.480003
FB_High,2015-08-31,91.050003
FB_High,2015-09-01,89.389999
FB_High,2015-09-02,89.889999
FB_High,2015-09-03,89.82
FB_High,2015-09-04,88.389999
FB_High,2015-09-08,90.239998
FB_High,2015-09-09,91.980003
FB_High,2015-09-10,92.059998
FB_High,2015-09-11,92.080002
FB_High,2015-09-14,92.620003
FB_High,2015-09-15,93.25
FB_High,2015-09-16,93.599998
FB_High,2015-09-17,95.510002
FB_High,2015-09-18,95.190002
FB_High,2015-09-21,96.489998
FB_High,2015-09-22,94.68
FB_High,2015-09-23,94.32
FB_High,2015-09-24,94.769997
FB_High,2015-09-25,95.849998
FB_High,2015-09-28,92.290001
FB_High,2015-09-29,90.059998
FB_High,2015-09-30,90.019997
FB_High,2015-10-01,90.949997
FB_High,2015-10-02,92.199997
FB_High,2015-10-05,94.269997
FB_High,2015-10-06,94.169998
FB_High,2015-10-07,93.660004
FB_High,2015-10-08,93.220001
FB_High,2015-10-09,93.739998
FB_High,2015-10-12,94.599998
FB_High,2015-10-13,95.370003
FB_High,2015-10-14,95.199997
FB_High,2015-10-15,96.300003
FB_High,2015-10-16,97.589996
FB_High,2015-10-19,98.57
FB_High,2015-10-20,99.589996
FB_High,2015-10-21,98.18
FB_High,2015-10-22,99.730003
FB_High,2015-10-23,102.849998
FB_High,2015-10-26,103.809998
FB_High,2015-10-27,104.099998
FB_High,2015-10-28,104.480003
FB_High,2015-10-29,105.120003
FB_High,2015-10-30,104.720001
FB_High,2015-11-02,103.470001
FB_High,2015-11-03,103.650002
FB_High,2015-11-04,104.139999
FB_High,2015-11-05,110.650002
FB_High,2015-11-06,108.739998
FB_High,2015-11-09,108.25
FB_High,2015-11-10,108.150002
FB_High,2015-11-11,109.870003
FB_High,2015-11-12,109.389999
FB_High,2015-11-13,108.25
FB_High,2015-11-16,104.169998
FB_High,2015-11-17,106.199997
FB_High,2015-11-18,107.879997
FB_High,2015-11-19,107.730003
FB_High,2015-11-20,107.870003
FB_High,2015-11-23,107.470001
FB_High,2015-11-24,106.489998
FB_High,2015-11-25,106.599998
FB_High,2015-11-27,105.959999
FB_High,2015-11-30,106.099998
FB_High,2015-12-01,107.150002
FB_High,2015-12-02,107.919998
FB_High,2015-12-03,106.849998
FB_High,2015-12-04,107.730003
FB_High,2015-12-07,106.830002
FB_High,2015-12-08,106.910004
FB_High,2015-12-09,106.440002
FB_High,2015-12-10,106.400002
FB_High,2015-12-11,104.339996
FB_High,2015-12-14,104.739998
FB_High,2015-12-15,105.800003
FB_High,2015-12-16,107.089996
FB_High,2015-12-17,107.75
FB_High,2015-12-18,106.589996
FB_High,2015-12-21,105.150002
FB_High,2015-12-22,105.660004
FB_High,2015-12-23,106.110001
FB_High,2015-12-24,105.32
FB_High,2015-12-28,105.980003
FB_High,2015-12-29,107.739998
FB_High,2015-12-30,107.25
FB_High,2015-12-31,106.169998
FB_High,2016-01-04,102.239998
FB_High,2016-01-05,103.709999
FB_High,2016-01-06,103.769997
FB_High,2016-01-07,101.43
FB_High,2016-01-08,100.5
FB_High,2016-01-11,98.599998
FB_High,2016-01-12,99.959999
FB_High,2016-01-13,100.580002
FB_High,2016-01-14,98.870003
FB_High,2016-01-15,96.379997
FB_High,2016-01-19,97.419998
FB_High,2016-01-20,95
FB_High,2016-01-21,95.989998
FB_High,2016-01-22,98.07
FB_High,2016-01-25,99.480003
FB_High,2016-01-26,97.879997
FB_High,2016-01-27,97.849998
FB_High,2016-01-28,110.339996
FB_High,2016-01-29,112.839996
FB_High,2016-02-01,115.720001
FB_High,2016-02-02,117.589996
FB_High,2016-02-03,115.339996
FB_High,2016-02-04,111.940002
FB_High,2016-02-05,109.580002
FB_High,2016-02-08,102.68
FB_High,2016-02-09,102.400002
FB_High,2016-02-10,103.25
FB_High,2016-02-11,105.110001
FB_High,2016-02-12,104.239998
FB_High,2016-02-16,103.93
FB_High,2016-02-17,105.720001
FB_High,2016-02-18,106
FB_High,2016-02-19,105.019997
FB_High,2016-02-22,108.25
FB_High,2016-02-23,107.470001
FB_High,2016-02-24,106.949997
FB_High,2016-02-25,108.07
FB_High,2016-02-26,109.449997
FB_High,2016-02-29,108.910004
FB_High,2016-03-01,109.82
FB_High,2016-03-02,110.550003
FB_High,2016-03-03,110.300003
FB_High,2016-03-04,110.050003
FB_High,2016-03-07,108.07
FB_High,2016-03-08,107.370003
FB_High,2016-03-09,107.510002
FB_High,2016-03-10,108.660004
FB_High,2016-03-11,109.419998
FB_High,2016-03-14,110.330002
FB_High,2016-03-15,110.830002
FB_High,2016-03-16,112.5
FB_High,2016-03-17,112.690002
FB_High,2016-03-18,112.419998
FB_High,2016-03-21,112.370003
FB_High,2016-03-22,112.879997
FB_High,2016-03-23,113.190002
FB_High,2016-03-24,113.089996
FB_High,2016-03-28,114.589996
FB_High,2016-03-29,116.32
FB_High,2016-03-30,116.989998
FB_High,2016-03-31,115.010002
FB_High,2016-04-01,116.169998
FB_High,2016-04-04,114.550003
FB_High,2016-04-05,113.32
FB_High,2016-04-06,113.809998
FB_High,2016-04-07,114.889999
FB_High,2016-04-08,114.330002
FB_High,2016-04-11,110.910004
FB_High,2016-04-12,111.160004
FB_High,2016-04-13,112.650002
FB_High,2016-04-14,112.040001
FB_High,2016-04-15,110.970001
FB_High,2016-04-18,110.809998
FB_High,2016-04-19,112.449997
FB_High,2016-04-20,113.269997
FB_High,2016-04-21,114.040001
FB_High,2016-04-22,111.75
FB_High,2016-04-25,110.669998
FB_High,2016-04-26,110.5
FB_High,2016-04-27,108.940002
FB_High,2016-04-28,120.790001
FB_High,2016-04-29,117.839996
FB_High,2016-05-02,118.730003
FB_High,2016-05-03,118.160004
FB_High,2016-05-04,118.300003
FB_High,2016-05-05,118.980003
FB_High,2016-05-06,119.639999
FB_High,2016-05-09,120.279999
FB_High,2016-05-10,120.5
FB_High,2016-05-11,121.080002
FB_High,2016-05-12,120.839996
FB_High,2016-05-13,120.639999
FB_High,2016-05-16,119.610001
FB_High,2016-05-17,119.010002
FB_High,2016-05-18,118.269997
FB_High,2016-05-19,117.489998
FB_High,2016-05-20,117.989998
FB_High,2016-05-23,117.599998
FB_High,2016-05-24,117.730003
FB_High,2016-05-25,118.669998
FB_High,2016-05-26,119.760002
FB_High,2016-05-27,119.849998
FB_High,2016-05-31,120.099998
FB_High,2016-06-01,119.080002
FB_High,2016-06-02,119.440002
FB_High,2016-06-03,118.980003
FB_High,2016-06-06,119.43
FB_High,2016-06-07,119.300003
FB_High,2016-06-08,118.599998
FB_High,2016-06-09,118.68
FB_High,2016-06-10,118.110001
FB_High,2016-06-13,115.480003
FB_High,2016-06-14,114.949997
FB_High,2016-06-15,115.440002
FB_High,2016-06-16,114.5
FB_High,2016-06-17,114.43
FB_High,2016-06-20,114.720001
FB_High,2016-06-21,115.209999
FB_High,2016-06-22,114.739998
FB_High,2016-06-23,115.089996
FB_High,2016-06-24,113.68
FB_High,2016-06-27,111.57
FB_High,2016-06-28,112.75
FB_High,2016-06-29,114.25
FB_High,2016-06-30,115.18
FB_High,2016-07-01,115.129997
FB_High,2016-07-05,114.199997
FB_High,2016-07-06,116.790001
FB_High,2016-07-07,116.970001
FB_High,2016-07-08,117.5
FB_High,2016-07-11,118.699997
FB_High,2016-07-12,118.720001
FB_High,2016-07-13,118.400002
FB_High,2016-07-14,117.639999
FB_High,2016-07-15,118.279999
FB_High,2016-07-18,119.610001
FB_High,2016-07-19,120.849998
FB_High,2016-07-20,122.199997
FB_High,2016-07-21,122.099998
FB_High,2016-07-22,121.010002
FB_High,2016-07-25,121.849998
FB_High,2016-07-26,122.07
FB_High,2016-07-27,125
FB_High,2016-07-28,128.330002
FB_High,2016-07-29,125.839996
FB_High,2016-08-01,124.580002
FB_High,2016-08-02,124.800003
FB_High,2016-08-03,123.919998
FB_High,2016-08-04,124.790001
FB_High,2016-08-05,125.839996
FB_High,2016-08-08,125.449997
FB_High,2016-08-09,126.089996
FB_High,2016-08-10,125.480003
FB_High,2016-08-11,125.379997
FB_High,2016-08-12,125
FB_High,2016-08-15,124.919998
FB_High,2016-08-16,123.919998
FB_High,2016-08-17,124.379997
FB_High,2016-08-18,124.260002
FB_High,2016-08-19,124.160004
FB_High,2016-08-22,124.830002
FB_High,2016-08-23,125.089996
FB_High,2016-08-24,124.690002
FB_High,2016-08-25,124.370003
FB_High,2016-08-26,125.190002
FB_High,2016-08-29,126.730003
FB_High,2016-08-30,126.599998
FB_High,2016-08-31,126.220001
FB_High,2016-09-01,126.629997
FB_High,2016-09-02,126.860001
FB_High,2016-09-06,129.940002
FB_High,2016-09-07,131.979996
FB_High,2016-09-08,131.080002
FB_High,2016-09-09,129.949997
FB_High,2016-09-12,128.759995
FB_High,2016-09-13,128.350006
FB_High,2016-09-14,128.800003
FB_High,2016-09-15,129.100006
FB_High,2016-09-16,129.179993
FB_High,2016-09-19,129.940002
FB_High,2016-09-20,129.169998
FB_High,2016-09-21,130.009995
FB_High,2016-09-22,130.729996
FB_High,2016-09-23,128.600006
FB_High,2016-09-26,128.160004
FB_High,2016-09-27,129.009995
FB_High,2016-09-28,129.470001
FB_High,2016-09-29,129.289993
FB_High,2016-09-30,128.589996
FB_High,2016-10-03,129.089996
FB_High,2016-10-04,129.279999
FB_High,2016-10-05,128.800003
FB_High,2016-10-06,129.059998
FB_High,2016-10-07,129.25
FB_High,2016-10-10,130.699997
FB_High,2016-10-11,130.639999
FB_High,2016-10-12,129.660004
FB_High,2016-10-13,128.25
FB_High,2016-10-14,128.949997
FB_High,2016-10-17,128.470001
FB_High,2016-10-18,129.389999
FB_High,2016-10-19,130.470001
FB_High,2016-10-20,130.660004
FB_High,2016-10-21,132.130005
FB_High,2016-10-24,133.410004
FB_High,2016-10-25,133.5
FB_High,2016-10-26,132.259995
FB_High,2016-10-27,131.800003
FB_High,2016-10-28,132.970001
FB_High,2016-10-31,132.119995
FB_High,2016-11-01,131.940002
FB_High,2016-11-02,130.229996
FB_High,2016-11-03,123.279999
FB_High,2016-11-04,121.93
FB_High,2016-11-07,123.209999
FB_High,2016-11-08,124.610001
FB_High,2016-11-09,123.809998
FB_High,2016-11-10,124.18
FB_High,2016-11-11,120.699997
FB_High,2016-11-14,119.129997
FB_High,2016-11-15,118.489998
FB_High,2016-11-16,117.879997
FB_High,2016-11-17,117.790001
FB_High,2016-11-18,119.129997
FB_High,2016-11-21,121.949997
FB_High,2016-11-22,122.980003
FB_High,2016-11-23,121.309998
FB_High,2016-11-25,121.139999
FB_High,2016-11-28,121.690002
FB_High,2016-11-29,122.099998
FB_High,2016-11-30,121.790001
FB_High,2016-12-01,118.449997
FB_High,2016-12-02,116.480003
FB_High,2016-12-05,117.57
FB_High,2016-12-06,117.800003
FB_High,2016-12-07,117.949997
FB_High,2016-12-08,119.5
FB_High,2016-12-09,119.940002
FB_High,2016-12-12,119.239998
FB_High,2016-12-13,121.519997
FB_High,2016-12-14,121.690002
FB_High,2016-12-15,122.5
FB_High,2016-12-16,121.5
FB_High,2016-12-19,120.360001
FB_High,2016-12-20,119.769997
FB_High,2016-12-21,119.199997
FB_High,2016-12-22,118.989998
FB_High,2016-12-23,117.559998
FB_High,2016-12-27,118.68
FB_High,2016-12-28,118.25
FB_High,2016-12-29,117.529999
FB_High,2016-12-30,116.830002
FB_High,2017-01-03,117.839996
FB_High,2017-01-04,119.660004
FB_High,2017-01-05,120.949997
FB_High,2017-01-06,123.879997
FB_High,2017-01-09,125.43
FB_High,2017-01-10,125.5
FB_High,2017-01-11,126.120003
FB_High,2017-01-12,126.730003
FB_High,2017-01-13,129.270004
FB_High,2017-01-17,128.339996
FB_High,2017-01-18,128.429993
FB_High,2017-01-19,128.350006
FB_High,2017-01-20,128.479996
FB_High,2017-01-23,129.25
FB_High,2017-01-24,129.899994
FB_High,2017-01-25,131.740005
FB_High,2017-01-26,133.139999
FB_High,2017-01-27,132.949997
FB_High,2017-01-30,131.580002
FB_High,2017-01-31,130.660004
FB_High,2017-02-01,133.490005
FB_High,2017-02-02,135.490005
FB_High,2017-02-03,132.850006
FB_High,2017-02-06,132.059998
FB_High,2017-02-07,133
FB_High,2017-02-08,134.440002
FB_High,2017-02-09,134.5
FB_High,2017-02-10,134.940002
FB_High,2017-02-13,134.699997
FB_High,2017-02-14,134.229996
FB_High,2017-02-15,133.699997
FB_High,2017-02-16,133.869995
FB_High,2017-02-17,134.089996
FB_High,2017-02-21,133.910004
FB_High,2017-02-22,136.789993
FB_High,2017-02-23,136.119995
FB_High,2017-02-24,135.619995
FB_High,2017-02-27,137.179993
FB_High,2017-02-28,136.809998
FB_High,2017-03-01,137.479996
FB_High,2017-03-02,137.820007
FB_High,2017-03-03,137.330002
FB_High,2017-03-06,137.830002
FB_High,2017-03-07,138.369995
FB_High,2017-03-08,137.990005
FB_High,2017-03-09,138.570007
FB_High,2017-03-10,139.490005
FB_High,2017-03-13,139.679993
FB_High,2017-03-14,139.460007
FB_High,2017-03-15,140.100006
FB_High,2017-03-16,140.25
FB_High,2017-03-17,140.339996
FB_High,2017-03-20,140.190002
FB_High,2017-03-21,142.309998
FB_High,2017-03-22,139.789993
FB_High,2017-03-23,140.389999
FB_High,2017-03-24,141.020004
FB_High,2017-03-27,140.649994
FB_High,2017-03-28,141.949997
FB_High,2017-03-29,142.860001
FB_High,2017-03-30,142.949997
FB_High,2017-03-31,142.630005
FB_High,2017-04-03,142.470001
FB_High,2017-04-04,142.089996
FB_High,2017-04-05,143.440002
FB_High,2017-04-06,142.220001
FB_High,2017-04-07,141.550003
FB_High,2017-04-10,141.429993
FB_High,2017-04-11,141.029999
FB_High,2017-04-12,140.399994
FB_High,2017-04-13,140.580002
FB_High,2017-04-17,141.550003
FB_High,2017-04-18,141.910004
FB_High,2017-04-19,143.039993
FB_High,2017-04-20,144.25
FB_High,2017-04-21,144.169998
FB_High,2017-04-24,145.669998
FB_High,2017-04-25,147.149994
FB_High,2017-04-26,147.589996
FB_High,2017-04-27,147.75
FB_High,2017-04-28,151.529999
FB_High,2017-05-01,152.570007
FB_High,2017-05-02,153.440002
FB_High,2017-05-03,153.600006
FB_High,2017-05-04,151.520004
FB_High,2017-05-05,151.630005
FB_High,2017-05-08,151.080002
FB_High,2017-05-09,152.589996
FB_High,2017-05-10,150.520004
FB_High,2017-05-11,150.649994
FB_High,2017-05-12,150.460007
FB_High,2017-05-15,151.479996
FB_High,2017-05-16,150.210007
FB_High,2017-05-17,148.669998
FB_High,2017-05-18,148.149994
FB_High,2017-05-19,149.389999
FB_High,2017-05-22,148.589996
FB_High,2017-05-23,148.809998
FB_High,2017-05-24,150.229996
FB_High,2017-05-25,152.589996
FB_High,2017-05-26,152.25
FB_High,2017-05-30,152.899994
FB_High,2017-05-31,153.350006
FB_High,2017-06-01,152.289993
FB_High,2017-06-02,153.630005
FB_High,2017-06-05,154.710007
FB_High,2017-06-06,154.520004
FB_High,2017-06-07,153.75
FB_High,2017-06-08,154.729996
FB_High,2017-06-09,155.589996
FB_High,2017-06-12,149.199997
FB_High,2017-06-13,151.179993
FB_High,2017-06-14,152.399994
FB_High,2017-06-15,150.039993
FB_High,2017-06-16,150.830002
FB_High,2017-06-19,153.570007
FB_High,2017-06-20,153.839996
FB_High,2017-06-21,154.080002
FB_High,2017-06-22,154.550003
FB_High,2017-06-23,155.199997
FB_High,2017-06-26,156.5
FB_High,2017-06-27,153.309998
FB_High,2017-06-28,153.470001
FB_High,2017-06-29,152.5
FB_High,2017-06-30,151.919998
FB_High,2017-07-03,152.149994
FB_High,2017-07-05,150.850006
FB_High,2017-07-06,150.039993
FB_High,2017-07-07,151.990005
FB_High,2017-07-10,153.979996
FB_High,2017-07-11,155.419998
FB_High,2017-07-12,159.160004
FB_High,2017-07-13,159.779999
FB_High,2017-07-14,160.320007
FB_High,2017-07-17,160.779999
FB_High,2017-07-18,163.729996
FB_High,2017-07-19,165.699997
FB_High,2017-07-20,165
FB_High,2017-07-21,165.050003
FB_High,2017-07-24,166.169998
FB_High,2017-07-25,165.539993
FB_High,2017-07-26,166.009995
FB_High,2017-07-27,175.490005
FB_High,2017-07-28,173.429993
FB_High,2017-07-31,172.720001
FB_High,2017-08-01,170.470001
FB_High,2017-08-02,170.550003
FB_High,2017-08-03,169.699997
FB_High,2017-08-04,170.059998
FB_High,2017-08-07,172.059998
FB_High,2017-08-08,173.050003
FB_High,2017-08-09,171.449997
FB_High,2017-08-10,170.589996
FB_High,2017-08-11,168.820007
FB_High,2017-08-14,171.080002
FB_High,2017-08-15,171.5
FB_High,2017-08-16,171.380005
FB_High,2017-08-17,169.860001
FB_High,2017-08-18,168.669998
FB_High,2017-08-21,168
FB_High,2017-08-22,169.869995
FB_High,2017-08-23,169.360001
FB_High,2017-08-24,169.289993
FB_High,2017-08-25,168.380005
FB_High,2017-08-28,167.699997
FB_High,2017-08-29,168.429993
FB_High,2017-08-30,170.179993
FB_High,2017-08-31,172.149994
FB_High,2017-09-01,172.919998
FB_High,2017-09-05,172.389999
FB_High,2017-09-06,172.479996
FB_High,2017-09-07,173.309998
FB_High,2017-09-08,173.490005
FB_High,2017-09-11,173.889999
FB_High,2017-09-12,174
FB_High,2017-09-13,173.169998
FB_High,2017-09-14,172.279999
FB_High,2017-09-15,172.339996
FB_High,2017-09-18,172.070007
FB_High,2017-09-19,172.559998
FB_High,2017-09-20,173.050003
FB_High,2017-09-21,172.270004
FB_High,2017-09-22,171.729996
FB_High,2017-09-25,169.300003
FB_High,2017-09-26,165.5
FB_High,2017-09-27,168.339996
FB_High,2017-09-28,169.070007
FB_High,2017-09-29,171.660004
FB_High,2017-10-02,171.869995
FB_High,2017-10-03,170.729996
FB_High,2017-10-04,170.669998
FB_High,2017-10-05,171.309998
FB_High,2017-10-06,172.369995
FB_High,2017-10-09,174.880005
FB_High,2017-10-10,173.199997
FB_High,2017-10-11,172.779999
FB_High,2017-10-12,173.850006
FB_High,2017-10-13,174.649994
FB_High,2017-10-16,175
FB_High,2017-10-17,176.130005
FB_High,2017-10-18,176.740005
FB_High,2017-10-19,176.029999
FB_High,2017-10-20,175.880005
FB_High,2017-10-23,175.339996
FB_High,2017-10-24,173.240005
FB_High,2017-10-25,172.25
FB_High,2017-10-26,172.289993
FB_High,2017-10-27,178.210007
FB_High,2017-10-30,180.690002
FB_High,2017-10-31,180.800003
FB_High,2017-11-01,182.899994
FB_High,2017-11-02,181.940002
FB_High,2017-11-03,179.860001
FB_High,2017-11-06,180.449997
FB_High,2017-11-07,180.75
FB_High,2017-11-08,180.350006
FB_High,2017-11-09,179.399994
FB_High,2017-11-10,179.100006
FB_High,2017-11-13,179.039993
FB_High,2017-11-14,178.970001
FB_High,2017-11-15,178.570007
FB_High,2017-11-16,179.830002
FB_High,2017-11-17,179.979996
FB_High,2017-11-20,179.5
FB_High,2017-11-21,181.889999
FB_High,2017-11-22,181.729996
FB_High,2017-11-24,183.149994
FB_High,2017-11-27,183.729996
FB_High,2017-11-28,184.25
FB_High,2017-11-29,181.970001
FB_High,2017-11-30,178.279999
FB_High,2017-12-01,177.479996
FB_High,2017-12-04,176.570007
FB_High,2017-12-05,175.380005
FB_High,2017-12-06,176.770004
FB_High,2017-12-07,180.389999
FB_High,2017-12-08,182.279999
FB_High,2017-12-11,180.220001
FB_High,2017-12-12,179.179993
FB_High,2017-12-13,179.160004
FB_High,2017-12-14,180.360001
FB_High,2017-12-15,180.490005
FB_High,2017-12-18,181.300003
FB_High,2017-12-19,180.080002
FB_High,2017-12-20,179.809998
FB_High,2017-12-21,178.679993
FB_High,2017-12-22,177.529999
FB_High,2017-12-26,177
FB_High,2017-12-27,178.440002
FB_High,2017-12-28,178.940002
FB_High,2017-12-29,178.850006
FB_High,2018-01-02,181.580002
FB_High,2018-01-03,184.779999
FB_High,2018-01-04,186.210007
FB_High,2018-01-05,186.899994
FB_High,2018-01-08,188.899994
FB_High,2018-01-09,188.800003
FB_High,2018-01-10,187.889999
FB_High,2018-01-11,188.399994
FB_High,2018-01-12,181.479996
FB_High,2018-01-16,181.75
FB_High,2018-01-17,179.320007
FB_High,2018-01-18,180.979996
FB_High,2018-01-19,182.369995
FB_High,2018-01-22,185.389999
FB_High,2018-01-23,189.550003
FB_High,2018-01-24,190.660004
FB_High,2018-01-25,188.619995
FB_High,2018-01-26,190
FB_High,2018-01-29,188.839996
FB_High,2018-01-30,188.179993
FB_High,2018-01-31,189.830002
FB_High,2018-02-01,195.320007
FB_High,2018-02-02,194.210007
FB_High,2018-02-05,190.610001
FB_High,2018-02-06,185.770004
FB_High,2018-02-07,185.080002
FB_High,2018-02-08,181.839996
FB_High,2018-02-09,176.899994
FB_High,2018-02-12,177.550003
FB_High,2018-02-13,175.970001
FB_High,2018-02-14,179.809998
FB_High,2018-02-15,180.5
FB_High,2018-02-16,179.880005
FB_High,2018-02-20,177.949997
FB_High,2018-02-21,181.270004
FB_High,2018-02-22,180.210007
FB_High,2018-02-23,183.389999
FB_High,2018-02-26,185.660004
FB_High,2018-02-27,184.699997
FB_High,2018-02-28,182.880005
FB_High,2018-03-01,180.119995
FB_High,2018-03-02,177.110001
FB_High,2018-03-05,181.149994
FB_High,2018-03-06,182.380005
FB_High,2018-03-07,183.820007
FB_High,2018-03-08,184.399994
FB_High,2018-03-09,185.509995
FB_High,2018-03-12,186.100006
FB_High,2018-03-13,185.990005
FB_High,2018-03-14,184.25
FB_High,2018-03-15,184
FB_High,2018-03-16,185.330002
FB_High,2018-03-19,177.169998
FB_High,2018-03-20,170.199997
FB_High,2018-03-21,173.399994
FB_High,2018-03-22,170.270004
FB_High,2018-03-23,166.600006
FB_High,2018-03-26,161.100006
FB_High,2018-03-27,162.850006
FB_High,2018-03-28,155.880005
FB_High,2018-03-29,161.419998
FB_High,2018-04-02,159.199997
FB_High,2018-04-03,157.389999
FB_High,2018-04-04,155.559998
FB_High,2018-04-05,161.570007
FB_High,2018-04-06,161.419998
FB_High,2018-04-09,160.529999
FB_High,2018-04-10,165.979996
FB_High,2018-04-11,168.649994
FB_High,2018-04-12,167.449997
FB_High,2018-04-13,165.699997
FB_High,2018-04-16,165.779999
FB_High,2018-04-17,169
FB_High,2018-04-18,168.119995
FB_High,2018-04-19,168.330002
FB_High,2018-04-20,168.429993
FB_High,2018-04-23,168.449997
FB_High,2018-04-24,166.100006
FB_High,2018-04-25,161.059998
FB_High,2018-04-26,176.270004
FB_High,2018-04-27,177.100006
FB_High,2018-04-30,175.720001
FB_High,2018-05-01,174.020004
FB_High,2018-05-02,178.080002
FB_High,2018-05-03,176.119995
FB_High,2018-05-04,176.979996
FB_High,2018-05-07,179.5
FB_High,2018-05-08,179.039993
FB_High,2018-05-09,183.009995
FB_High,2018-05-10,186.130005
FB_High,2018-05-11,188.320007
FB_High,2018-05-14,187.860001
FB_High,2018-05-15,185.289993
FB_High,2018-05-16,184.320007
FB_High,2018-05-17,184.059998
FB_High,2018-05-18,184.190002
FB_High,2018-05-21,185.300003
FB_High,2018-05-22,185.419998
FB_High,2018-05-23,186.910004
FB_High,2018-05-24,186.800003
FB_High,2018-05-25,186.330002
FB_High,2018-05-29,186.809998
FB_High,2018-05-30,188
FB_High,2018-05-31,192.720001
FB_High,2018-06-01,194.550003
FB_High,2018-06-04,193.979996
FB_High,2018-06-05,195
FB_High,2018-06-06,192.529999
FB_High,2018-06-07,190.970001
FB_High,2018-06-08,189.479996
FB_High,2018-06-11,192.600006
FB_High,2018-06-12,193.279999
FB_High,2018-06-13,194.5
FB_High,2018-06-14,197.279999
FB_High,2018-06-15,197.070007
FB_High,2018-06-18,199.580002
FB_High,2018-06-19,197.960007
FB_High,2018-06-20,203.550003
FB_High,2018-06-21,203.389999
FB_High,2018-06-22,202.240005
FB_High,2018-06-25,200
FB_High,2018-06-26,199.100006
FB_High,2018-06-27,200.75
FB_High,2018-06-28,197.339996
FB_High,2018-06-29,197.600006
FB_High,2018-07-02,197.449997
FB_High,2018-07-03,195.399994
FB_High,2018-07-05,198.649994
FB_High,2018-07-06,203.639999
FB_High,2018-07-09,205.800003
FB_High,2018-07-10,204.910004
FB_High,2018-07-11,204.5
FB_High,2018-07-12,207.080002
FB_High,2018-07-13,208.429993
FB_High,2018-07-16,208.720001
FB_High,2018-07-17,210.460007
FB_High,2018-07-18,210.990005
FB_High,2018-07-19,209.990005
FB_High,2018-07-20,211.5
FB_High,2018-07-23,211.619995
FB_High,2018-07-24,216.199997
FB_High,2018-07-25,218.619995
FB_High,2018-07-26,180.130005
FB_High,2018-07-27,179.929993
FB_High,2018-07-30,175.300003
FB_High,2018-07-31,174.240005
FB_High,2018-08-01,175.080002
FB_High,2018-08-02,176.789993
FB_High,2018-08-03,178.850006
FB_High,2018-08-06,185.789993
FB_High,2018-08-07,188.300003
FB_High,2018-08-08,186.850006
FB_High,2018-08-09,186.570007
FB_High,2018-08-10,182.100006
FB_High,2018-08-13,182.610001
FB_High,2018-08-14,181.990005
FB_High,2018-08-15,180.869995
FB_High,2018-08-16,180.5
FB_High,2018-08-17,176.220001
FB_High,2018-08-20,174.570007
FB_High,2018-08-21,174.169998
FB_High,2018-08-22,174.240005
FB_High,2018-08-23,175.550003
FB_High,2018-08-24,174.820007
FB_High,2018-08-27,178.669998
FB_High,2018-08-28,178.240005
FB_High,2018-08-29,176.789993
FB_High,2018-08-30,179.789993
FB_High,2018-08-31,177.619995
FB_High,2018-09-04,173.889999
FB_High,2018-09-05,171.130005
FB_High,2018-09-06,166.979996
FB_High,2018-09-07,164.630005
FB_High,2018-09-10,165.009995
FB_High,2018-09-11,167.190002
FB_High,2018-09-12,164.490005
FB_High,2018-09-13,163.320007
FB_High,2018-09-14,162.839996
FB_High,2018-09-17,162.059998
FB_High,2018-09-18,161.759995
FB_High,2018-09-19,163.440002
FB_High,2018-09-20,166.449997
FB_High,2018-09-21,167.25
FB_High,2018-09-24,165.699997
FB_High,2018-09-25,165.589996
FB_High,2018-09-26,169.300003
FB_High,2018-09-27,171.770004
FB_High,2018-09-28,168.789993
FB_High,2018-10-01,165.880005
FB_High,2018-10-02,162.279999
FB_High,2018-10-03,163.660004
FB_High,2018-10-04,161.460007
FB_High,2018-10-05,160.899994
FB_High,2018-10-08,158.339996
FB_High,2018-10-09,160.589996
FB_High,2018-10-10,157.690002
FB_High,2018-10-11,154.809998
FB_High,2018-10-12,156.889999
FB_High,2018-10-15,155.570007
FB_High,2018-10-16,159.460007
FB_High,2018-10-17,160.490005
FB_High,2018-10-18,158.660004
FB_High,2018-10-19,157.350006
FB_High,2018-10-22,157.339996
FB_High,2018-10-23,154.770004
FB_High,2018-10-24,154.649994
FB_High,2018-10-25,152.210007
FB_High,2018-10-26,149
FB_High,2018-10-29,148.830002
FB_High,2018-10-30,146.639999
FB_High,2018-10-31,156.399994
FB_High,2018-11-01,152.75
FB_High,2018-11-02,154.130005
FB_High,2018-11-05,150.190002
FB_High,2018-11-06,150.970001
FB_High,2018-11-07,153.009995
FB_High,2018-11-08,150.940002
FB_High,2018-11-09,147.759995
FB_High,2018-11-12,145.039993
FB_High,2018-11-13,144.880005
FB_High,2018-11-14,145.580002
FB_High,2018-11-15,144.839996
FB_High,2018-11-16,141.770004
FB_High,2018-11-19,137.75
FB_High,2018-11-20,134.160004
FB_High,2018-11-21,137.190002
FB_High,2018-11-23,134.5
FB_High,2018-11-26,137
FB_High,2018-11-27,136.610001
FB_High,2018-11-28,136.789993
FB_High,2018-11-29,139.990005
FB_High,2018-11-30,140.970001
FB_High,2018-12-03,143.679993
FB_High,2018-12-04,143.389999
FB_High,2018-12-06,139.699997
FB_High,2018-12-07,140.869995
FB_High,2018-12-10,143.050003
FB_High,2018-12-11,143.880005
FB_High,2018-12-12,147.190002
FB_High,2018-12-13,145.850006
FB_High,2018-12-14,146.009995
FB_High,2018-12-17,144.919998
FB_High,2018-12-18,145.929993
FB_High,2018-12-19,144.910004
FB_High,2018-12-20,135.570007
FB_High,2018-12-21,134.899994
FB_High,2018-12-24,129.740005
FB_High,2018-12-26,134.240005
FB_High,2018-12-27,134.990005
FB_High,2018-12-28,135.919998
FB_High,2018-12-31,134.639999
GOOG_High,2014-01-02,555.26355
GOOG_High,2014-01-03,554.856201
GOOG_High,2014-01-06,555.814941
GOOG_High,2014-01-07,566.162659
GOOG_High,2014-01-08,569.953003
GOOG_High,2014-01-09,568.413025
GOOG_High,2014-01-10,565.859619
GOOG_High,2014-01-13,569.749329
GOOG_High,2014-01-14,571.781128
GOOG_High,2014-01-15,573.768188
GOOG_High,2014-01-16,575.223694
GOOG_High,2014-01-17,576.565002
GOOG_High,2014-01-21,578.239136
GOOG_High,2014-01-22,580.17157
GOOG_High,2014-01-23,577.489014
GOOG_High,2014-01-24,573.047852
GOOG_High,2014-01-27,559.610291
GOOG_High,2014-01-28,559.237671
GOOG_High,2014-01-29,557.25061
GOOG_High,2014-01-30,572.521301
GOOG_High,2014-01-31,589.436279
GOOG_High,2014-02-03,587.04187
GOOG_High,2014-02-04,573.768188
GOOG_High,2014-02-05,571.66687
GOOG_High,2014-02-06,576.331543
GOOG_High,2014-02-07,585.144226
GOOG_High,2014-02-10,587.379639
GOOG_High,2014-02-11,592.084045
GOOG_High,2014-02-12,591.15509
GOOG_High,2014-02-13,596.07312
GOOG_High,2014-02-14,598.303589
GOOG_High,2014-02-18,602.516235
GOOG_High,2014-02-19,600.703003
GOOG_High,2014-02-20,599.545532
GOOG_High,2014-02-21,601.025879
GOOG_High,2014-02-24,606.137634
GOOG_High,2014-02-25,608.29364
GOOG_High,2014-02-26,610.469482
GOOG_High,2014-02-27,608.159485
GOOG_High,2014-02-28,608.139648
GOOG_High,2014-03-03,600.017456
GOOG_High,2014-03-04,604.071106
GOOG_High,2014-03-05,607.588196
GOOG_High,2014-03-06,609.113281
GOOG_High,2014-03-07,609.530579
GOOG_High,2014-03-10,604.885803
GOOG_High,2014-03-11,603.236511
GOOG_High,2014-03-12,600.022461
GOOG_High,2014-03-13,601.338867
GOOG_High,2014-03-14,591.58728
GOOG_High,2014-03-17,594.667236
GOOG_High,2014-03-18,601.850525
GOOG_High,2014-03-19,602.079041
GOOG_High,2014-03-20,600.896729
GOOG_High,2014-03-21,600.906677
GOOG_High,2014-03-24,588.621582
GOOG_High,2014-03-25,581.140259
GOOG_High,2014-03-26,581.999634
GOOG_High,2014-03-27,564.893921
GOOG_High,2014-03-28,563.33252
GOOG_High,2014-03-31,563.899353
GOOG_High,2014-04-01,565.341431
GOOG_High,2014-04-02,601.522522
GOOG_High,2014-04-03,584.068481
GOOG_High,2014-04-04,574.610474
GOOG_High,2014-04-07,545.480652
GOOG_High,2014-04-08,551.965027
GOOG_High,2014-04-09,562.27832
GOOG_High,2014-04-10,561.910339
GOOG_High,2014-04-11,537.046997
GOOG_High,2014-04-14,541.124634
GOOG_High,2014-04-15,535.505493
GOOG_High,2014-04-16,553.954041
GOOG_High,2014-04-17,546.495056
GOOG_High,2014-04-21,533.765076
GOOG_High,2014-04-22,534.292175
GOOG_High,2014-04-23,530.950562
GOOG_High,2014-04-24,528.742676
GOOG_High,2014-04-25,521.830688
GOOG_High,2014-04-28,515.764038
GOOG_High,2014-04-29,526.564636
GOOG_High,2014-04-30,525.112671
GOOG_High,2014-05-01,530.015686
GOOG_High,2014-05-02,531.079834
GOOG_High,2014-05-05,526.007751
GOOG_High,2014-05-06,523.929138
GOOG_High,2014-05-07,513.854553
GOOG_High,2014-05-08,514.40155
GOOG_High,2014-05-09,517.056946
GOOG_High,2014-05-12,527.290649
GOOG_High,2014-05-13,533.138489
GOOG_High,2014-05-14,530.085327
GOOG_High,2014-05-15,522.994324
GOOG_High,2014-05-16,518.946533
GOOG_High,2014-05-19,526.882935
GOOG_High,2014-05-20,533.297668
GOOG_High,2014-05-21,536.234497
GOOG_High,2014-05-22,544.605469
GOOG_High,2014-05-23,550.612427
GOOG_High,2014-05-27,562.904846
GOOG_High,2014-05-28,564.734802
GOOG_High,2014-05-29,560.915771
GOOG_High,2014-05-30,558.280273
GOOG_High,2014-06-02,557.832764
GOOG_High,2014-06-03,549.319519
GOOG_High,2014-06-04,545.609924
GOOG_High,2014-06-05,551.915283
GOOG_High,2014-06-06,555.00824
GOOG_High,2014-06-09,559.821777
GOOG_High,2014-06-10,560.517944
GOOG_High,2014-06-11,556.818298
GOOG_High,2014-06-12,554.93866
GOOG_High,2014-06-13,549.279785
GOOG_High,2014-06-16,546.614441
GOOG_High,2014-06-17,542.337952
GOOG_High,2014-06-18,550.532898
GOOG_High,2014-06-19,551.965027
GOOG_High,2014-06-20,554.530884
GOOG_High,2014-06-23,561.910339
GOOG_High,2014-06-24,569.514526
GOOG_High,2014-06-25,576.788513
GOOG_High,2014-06-26,579.264893
GOOG_High,2014-06-27,576.698975
GOOG_High,2014-06-30,576.400635
GOOG_High,2014-07-01,581.204224
GOOG_High,2014-07-02,582.238525
GOOG_High,2014-07-03,581.810913
GOOG_High,2014-07-07,583.223145
GOOG_High,2014-07-08,576.358887
GOOG_High,2014-07-09,573.566223
GOOG_High,2014-07-10,573.436951
GOOG_High,2014-07-11,577.673645
GOOG_High,2014-07-14,582.009827
GOOG_High,2014-07-15,582.601563
GOOG_High,2014-07-16,585.182373
GOOG_High,2014-07-17,577.812866
GOOG_High,2014-07-18,593.536438
GOOG_High,2014-07-21,591.149536
GOOG_High,2014-07-22,596.37085
GOOG_High,2014-07-23,594.580688
GOOG_High,2014-07-24,596.22168
GOOG_High,2014-07-25,588.623413
GOOG_High,2014-07-28,589.259949
GOOG_High,2014-07-29,586.47522
GOOG_High,2014-07-30,586.276367
GOOG_High,2014-07-31,580.458313
GOOG_High,2014-08-01,572.810364
GOOG_High,2014-08-04,572.203735
GOOG_High,2014-08-05,568.852173
GOOG_High,2014-08-06,567.579163
GOOG_High,2014-08-07,566.77356
GOOG_High,2014-08-08,567.131592
GOOG_High,2014-08-11,567.3703
GOOG_High,2014-08-12,562.80542
GOOG_High,2014-08-13,571.855652
GOOG_High,2014-08-14,574.739746
GOOG_High,2014-08-15,576.21167
GOOG_High,2014-08-18,581.313599
GOOG_High,2014-08-19,584.128174
GOOG_High,2014-08-20,583.491638
GOOG_High,2014-08-21,581.30365
GOOG_High,2014-08-22,582.035645
GOOG_High,2014-08-25,581.800964
GOOG_High,2014-08-26,578.618469
GOOG_High,2014-08-27,575.326538
GOOG_High,2014-08-28,570.115173
GOOG_High,2014-08-29,568.911804
GOOG_High,2014-09-02,574.670166
GOOG_High,2014-09-03,579.801941
GOOG_High,2014-09-04,582.795471
GOOG_High,2014-09-05,583.342468
GOOG_High,2014-09-08,588.533936
GOOG_High,2014-09-09,585.779053
GOOG_High,2014-09-10,580.309143
GOOG_High,2014-09-11,578.628418
GOOG_High,2014-09-12,578.45929
GOOG_High,2014-09-15,571.805908
GOOG_High,2014-09-16,578.320068
GOOG_High,2014-09-17,584.30719
GOOG_High,2014-09-18,586.316101
GOOG_High,2014-09-19,593.21814
GOOG_High,2014-09-22,590.700989
GOOG_High,2014-09-23,583.640808
GOOG_High,2014-09-24,586.40564
GOOG_High,2014-09-25,584.764648
GOOG_High,2014-09-26,576.082397
GOOG_High,2014-09-29,575.028198
GOOG_High,2014-09-30,576.679138
GOOG_High,2014-10-01,574.421509
GOOG_High,2014-10-02,568.782532
GOOG_High,2014-10-03,574.068481
GOOG_High,2014-10-06,577.822815
GOOG_High,2014-10-07,572.124146
GOOG_High,2014-10-08,570.74176
GOOG_High,2014-10-09,568.364807
GOOG_High,2014-10-10,562.039612
GOOG_High,2014-10-13,546.495056
GOOG_High,2014-10-14,544.197693
GOOG_High,2014-10-15,529.886414
GOOG_High,2014-10-16,526.534851
GOOG_High,2014-10-17,528.076355
GOOG_High,2014-10-20,518.906799
GOOG_High,2014-10-21,523.909241
GOOG_High,2014-10-22,536.848145
GOOG_High,2014-10-23,544.227539
GOOG_High,2014-10-24,541.90033
GOOG_High,2014-10-27,541.432922
GOOG_High,2014-10-28,545.977905
GOOG_High,2014-10-29,551.159424
GOOG_High,2014-10-30,549.777039
GOOG_High,2014-10-31,556.51001
GOOG_High,2014-11-03,554.849121
GOOG_High,2014-11-04,552.46228
GOOG_High,2014-11-05,553.755127
GOOG_High,2014-11-06,543.894348
GOOG_High,2014-11-07,543.223083
GOOG_High,2014-11-10,546.584595
GOOG_High,2014-11-11,548.921753
GOOG_High,2014-11-12,547.449829
GOOG_High,2014-11-13,546.793457
GOOG_High,2014-11-14,543.690491
GOOG_High,2014-11-17,540.816284
GOOG_High,2014-11-18,538.97644
GOOG_High,2014-11-19,535.296631
GOOG_High,2014-11-20,532.183777
GOOG_High,2014-11-21,539.175354
GOOG_High,2014-11-24,539.732239
GOOG_High,2014-11-25,541.005249
GOOG_High,2014-11-26,538.588562
GOOG_High,2014-11-28,539.036072
GOOG_High,2014-12-01,538.449341
GOOG_High,2014-12-02,532.571655
GOOG_High,2014-12-03,533.064941
GOOG_High,2014-12-04,534.40155
GOOG_High,2014-12-05,529.975891
GOOG_High,2014-12-08,528.096252
GOOG_High,2014-12-09,531.268799
GOOG_High,2014-12-10,533.397095
GOOG_High,2014-12-11,531.000305
GOOG_High,2014-12-12,525.609924
GOOG_High,2014-12-15,520.239441
GOOG_High,2014-12-16,510.244415
GOOG_High,2014-12-17,504.227478
GOOG_High,2014-12-18,511.059906
GOOG_High,2014-12-19,514.888855
GOOG_High,2014-12-22,523.581055
GOOG_High,2014-12-23,531.63678
GOOG_High,2014-12-24,528.851074
GOOG_High,2014-12-26,531.328491
GOOG_High,2014-12-29,532.551758
GOOG_High,2014-12-30,528.245422
GOOG_High,2014-12-31,529.6875
GOOG_High,2015-01-02,528.362366
GOOG_High,2015-01-05,521.460388
GOOG_High,2015-01-06,513.350037
GOOG_High,2015-01-07,504.467896
GOOG_High,2015-01-08,500.724487
GOOG_High,2015-01-09,502.156616
GOOG_High,2015-01-12,493.261566
GOOG_High,2015-01-13,500.227234
GOOG_High,2015-01-14,500.475861
GOOG_High,2015-01-15,502.912445
GOOG_High,2015-01-16,505.408722
GOOG_High,2015-01-20,509.695129
GOOG_High,2015-01-21,516.437988
GOOG_High,2015-01-22,533.394714
GOOG_High,2015-01-23,539.202759
GOOG_High,2015-01-26,536.05011
GOOG_High,2015-01-27,527.795532
GOOG_High,2015-01-28,520.127686
GOOG_High,2015-01-29,508.292847
GOOG_High,2015-01-30,536.915344
GOOG_High,2015-02-02,530.082947
GOOG_High,2015-02-03,530.480713
GOOG_High,2015-02-04,529.756714
GOOG_High,2015-02-05,525.607544
GOOG_High,2015-02-06,534.259949
GOOG_High,2015-02-09,529.088379
GOOG_High,2015-02-10,534.757202
GOOG_High,2015-02-11,535.503113
GOOG_High,2015-02-12,541.838257
GOOG_High,2015-02-13,546.900391
GOOG_High,2015-02-17,546.989868
GOOG_High,2015-02-18,542.504578
GOOG_High,2015-02-19,540.140015
GOOG_High,2015-02-20,540.774109
GOOG_High,2015-02-23,533.503113
GOOG_High,2015-02-24,533.852173
GOOG_High,2015-02-25,543.230591
GOOG_High,2015-02-26,553.096313
GOOG_High,2015-02-27,561.619385
GOOG_High,2015-03-02,569.018677
GOOG_High,2015-03-03,572.240906
GOOG_High,2015-03-04,573.951538
GOOG_High,2015-03-05,574.747131
GOOG_High,2015-03-06,573.523865
GOOG_High,2015-03-09,567.148926
GOOG_High,2015-03-10,561.758606
GOOG_High,2015-03-11,555.085327
GOOG_High,2015-03-12,553.325012
GOOG_High,2015-03-13,555.343933
GOOG_High,2015-03-16,553.802368
GOOG_High,2015-03-17,550.769104
GOOG_High,2015-03-18,556.71637
GOOG_High,2015-03-19,557.730774
GOOG_High,2015-03-20,558.645752
GOOG_High,2015-03-23,559.282227
GOOG_High,2015-03-24,571.445313
GOOG_High,2015-03-25,569.128052
GOOG_High,2015-03-26,555.841187
GOOG_High,2015-03-27,552.240967
GOOG_High,2015-03-30,550.440918
GOOG_High,2015-03-31,551.674133
GOOG_High,2015-04-01,548.123657
GOOG_High,2015-04-02,537.889954
GOOG_High,2015-04-06,535.463318
GOOG_High,2015-04-07,539.71991
GOOG_High,2015-04-08,540.873535
GOOG_High,2015-04-09,538.983948
GOOG_High,2015-04-10,539.322083
GOOG_High,2015-04-13,541.082397
GOOG_High,2015-04-14,534.62793
GOOG_High,2015-04-15,531.805847
GOOG_High,2015-04-16,532.658752
GOOG_High,2015-04-17,526.940247
GOOG_High,2015-04-20,533.156006
GOOG_High,2015-04-21,536.440369
GOOG_High,2015-04-22,538.118713
GOOG_High,2015-04-23,547.944641
GOOG_High,2015-04-24,568.01416
GOOG_High,2015-04-27,565.950012
GOOG_High,2015-04-28,556.02002
GOOG_High,2015-04-29,553.679993
GOOG_High,2015-04-30,548.590027
GOOG_High,2015-05-01,539.539978
GOOG_High,2015-05-04,544.070007
GOOG_High,2015-05-05,539.73999
GOOG_High,2015-05-06,532.380005
GOOG_High,2015-05-07,533.460022
GOOG_High,2015-05-08,541.150024
GOOG_High,2015-05-11,541.97998
GOOG_High,2015-05-12,533.208984
GOOG_High,2015-05-13,534.322021
GOOG_High,2015-05-14,539
GOOG_High,2015-05-15,539.273987
GOOG_High,2015-05-18,534.820007
GOOG_High,2015-05-19,540.659973
GOOG_High,2015-05-20,542.919983
GOOG_High,2015-05-21,543.840027
GOOG_High,2015-05-22,544.190002
GOOG_High,2015-05-26,539
GOOG_High,2015-05-27,540.549988
GOOG_High,2015-05-28,540.609985
GOOG_High,2015-05-29,538.630005
GOOG_High,2015-06-01,536.789978
GOOG_High,2015-06-02,543
GOOG_High,2015-06-03,543.5
GOOG_High,2015-06-04,540.590027
GOOG_High,2015-06-05,537.200012
GOOG_High,2015-06-08,534.119995
GOOG_High,2015-06-09,529.200012
GOOG_High,2015-06-10,538.359985
GOOG_High,2015-06-11,538.97998
GOOG_High,2015-06-12,533.119995
GOOG_High,2015-06-15,528.299988
GOOG_High,2015-06-16,529.640015
GOOG_High,2015-06-17,530.97998
GOOG_High,2015-06-18,538.150024
GOOG_High,2015-06-19,538.25
GOOG_High,2015-06-22,543.73999
GOOG_High,2015-06-23,541.499023
GOOG_High,2015-06-24,540
GOOG_High,2015-06-25,540.900024
GOOG_High,2015-06-26,537.76001
GOOG_High,2015-06-29,528.609985
GOOG_High,2015-06-30,526.25
GOOG_High,2015-07-01,525.690002
GOOG_High,2015-07-02,524.650024
GOOG_High,2015-07-06,525.25
GOOG_High,2015-07-07,526.179993
GOOG_High,2015-07-08,522.734009
GOOG_High,2015-07-09,523.77002
GOOG_High,2015-07-10,532.559998
GOOG_High,2015-07-13,547.109985
GOOG_High,2015-07-14,565.848999
GOOG_High,2015-07-15,566.502991
GOOG_High,2015-07-16,580.679993
GOOG_High,2015-07-17,674.468018
GOOG_High,2015-07-20,668.880005
GOOG_High,2015-07-21,673
GOOG_High,2015-07-22,678.640015
GOOG_High,2015-07-23,663.630005
GOOG_High,2015-07-24,648.169983
GOOG_High,2015-07-27,634.299988
GOOG_High,2015-07-28,632.830017
GOOG_High,2015-07-29,633.359985
GOOG_High,2015-07-30,635.219971
GOOG_High,2015-07-31,632.909973
GOOG_High,2015-08-03,633.05603
GOOG_High,2015-08-04,634.809998
GOOG_High,2015-08-05,647.859985
GOOG_High,2015-08-06,645.379028
GOOG_High,2015-08-07,642.679993
GOOG_High,2015-08-10,643.440002
GOOG_High,2015-08-11,674.900024
GOOG_High,2015-08-12,665
GOOG_High,2015-08-13,664.5
GOOG_High,2015-08-14,659.85498
GOOG_High,2015-08-17,661.380005
GOOG_High,2015-08-18,664
GOOG_High,2015-08-19,667
GOOG_High,2015-08-20,662.98999
GOOG_High,2015-08-21,640.049988
GOOG_High,2015-08-24,599.330017
GOOG_High,2015-08-25,617.450012
GOOG_High,2015-08-26,631.710022
GOOG_High,2015-08-27,643.590027
GOOG_High,2015-08-28,636.880005
GOOG_High,2015-08-31,635.799988
GOOG_High,2015-09-01,612.859985
GOOG_High,2015-09-02,614.340027
GOOG_High,2015-09-03,619.710022
GOOG_High,2015-09-04,603.469971
GOOG_High,2015-09-08,616.309998
GOOG_High,2015-09-09,626.52002
GOOG_High,2015-09-10,624.159973
GOOG_High,2015-09-11,625.780029
GOOG_High,2015-09-14,625.859985
GOOG_High,2015-09-15,638.700012
GOOG_High,2015-09-16,637.950012
GOOG_High,2015-09-17,650.900024
GOOG_High,2015-09-18,640
GOOG_High,2015-09-21,636.48999
GOOG_High,2015-09-22,627.549988
GOOG_High,2015-09-23,628.929993
GOOG_High,2015-09-24,627.320007
GOOG_High,2015-09-25,629.77002
GOOG_High,2015-09-28,614.60498
GOOG_High,2015-09-29,605
GOOG_High,2015-09-30,608.76001
GOOG_High,2015-10-01,612.090027
GOOG_High,2015-10-02,627.340027
GOOG_High,2015-10-05,643.01001
GOOG_High,2015-10-06,649.25
GOOG_High,2015-10-07,650.609009
GOOG_High,2015-10-08,644.450012
GOOG_High,2015-10-09,645.98999
GOOG_High,2015-10-12,648.5
GOOG_High,2015-10-13,657.812012
GOOG_High,2015-10-14,659.390015
GOOG_High,2015-10-15,663.130005
GOOG_High,2015-10-16,664.969971
GOOG_High,2015-10-19,666.820007
GOOG_High,2015-10-20,664.719971
GOOG_High,2015-10-21,655.869995
GOOG_High,2015-10-22,657.799988
GOOG_High,2015-10-23,730
GOOG_High,2015-10-26,719.150024
GOOG_High,2015-10-27,713.619995
GOOG_High,2015-10-28,712.97998
GOOG_High,2015-10-29,718.26001
GOOG_High,2015-10-30,718
GOOG_High,2015-11-02,721.619995
GOOG_High,2015-11-03,724.650024
GOOG_High,2015-11-04,733.099976
GOOG_High,2015-11-05,739.47998
GOOG_High,2015-11-06,735.409973
GOOG_High,2015-11-09,734.710022
GOOG_High,2015-11-10,730.590027
GOOG_High,2015-11-11,741
GOOG_High,2015-11-12,737.799988
GOOG_High,2015-11-13,731.150024
GOOG_High,2015-11-16,729.48999
GOOG_High,2015-11-17,731.844971
GOOG_High,2015-11-18,741.409973
GOOG_High,2015-11-19,742
GOOG_High,2015-11-20,757.919983
GOOG_High,2015-11-23,762.708008
GOOG_High,2015-11-24,755.278992
GOOG_High,2015-11-25,752
GOOG_High,2015-11-27,753.409973
GOOG_High,2015-11-30,754.929993
GOOG_High,2015-12-01,768.950012
GOOG_High,2015-12-02,775.955017
GOOG_High,2015-12-03,768.994995
GOOG_High,2015-12-04,768.48999
GOOG_High,2015-12-07,768.72998
GOOG_High,2015-12-08,764.799988
GOOG_High,2015-12-09,764.22998
GOOG_High,2015-12-10,755.849976
GOOG_High,2015-12-11,745.710022
GOOG_High,2015-12-14,748.72998
GOOG_High,2015-12-15,758.080017
GOOG_High,2015-12-16,760.590027
GOOG_High,2015-12-17,762.679993
GOOG_High,2015-12-18,754.130005
GOOG_High,2015-12-21,750
GOOG_High,2015-12-22,754.849976
GOOG_High,2015-12-23,754.210022
GOOG_High,2015-12-24,751.349976
GOOG_High,2015-12-28,762.98999
GOOG_High,2015-12-29,779.97998
GOOG_High,2015-12-30,777.599976
GOOG_High,2015-12-31,769.5
GOOG_High,2016-01-04,744.059998
GOOG_High,2016-01-05,752
GOOG_High,2016-01-06,747.179993
GOOG_High,2016-01-07,738.5
GOOG_High,2016-01-08,733.22998
GOOG_High,2016-01-11,718.85498
GOOG_High,2016-01-12,728.75
GOOG_High,2016-01-13,734.73999
GOOG_High,2016-01-14,721.924988
GOOG_High,2016-01-15,706.73999
GOOG_High,2016-01-19,709.97998
GOOG_High,2016-01-20,706.849976
GOOG_High,2016-01-21,719.190002
GOOG_High,2016-01-22,728.130005
GOOG_High,2016-01-25,729.679993
GOOG_High,2016-01-26,718.280029
GOOG_High,2016-01-27,718.234985
GOOG_High,2016-01-28,733.690002
GOOG_High,2016-01-29,744.98999
GOOG_High,2016-02-01,757.859985
GOOG_High,2016-02-02,789.869995
GOOG_High,2016-02-03,774.5
GOOG_High,2016-02-04,727
GOOG_High,2016-02-05,703.98999
GOOG_High,2016-02-08,684.030029
GOOG_High,2016-02-09,699.900024
GOOG_High,2016-02-10,701.309998
GOOG_High,2016-02-11,689.349976
GOOG_High,2016-02-12,693.75
GOOG_High,2016-02-16,698
GOOG_High,2016-02-17,709.75
GOOG_High,2016-02-18,712.349976
GOOG_High,2016-02-19,703.080994
GOOG_High,2016-02-22,713.23999
GOOG_High,2016-02-23,708.400024
GOOG_High,2016-02-24,700
GOOG_High,2016-02-25,705.97998
GOOG_High,2016-02-26,713.429993
GOOG_High,2016-02-29,710.890015
GOOG_High,2016-03-01,718.809998
GOOG_High,2016-03-02,720
GOOG_High,2016-03-03,719.450012
GOOG_High,2016-03-04,716.48999
GOOG_High,2016-03-07,708.091003
GOOG_High,2016-03-08,703.789978
GOOG_High,2016-03-09,705.679993
GOOG_High,2016-03-10,716.440002
GOOG_High,2016-03-11,726.919983
GOOG_High,2016-03-14,735.5
GOOG_High,2016-03-15,732.289978
GOOG_High,2016-03-16,737.469971
GOOG_High,2016-03-17,743.070007
GOOG_High,2016-03-18,742
GOOG_High,2016-03-21,742.5
GOOG_High,2016-03-22,745
GOOG_High,2016-03-23,745.719971
GOOG_High,2016-03-24,737.747009
GOOG_High,2016-03-28,738.98999
GOOG_High,2016-03-29,747.25
GOOG_High,2016-03-30,757.880005
GOOG_High,2016-03-31,750.849976
GOOG_High,2016-04-01,750.340027
GOOG_High,2016-04-04,752.799988
GOOG_High,2016-04-05,742.799988
GOOG_High,2016-04-06,746.23999
GOOG_High,2016-04-07,747
GOOG_High,2016-04-08,745.450012
GOOG_High,2016-04-11,745
GOOG_High,2016-04-12,743.830017
GOOG_High,2016-04-13,754.380005
GOOG_High,2016-04-14,757.309998
GOOG_High,2016-04-15,761
GOOG_High,2016-04-18,768.049988
GOOG_High,2016-04-19,769.900024
GOOG_High,2016-04-20,758.132019
GOOG_High,2016-04-21,760.450012
GOOG_High,2016-04-22,736.119995
GOOG_High,2016-04-25,723.929993
GOOG_High,2016-04-26,725.765991
GOOG_High,2016-04-27,708.97998
GOOG_High,2016-04-28,714.169983
GOOG_High,2016-04-29,697.619995
GOOG_High,2016-05-02,700.640015
GOOG_High,2016-05-03,697.840027
GOOG_High,2016-05-04,699.75
GOOG_High,2016-05-05,702.320007
GOOG_High,2016-05-06,711.859985
GOOG_High,2016-05-09,718.710022
GOOG_High,2016-05-10,723.5
GOOG_High,2016-05-11,724.47998
GOOG_High,2016-05-12,719.25
GOOG_High,2016-05-13,716.661987
GOOG_High,2016-05-16,718.47998
GOOG_High,2016-05-17,721.52002
GOOG_High,2016-05-18,711.599976
GOOG_High,2016-05-19,706
GOOG_High,2016-05-20,714.580017
GOOG_High,2016-05-23,711.478027
GOOG_High,2016-05-24,720.969971
GOOG_High,2016-05-25,727.51001
GOOG_High,2016-05-26,728.330017
GOOG_High,2016-05-27,733.935974
GOOG_High,2016-05-31,739.72998
GOOG_High,2016-06-01,737.210022
GOOG_High,2016-06-02,733.02002
GOOG_High,2016-06-03,729.48999
GOOG_High,2016-06-06,724.909973
GOOG_High,2016-06-07,721.97998
GOOG_High,2016-06-08,728.570007
GOOG_High,2016-06-09,729.539978
GOOG_High,2016-06-10,725.890015
GOOG_High,2016-06-13,725.440002
GOOG_High,2016-06-14,722.469971
GOOG_High,2016-06-15,722.97998
GOOG_High,2016-06-16,716.650024
GOOG_High,2016-06-17,708.820007
GOOG_High,2016-06-20,702.47998
GOOG_High,2016-06-21,702.77002
GOOG_High,2016-06-22,700.859985
GOOG_High,2016-06-23,701.950012
GOOG_High,2016-06-24,689.400024
GOOG_High,2016-06-27,672.299988
GOOG_High,2016-06-28,680.330017
GOOG_High,2016-06-29,687.429016
GOOG_High,2016-06-30,692.320007
GOOG_High,2016-07-01,700.650024
GOOG_High,2016-07-05,696.940002
GOOG_High,2016-07-06,701.679993
GOOG_High,2016-07-07,698.200012
GOOG_High,2016-07-08,705.710022
GOOG_High,2016-07-11,716.51001
GOOG_High,2016-07-12,722.940002
GOOG_High,2016-07-13,724
GOOG_High,2016-07-14,722.210022
GOOG_High,2016-07-15,725.73999
GOOG_High,2016-07-18,736.130005
GOOG_High,2016-07-19,736.98999
GOOG_High,2016-07-20,742.130005
GOOG_High,2016-07-21,741.690002
GOOG_High,2016-07-22,743.23999
GOOG_High,2016-07-25,742.609985
GOOG_High,2016-07-26,741.690002
GOOG_High,2016-07-27,744.460022
GOOG_High,2016-07-28,748.650024
GOOG_High,2016-07-29,778.549988
GOOG_High,2016-08-01,780.429993
GOOG_High,2016-08-02,775.840027
GOOG_High,2016-08-03,773.210022
GOOG_High,2016-08-04,774.070007
GOOG_High,2016-08-05,783.039978
GOOG_High,2016-08-08,782.630005
GOOG_High,2016-08-09,788.940002
GOOG_High,2016-08-10,786.812012
GOOG_High,2016-08-11,789.75
GOOG_High,2016-08-12,783.39502
GOOG_High,2016-08-15,787.48999
GOOG_High,2016-08-16,780.97998
GOOG_High,2016-08-17,780.809998
GOOG_High,2016-08-18,782.859985
GOOG_High,2016-08-19,777.099976
GOOG_High,2016-08-22,774.539978
GOOG_High,2016-08-23,776.440002
GOOG_High,2016-08-24,774.5
GOOG_High,2016-08-25,771.890015
GOOG_High,2016-08-26,776.080017
GOOG_High,2016-08-29,774.98999
GOOG_High,2016-08-30,774.466003
GOOG_High,2016-08-31,769.090027
GOOG_High,2016-09-01,771.02002
GOOG_High,2016-09-02,773.919983
GOOG_High,2016-09-06,782
GOOG_High,2016-09-07,782.72998
GOOG_High,2016-09-08,780.349976
GOOG_High,2016-09-09,773.244995
GOOG_High,2016-09-12,770.289978
GOOG_High,2016-09-13,766.219971
GOOG_High,2016-09-14,767.679993
GOOG_High,2016-09-15,773.799988
GOOG_High,2016-09-16,769.75
GOOG_High,2016-09-19,774
GOOG_High,2016-09-20,773.330017
GOOG_High,2016-09-21,777.159973
GOOG_High,2016-09-22,789.849976
GOOG_High,2016-09-23,788.929993
GOOG_High,2016-09-26,782.73999
GOOG_High,2016-09-27,785.98999
GOOG_High,2016-09-28,781.809998
GOOG_High,2016-09-29,785.799988
GOOG_High,2016-09-30,780.940002
GOOG_High,2016-10-03,776.065002
GOOG_High,2016-10-04,778.710022
GOOG_High,2016-10-05,782.070007
GOOG_High,2016-10-06,780.47998
GOOG_High,2016-10-07,779.659973
GOOG_High,2016-10-10,789.380005
GOOG_High,2016-10-11,792.280029
GOOG_High,2016-10-12,788.130005
GOOG_High,2016-10-13,781.219971
GOOG_High,2016-10-14,783.950012
GOOG_High,2016-10-17,785.849976
GOOG_High,2016-10-18,801.609985
GOOG_High,2016-10-19,804.599976
GOOG_High,2016-10-20,803.969971
GOOG_High,2016-10-21,799.5
GOOG_High,2016-10-24,815.179993
GOOG_High,2016-10-25,816.679993
GOOG_High,2016-10-26,806.97998
GOOG_High,2016-10-27,803.48999
GOOG_High,2016-10-28,815.48999
GOOG_High,2016-10-31,796.859985
GOOG_High,2016-11-01,789.48999
GOOG_High,2016-11-02,781.650024
GOOG_High,2016-11-03,769.950012
GOOG_High,2016-11-04,770.359985
GOOG_High,2016-11-07,785.190002
GOOG_High,2016-11-08,795.632996
GOOG_High,2016-11-09,791.22699
GOOG_High,2016-11-10,791.169983
GOOG_High,2016-11-11,760.780029
GOOG_High,2016-11-14,757.849976
GOOG_High,2016-11-15,764.416016
GOOG_High,2016-11-16,766.359985
GOOG_High,2016-11-17,772.700012
GOOG_High,2016-11-18,775
GOOG_High,2016-11-21,769.700012
GOOG_High,2016-11-22,776.960022
GOOG_High,2016-11-23,768.28302
GOOG_High,2016-11-25,765
GOOG_High,2016-11-28,779.530029
GOOG_High,2016-11-29,778.5
GOOG_High,2016-11-30,772.98999
GOOG_High,2016-12-01,759.849976
GOOG_High,2016-12-02,754
GOOG_High,2016-12-05,763.900024
GOOG_High,2016-12-06,768.830017
GOOG_High,2016-12-07,771.359985
GOOG_High,2016-12-08,778.179993
GOOG_High,2016-12-09,789.429993
GOOG_High,2016-12-12,791.25
GOOG_High,2016-12-13,804.380005
GOOG_High,2016-12-14,804
GOOG_High,2016-12-15,803
GOOG_High,2016-12-16,800.856018
GOOG_High,2016-12-19,797.659973
GOOG_High,2016-12-20,798.650024
GOOG_High,2016-12-21,796.676025
GOOG_High,2016-12-22,793.320007
GOOG_High,2016-12-23,792.73999
GOOG_High,2016-12-27,797.859985
GOOG_High,2016-12-28,794.22998
GOOG_High,2016-12-29,785.929993
GOOG_High,2016-12-30,782.780029
GOOG_High,2017-01-03,789.630005
GOOG_High,2017-01-04,791.340027
GOOG_High,2017-01-05,794.47998
GOOG_High,2017-01-06,807.900024
GOOG_High,2017-01-09,809.966003
GOOG_High,2017-01-10,809.130005
GOOG_High,2017-01-11,808.150024
GOOG_High,2017-01-12,807.390015
GOOG_High,2017-01-13,811.223999
GOOG_High,2017-01-17,807.140015
GOOG_High,2017-01-18,806.205017
GOOG_High,2017-01-19,809.47998
GOOG_High,2017-01-20,806.909973
GOOG_High,2017-01-23,820.869995
GOOG_High,2017-01-24,825.900024
GOOG_High,2017-01-25,835.77002
GOOG_High,2017-01-26,838
GOOG_High,2017-01-27,841.950012
GOOG_High,2017-01-30,815.840027
GOOG_High,2017-01-31,801.25
GOOG_High,2017-02-01,801.190002
GOOG_High,2017-02-02,802.700012
GOOG_High,2017-02-03,806
GOOG_High,2017-02-06,801.669983
GOOG_High,2017-02-07,810.5
GOOG_High,2017-02-08,811.840027
GOOG_High,2017-02-09,810.659973
GOOG_High,2017-02-10,815.25
GOOG_High,2017-02-13,820.958984
GOOG_High,2017-02-14,823
GOOG_High,2017-02-15,823
GOOG_High,2017-02-16,824.400024
GOOG_High,2017-02-17,828.070007
GOOG_High,2017-02-21,833.450012
GOOG_High,2017-02-22,833.25
GOOG_High,2017-02-23,832.460022
GOOG_High,2017-02-24,829
GOOG_High,2017-02-27,830.5
GOOG_High,2017-02-28,828.539978
GOOG_High,2017-03-01,836.255005
GOOG_High,2017-03-02,834.51001
GOOG_High,2017-03-03,831.359985
GOOG_High,2017-03-06,828.880005
GOOG_High,2017-03-07,833.409973
GOOG_High,2017-03-08,838.150024
GOOG_High,2017-03-09,842
GOOG_High,2017-03-10,844.909973
GOOG_High,2017-03-13,848.684998
GOOG_High,2017-03-14,847.23999
GOOG_High,2017-03-15,848.630005
GOOG_High,2017-03-16,850.849976
GOOG_High,2017-03-17,853.400024
GOOG_High,2017-03-20,850.219971
GOOG_High,2017-03-21,853.5
GOOG_High,2017-03-22,835.549988
GOOG_High,2017-03-23,822.570007
GOOG_High,2017-03-24,821.929993
GOOG_High,2017-03-27,821.630005
GOOG_High,2017-03-28,825.98999
GOOG_High,2017-03-29,832.765015
GOOG_High,2017-03-30,833.679993
GOOG_High,2017-03-31,831.640015
GOOG_High,2017-04-03,840.849976
GOOG_High,2017-04-04,835.179993
GOOG_High,2017-04-05,842.450012
GOOG_High,2017-04-06,836.390015
GOOG_High,2017-04-07,828.484985
GOOG_High,2017-04-10,829.349976
GOOG_High,2017-04-11,827.427002
GOOG_High,2017-04-12,826.659973
GOOG_High,2017-04-13,826.380005
GOOG_High,2017-04-17,837.75
GOOG_High,2017-04-18,838.929993
GOOG_High,2017-04-19,842.219971
GOOG_High,2017-04-20,845.200012
GOOG_High,2017-04-21,843.880005
GOOG_High,2017-04-24,863.450012
GOOG_High,2017-04-25,875
GOOG_High,2017-04-26,876.049988
GOOG_High,2017-04-27,875.400024
GOOG_High,2017-04-28,916.849976
GOOG_High,2017-05-01,915.679993
GOOG_High,2017-05-02,920.77002
GOOG_High,2017-05-03,928.099976
GOOG_High,2017-05-04,935.929993
GOOG_High,2017-05-05,934.900024
GOOG_High,2017-05-08,936.924988
GOOG_High,2017-05-09,937.5
GOOG_High,2017-05-10,932
GOOG_High,2017-05-11,932.530029
GOOG_High,2017-05-12,933.440002
GOOG_High,2017-05-15,938.25
GOOG_High,2017-05-16,943.109985
GOOG_High,2017-05-17,939.333008
GOOG_High,2017-05-18,933.169983
GOOG_High,2017-05-19,937.755005
GOOG_High,2017-05-22,941.882996
GOOG_High,2017-05-23,951.46698
GOOG_High,2017-05-24,955.090027
GOOG_High,2017-05-25,972.629028
GOOG_High,2017-05-26,974.97998
GOOG_High,2017-05-30,976.200012
GOOG_High,2017-05-31,979.27002
GOOG_High,2017-06-01,971.5
GOOG_High,2017-06-02,975.880005
GOOG_High,2017-06-05,986.909973
GOOG_High,2017-06-06,988.25
GOOG_High,2017-06-07,983.97998
GOOG_High,2017-06-08,984.570007
GOOG_High,2017-06-09,984.5
GOOG_High,2017-06-12,949.35498
GOOG_High,2017-06-13,959.97998
GOOG_High,2017-06-14,961.150024
GOOG_High,2017-06-15,943.338989
GOOG_High,2017-06-16,942.039978
GOOG_High,2017-06-19,959.98999
GOOG_High,2017-06-20,961.619995
GOOG_High,2017-06-21,960.099976
GOOG_High,2017-06-22,960.719971
GOOG_High,2017-06-23,966
GOOG_High,2017-06-26,973.309998
GOOG_High,2017-06-27,948.289978
GOOG_High,2017-06-28,942.75
GOOG_High,2017-06-29,931.26001
GOOG_High,2017-06-30,926.049988
GOOG_High,2017-07-03,913.940002
GOOG_High,2017-07-05,914.51001
GOOG_High,2017-07-06,914.94397
GOOG_High,2017-07-07,921.539978
GOOG_High,2017-07-10,930.380005
GOOG_High,2017-07-11,931.429993
GOOG_High,2017-07-12,946.299988
GOOG_High,2017-07-13,954.450012
GOOG_High,2017-07-14,956.909973
GOOG_High,2017-07-17,960.73999
GOOG_High,2017-07-18,968.039978
GOOG_High,2017-07-19,973.039978
GOOG_High,2017-07-20,975.900024
GOOG_High,2017-07-21,973.22998
GOOG_High,2017-07-24,986.200012
GOOG_High,2017-07-25,959.700012
GOOG_High,2017-07-26,955
GOOG_High,2017-07-27,951.780029
GOOG_High,2017-07-28,943.830017
GOOG_High,2017-07-31,943.590027
GOOG_High,2017-08-01,937.447021
GOOG_High,2017-08-02,932.599976
GOOG_High,2017-08-03,932.23999
GOOG_High,2017-08-04,930.307007
GOOG_High,2017-08-07,931.700012
GOOG_High,2017-08-08,935.814026
GOOG_High,2017-08-09,925.97998
GOOG_High,2017-08-10,919.26001
GOOG_High,2017-08-11,917.780029
GOOG_High,2017-08-14,924.66803
GOOG_High,2017-08-15,926.549988
GOOG_High,2017-08-16,932.700012
GOOG_High,2017-08-17,926.859985
GOOG_High,2017-08-18,915.275024
GOOG_High,2017-08-21,913
GOOG_High,2017-08-22,925.859985
GOOG_High,2017-08-23,929.929993
GOOG_High,2017-08-24,930.840027
GOOG_High,2017-08-25,925.554993
GOOG_High,2017-08-28,919.244995
GOOG_High,2017-08-29,923.330017
GOOG_High,2017-08-30,930.81897
GOOG_High,2017-08-31,941.97998
GOOG_High,2017-09-01,942.47998
GOOG_High,2017-09-05,937
GOOG_High,2017-09-06,930.914978
GOOG_High,2017-09-07,936.409973
GOOG_High,2017-09-08,936.98999
GOOG_High,2017-09-11,938.380005
GOOG_High,2017-09-12,933.47998
GOOG_High,2017-09-13,937.25
GOOG_High,2017-09-14,932.77002
GOOG_High,2017-09-15,926.48999
GOOG_High,2017-09-18,922.080017
GOOG_High,2017-09-19,922.419983
GOOG_High,2017-09-20,933.880005
GOOG_High,2017-09-21,936.530029
GOOG_High,2017-09-22,934.72998
GOOG_High,2017-09-25,926.400024
GOOG_High,2017-09-26,930.820007
GOOG_High,2017-09-27,949.900024
GOOG_High,2017-09-28,950.690002
GOOG_High,2017-09-29,959.786011
GOOG_High,2017-10-02,962.539978
GOOG_High,2017-10-03,958
GOOG_High,2017-10-04,960.390015
GOOG_High,2017-10-05,970.909973
GOOG_High,2017-10-06,979.460022
GOOG_High,2017-10-09,985.424988
GOOG_High,2017-10-10,981.570007
GOOG_High,2017-10-11,990.710022
GOOG_High,2017-10-12,994.119995
GOOG_High,2017-10-13,997.210022
GOOG_High,2017-10-16,993.906982
GOOG_High,2017-10-17,996.440002
GOOG_High,2017-10-18,996.719971
GOOG_High,2017-10-19,988.880005
GOOG_High,2017-10-20,991
GOOG_High,2017-10-23,989.52002
GOOG_High,2017-10-24,972.22998
GOOG_High,2017-10-25,976.090027
GOOG_High,2017-10-26,987.599976
GOOG_High,2017-10-27,1048.390015
GOOG_High,2017-10-30,1024.969971
GOOG_High,2017-10-31,1024
GOOG_High,2017-11-01,1029.670044
GOOG_High,2017-11-02,1028.089966
GOOG_High,2017-11-03,1032.650024
GOOG_High,2017-11-06,1034.869995
GOOG_High,2017-11-07,1033.969971
GOOG_High,2017-11-08,1043.521973
GOOG_High,2017-11-09,1033.98999
GOOG_High,2017-11-10,1030.76001
GOOG_High,2017-11-13,1031.579956
GOOG_High,2017-11-14,1026.810059
GOOG_High,2017-11-15,1024.089966
GOOG_High,2017-11-16,1035.920044
GOOG_High,2017-11-17,1034.420044
GOOG_High,2017-11-20,1022.609985
GOOG_High,2017-11-21,1035.109985
GOOG_High,2017-11-22,1039.706055
GOOG_High,2017-11-24,1043.177979
GOOG_High,2017-11-27,1055.459961
GOOG_High,2017-11-28,1062.375
GOOG_High,2017-11-29,1044.079956
GOOG_High,2017-11-30,1028.48999
GOOG_High,2017-12-01,1022.48999
GOOG_High,2017-12-04,1016.099976
GOOG_High,2017-12-05,1020.609985
GOOG_High,2017-12-06,1024.969971
GOOG_High,2017-12-07,1034.23999
GOOG_High,2017-12-08,1042.050049
GOOG_High,2017-12-11,1043.800049
GOOG_High,2017-12-12,1050.310059
GOOG_High,2017-12-13,1046.665039
GOOG_High,2017-12-14,1058.5
GOOG_High,2017-12-15,1067.619995
GOOG_High,2017-12-18,1078.48999
GOOG_High,2017-12-19,1076.839966
GOOG_High,2017-12-20,1073.380005
GOOG_High,2017-12-21,1069.329956
GOOG_High,2017-12-22,1064.199951
GOOG_High,2017-12-26,1060.119995
GOOG_High,2017-12-27,1058.369995
GOOG_High,2017-12-28,1054.75
GOOG_High,2017-12-29,1049.699951
GOOG_High,2018-01-02,1066.939941
GOOG_High,2018-01-03,1086.290039
GOOG_High,2018-01-04,1093.569946
GOOG_High,2018-01-05,1104.25
GOOG_High,2018-01-08,1111.27002
GOOG_High,2018-01-09,1110.569946
GOOG_High,2018-01-10,1104.599976
GOOG_High,2018-01-11,1106.525024
GOOG_High,2018-01-12,1124.290039
GOOG_High,2018-01-16,1139.910034
GOOG_High,2018-01-17,1132.599976
GOOG_High,2018-01-18,1132.51001
GOOG_High,2018-01-19,1137.859985
GOOG_High,2018-01-22,1159.880005
GOOG_High,2018-01-23,1171.626953
GOOG_High,2018-01-24,1179.859985
GOOG_High,2018-01-25,1175.939941
GOOG_High,2018-01-26,1175.839966
GOOG_High,2018-01-29,1186.890015
GOOG_High,2018-01-30,1176.52002
GOOG_High,2018-01-31,1173
GOOG_High,2018-02-01,1174
GOOG_High,2018-02-02,1123.069946
GOOG_High,2018-02-05,1110
GOOG_High,2018-02-06,1081.709961
GOOG_High,2018-02-07,1081.780029
GOOG_High,2018-02-08,1058.619995
GOOG_High,2018-02-09,1043.969971
GOOG_High,2018-02-12,1061.5
GOOG_High,2018-02-13,1058.369995
GOOG_High,2018-02-14,1071.719971
GOOG_High,2018-02-15,1091.479004
GOOG_High,2018-02-16,1104.670044
GOOG_High,2018-02-20,1113.949951
GOOG_High,2018-02-21,1133.969971
GOOG_High,2018-02-22,1122.819946
GOOG_High,2018-02-23,1127.280029
GOOG_High,2018-02-26,1143.959961
GOOG_High,2018-02-27,1144.040039
GOOG_High,2018-02-28,1127.530029
GOOG_High,2018-03-01,1110.119995
GOOG_High,2018-03-02,1081.999023
GOOG_High,2018-03-05,1097.099976
GOOG_High,2018-03-06,1101.849976
GOOG_High,2018-03-07,1112.219971
GOOG_High,2018-03-08,1127.599976
GOOG_High,2018-03-09,1160.800049
GOOG_High,2018-03-12,1177.050049
GOOG_High,2018-03-13,1176.76001
GOOG_High,2018-03-14,1158.589966
GOOG_High,2018-03-15,1161.079956
GOOG_High,2018-03-16,1155.880005
GOOG_High,2018-03-19,1121.98999
GOOG_High,2018-03-20,1105.199951
GOOG_High,2018-03-21,1106.300049
GOOG_High,2018-03-22,1082.900024
GOOG_High,2018-03-23,1063.359985
GOOG_High,2018-03-26,1055.630005
GOOG_High,2018-03-27,1064.838989
GOOG_High,2018-03-28,1024.22998
GOOG_High,2018-03-29,1043
GOOG_High,2018-04-02,1034.800049
GOOG_High,2018-04-03,1020.98999
GOOG_High,2018-04-04,1028.718018
GOOG_High,2018-04-05,1042.790039
GOOG_High,2018-04-06,1031.420044
GOOG_High,2018-04-09,1039.599976
GOOG_High,2018-04-10,1036.280029
GOOG_High,2018-04-11,1031.364014
GOOG_High,2018-04-12,1040.689941
GOOG_High,2018-04-13,1046.420044
GOOG_High,2018-04-16,1043.23999
GOOG_High,2018-04-17,1077.880005
GOOG_High,2018-04-18,1077.430054
GOOG_High,2018-04-19,1094.165039
GOOG_High,2018-04-20,1092.349976
GOOG_High,2018-04-23,1082.719971
GOOG_High,2018-04-24,1057
GOOG_High,2018-04-25,1032.48999
GOOG_High,2018-04-26,1047.97998
GOOG_High,2018-04-27,1049.5
GOOG_High,2018-04-30,1037
GOOG_High,2018-05-01,1038.469971
GOOG_High,2018-05-02,1040.389038
GOOG_High,2018-05-03,1029.675049
GOOG_High,2018-05-04,1048.51001
GOOG_High,2018-05-07,1061.680054
GOOG_High,2018-05-08,1060.550049
GOOG_High,2018-05-09,1085.439941
GOOG_High,2018-05-10,1100.439941
GOOG_High,2018-05-11,1101.329956
GOOG_High,2018-05-14,1110.75
GOOG_High,2018-05-15,1090.050049
GOOG_High,2018-05-16,1089.27002
GOOG_High,2018-05-17,1086.869995
GOOG_High,2018-05-18,1069.939941
GOOG_High,2018-05-21,1088
GOOG_High,2018-05-22,1086.589966
GOOG_High,2018-05-23,1080.780029
GOOG_High,2018-05-24,1080.469971
GOOG_High,2018-05-25,1082.560059
GOOG_High,2018-05-29,1073.369995
GOOG_High,2018-05-30,1069.209961
GOOG_High,2018-05-31,1097.189941
GOOG_High,2018-06-01,1120
GOOG_High,2018-06-04,1141.890015
GOOG_High,2018-06-05,1145.738037
GOOG_High,2018-06-06,1143
GOOG_High,2018-06-07,1135.819946
GOOG_High,2018-06-08,1126.670044
GOOG_High,2018-06-11,1137.26001
GOOG_High,2018-06-12,1139.790039
GOOG_High,2018-06-13,1146.5
GOOG_High,2018-06-14,1155.469971
GOOG_High,2018-06-15,1153.420044
GOOG_High,2018-06-18,1174.310059
GOOG_High,2018-06-19,1171.27002
GOOG_High,2018-06-20,1186.286011
GOOG_High,2018-06-21,1177.295044
GOOG_High,2018-06-22,1162.496948
GOOG_High,2018-06-25,1143.910034
GOOG_High,2018-06-26,1133.209961
GOOG_High,2018-06-27,1131.83606
GOOG_High,2018-06-28,1122.310059
GOOG_High,2018-06-29,1128.227051
GOOG_High,2018-07-02,1128
GOOG_High,2018-07-03,1135.819946
GOOG_High,2018-07-05,1127.5
GOOG_High,2018-07-06,1140.930054
GOOG_High,2018-07-09,1154.670044
GOOG_High,2018-07-10,1159.589966
GOOG_High,2018-07-11,1164.290039
GOOG_High,2018-07-12,1184.410034
GOOG_High,2018-07-13,1195.416992
GOOG_High,2018-07-16,1191
GOOG_High,2018-07-17,1203.040039
GOOG_High,2018-07-18,1204.5
GOOG_High,2018-07-19,1200
GOOG_High,2018-07-20,1196.859985
GOOG_High,2018-07-23,1206.48999
GOOG_High,2018-07-24,1266
GOOG_High,2018-07-25,1265.859985
GOOG_High,2018-07-26,1269.770996
GOOG_High,2018-07-27,1273.890015
GOOG_High,2018-07-30,1234.916016
GOOG_High,2018-07-31,1227.588013
GOOG_High,2018-08-01,1233.469971
GOOG_High,2018-08-02,1229.880005
GOOG_High,2018-08-03,1230
GOOG_High,2018-08-06,1226.088013
GOOG_High,2018-08-07,1251.170044
GOOG_High,2018-08-08,1256.5
GOOG_High,2018-08-09,1255.541992
GOOG_High,2018-08-10,1245.694946
GOOG_High,2018-08-13,1249.272949
GOOG_High,2018-08-14,1245.869995
GOOG_High,2018-08-15,1235.23999
GOOG_High,2018-08-16,1226
GOOG_High,2018-08-17,1209.02002
GOOG_High,2018-08-20,1211
GOOG_High,2018-08-21,1217.26001
GOOG_High,2018-08-22,1211.839966
GOOG_High,2018-08-23,1221.280029
GOOG_High,2018-08-24,1221.650024
GOOG_High,2018-08-27,1243.089966
GOOG_High,2018-08-28,1242.545044
GOOG_High,2018-08-29,1250.660034
GOOG_High,2018-08-30,1253.63501
GOOG_High,2018-08-31,1238.660034
GOOG_High,2018-09-04,1212.98999
GOOG_High,2018-09-05,1199.01001
GOOG_High,2018-09-06,1186.300049
GOOG_High,2018-09-07,1175.26001
GOOG_High,2018-09-10,1174.540039
GOOG_High,2018-09-11,1178.680054
GOOG_High,2018-09-12,1178.609985
GOOG_High,2018-09-13,1178.609985
GOOG_High,2018-09-14,1180.425049
GOOG_High,2018-09-17,1177.23999
GOOG_High,2018-09-18,1176.079956
GOOG_High,2018-09-19,1173.209961
GOOG_High,2018-09-20,1189.890015
GOOG_High,2018-09-21,1192.209961
GOOG_High,2018-09-24,1178
GOOG_High,2018-09-25,1186.880005
GOOG_High,2018-09-26,1194.22998
GOOG_High,2018-09-27,1202.099976
GOOG_High,2018-09-28,1195.410034
GOOG_High,2018-10-01,1209.900024
GOOG_High,2018-10-02,1209.959961
GOOG_High,2018-10-03,1206.410034
GOOG_High,2018-10-04,1197.51001
GOOG_High,2018-10-05,1173.5
GOOG_High,2018-10-08,1168
GOOG_High,2018-10-09,1154.349976
GOOG_High,2018-10-10,1132.170044
GOOG_High,2018-10-11,1106.400024
GOOG_High,2018-10-12,1115
GOOG_High,2018-10-15,1113.446045
GOOG_High,2018-10-16,1124.219971
GOOG_High,2018-10-17,1128.98999
GOOG_High,2018-10-18,1121.839966
GOOG_High,2018-10-19,1110.359985
GOOG_High,2018-10-22,1112.22998
GOOG_High,2018-10-23,1107.890015
GOOG_High,2018-10-24,1106.119995
GOOG_High,2018-10-25,1110.97998
GOOG_High,2018-10-26,1106.530029
GOOG_High,2018-10-29,1097.040039
GOOG_High,2018-10-30,1037.48999
GOOG_High,2018-10-31,1091.939941
GOOG_High,2018-11-01,1083.974976
GOOG_High,2018-11-02,1082.974976
GOOG_High,2018-11-05,1058.469971
GOOG_High,2018-11-06,1064.344971
GOOG_High,2018-11-07,1095.459961
GOOG_High,2018-11-08,1093.27002
GOOG_High,2018-11-09,1075.560059
GOOG_High,2018-11-12,1062.119995
GOOG_High,2018-11-13,1056.60498
GOOG_High,2018-11-14,1054.563965
GOOG_High,2018-11-15,1071.849976
GOOG_High,2018-11-16,1067
GOOG_High,2018-11-19,1060.790039
GOOG_High,2018-11-20,1031.73999
GOOG_High,2018-11-21,1048.560059
GOOG_High,2018-11-23,1037.589966
GOOG_High,2018-11-26,1049.310059
GOOG_High,2018-11-27,1057.579956
GOOG_High,2018-11-28,1086.839966
GOOG_High,2018-11-29,1094.244995
GOOG_High,2018-11-30,1095.569946
GOOG_High,2018-12-03,1124.650024
GOOG_High,2018-12-04,1104.420044
GOOG_High,2018-12-06,1071.199951
GOOG_High,2018-12-07,1075.26001
GOOG_High,2018-12-10,1048.449951
GOOG_High,2018-12-11,1060.599976
GOOG_High,2018-12-12,1081.650024
GOOG_High,2018-12-13,1079.76001
GOOG_High,2018-12-14,1062.599976
GOOG_High,2018-12-17,1053.150024
GOOG_High,2018-12-18,1049.47998
GOOG_High,2018-12-19,1062
GOOG_High,2018-12-20,1034.219971
GOOG_High,2018-12-21,1024.02002
GOOG_High,2018-12-24,1003.539978
GOOG_High,2018-12-26,1040
GOOG_High,2018-12-27,1043.890015
GOOG_High,2018-12-28,1055.560059
GOOG_High,2018-12-31,1052.699951
AAPL_Low,2014-01-02,78.860001
AAPL_Low,2014-01-03,77.204285
AAPL_Low,2014-01-06,76.228569
AAPL_Low,2014-01-07,76.845711
AAPL_Low,2014-01-08,76.955711
AAPL_Low,2014-01-09,76.478569
AAPL_Low,2014-01-10,75.872856
AAPL_Low,2014-01-13,75.697144
AAPL_Low,2014-01-14,76.808571
AAPL_Low,2014-01-15,78.808571
AAPL_Low,2014-01-16,78.811432
AAPL_Low,2014-01-17,77.128571
AAPL_Low,2014-01-21,77.202858
AAPL_Low,2014-01-22,78.258568
AAPL_Low,2014-01-23,77.830002
AAPL_Low,2014-01-24,77.821426
AAPL_Low,2014-01-27,77.964287
AAPL_Low,2014-01-28,71.724289
AAPL_Low,2014-01-29,71.23143
AAPL_Low,2014-01-30,70.957146
AAPL_Low,2014-01-31,70.507141
AAPL_Low,2014-02-03,71.328575
AAPL_Low,2014-02-04,71.822861
AAPL_Low,2014-02-05,72.321426
AAPL_Low,2014-02-06,72.544289
AAPL_Low,2014-02-07,73.91143
AAPL_Low,2014-02-10,74
AAPL_Low,2014-02-11,75.64286
AAPL_Low,2014-02-12,76.177139
AAPL_Low,2014-02-13,76.314285
AAPL_Low,2014-02-14,77.315712
AAPL_Low,2014-02-18,77.944283
AAPL_Low,2014-02-19,76.335716
AAPL_Low,2014-02-20,75.571426
AAPL_Low,2014-02-21,74.942856
AAPL_Low,2014-02-24,74.631432
AAPL_Low,2014-02-25,74.428574
AAPL_Low,2014-02-26,73.657143
AAPL_Low,2014-02-27,73.721428
AAPL_Low,2014-02-28,74.58857
AAPL_Low,2014-03-03,74.687141
AAPL_Low,2014-03-04,75.395714
AAPL_Low,2014-03-05,75.589996
AAPL_Low,2014-03-06,75.442856
AAPL_Low,2014-03-07,75.150002
AAPL_Low,2014-03-10,75.477142
AAPL_Low,2014-03-11,76.084282
AAPL_Low,2014-03-12,76
AAPL_Low,2014-03-13,75.594284
AAPL_Low,2014-03-14,74.714287
AAPL_Low,2014-03-17,75.121429
AAPL_Low,2014-03-18,75.028572
AAPL_Low,2014-03-19,75.571426
AAPL_Low,2014-03-20,75.335716
AAPL_Low,2014-03-21,75.190002
AAPL_Low,2014-03-24,76.437141
AAPL_Low,2014-03-25,77.084282
AAPL_Low,2014-03-26,76.980003
AAPL_Low,2014-03-27,76.445717
AAPL_Low,2014-03-28,76.321426
AAPL_Low,2014-03-31,76.561432
AAPL_Low,2014-04-01,76.681427
AAPL_Low,2014-04-02,77.18
AAPL_Low,2014-04-03,76.805717
AAPL_Low,2014-04-04,75.797142
AAPL_Low,2014-04-07,74.555717
AAPL_Low,2014-04-08,74.099998
AAPL_Low,2014-04-09,74.574287
AAPL_Low,2014-04-10,74.738571
AAPL_Low,2014-04-11,73.877144
AAPL_Low,2014-04-14,73.887146
AAPL_Low,2014-04-15,73.047142
AAPL_Low,2014-04-16,73.44857
AAPL_Low,2014-04-17,74.171425
AAPL_Low,2014-04-21,74.851425
AAPL_Low,2014-04-22,75.214287
AAPL_Low,2014-04-23,74.921425
AAPL_Low,2014-04-24,80.104286
AAPL_Low,2014-04-25,80.565712
AAPL_Low,2014-04-28,81.792854
AAPL_Low,2014-04-29,84.215714
AAPL_Low,2014-04-30,84.257141
AAPL_Low,2014-05-01,83.765717
AAPL_Low,2014-05-02,84.244286
AAPL_Low,2014-05-05,84.285713
AAPL_Low,2014-05-06,84.915718
AAPL_Low,2014-05-07,83.961426
AAPL_Low,2014-05-08,83.771431
AAPL_Low,2014-05-09,82.904289
AAPL_Low,2014-05-12,83.914284
AAPL_Low,2014-05-13,84.385712
AAPL_Low,2014-05-14,84.534286
AAPL_Low,2014-05-15,84.005714
AAPL_Low,2014-05-16,83.628571
AAPL_Low,2014-05-19,85.332855
AAPL_Low,2014-05-20,85.818573
AAPL_Low,2014-05-21,86.008568
AAPL_Low,2014-05-22,86.300003
AAPL_Low,2014-05-23,86.638573
AAPL_Low,2014-05-27,87.947144
AAPL_Low,2014-05-28,89.111427
AAPL_Low,2014-05-29,89.681427
AAPL_Low,2014-05-30,89.842857
AAPL_Low,2014-06-02,88.928574
AAPL_Low,2014-06-03,89.75
AAPL_Low,2014-06-04,90.872856
AAPL_Low,2014-06-05,91.80143
AAPL_Low,2014-06-06,92.067146
AAPL_Low,2014-06-09,91.75
AAPL_Low,2014-06-10,93.57
AAPL_Low,2014-06-11,93.470001
AAPL_Low,2014-06-12,91.900002
AAPL_Low,2014-06-13,90.879997
AAPL_Low,2014-06-16,91.449997
AAPL_Low,2014-06-17,91.800003
AAPL_Low,2014-06-18,91.349998
AAPL_Low,2014-06-19,91.339996
AAPL_Low,2014-06-20,90.900002
AAPL_Low,2014-06-23,90.599998
AAPL_Low,2014-06-24,90.190002
AAPL_Low,2014-06-25,89.650002
AAPL_Low,2014-06-26,89.800003
AAPL_Low,2014-06-27,90.769997
AAPL_Low,2014-06-30,92.089996
AAPL_Low,2014-07-01,93.129997
AAPL_Low,2014-07-02,93.089996
AAPL_Low,2014-07-03,93.199997
AAPL_Low,2014-07-07,94.099998
AAPL_Low,2014-07-08,93.919998
AAPL_Low,2014-07-09,94.760002
AAPL_Low,2014-07-10,93.519997
AAPL_Low,2014-07-11,94.860001
AAPL_Low,2014-07-14,95.650002
AAPL_Low,2014-07-15,95.029999
AAPL_Low,2014-07-16,94.739998
AAPL_Low,2014-07-17,92.57
AAPL_Low,2014-07-18,93.019997
AAPL_Low,2014-07-21,93.720001
AAPL_Low,2014-07-22,94.120003
AAPL_Low,2014-07-23,95.169998
AAPL_Low,2014-07-24,96.419998
AAPL_Low,2014-07-25,96.639999
AAPL_Low,2014-07-28,97.550003
AAPL_Low,2014-07-29,98.25
AAPL_Low,2014-07-30,97.669998
AAPL_Low,2014-07-31,95.330002
AAPL_Low,2014-08-01,94.809998
AAPL_Low,2014-08-04,95.169998
AAPL_Low,2014-08-05,94.360001
AAPL_Low,2014-08-06,94.709999
AAPL_Low,2014-08-07,94.099998
AAPL_Low,2014-08-08,93.279999
AAPL_Low,2014-08-11,94.839996
AAPL_Low,2014-08-12,95.610001
AAPL_Low,2014-08-13,96.040001
AAPL_Low,2014-08-14,96.800003
AAPL_Low,2014-08-15,96.860001
AAPL_Low,2014-08-18,97.980003
AAPL_Low,2014-08-19,99.32
AAPL_Low,2014-08-20,99.949997
AAPL_Low,2014-08-21,100.110001
AAPL_Low,2014-08-22,100.190002
AAPL_Low,2014-08-25,101.279999
AAPL_Low,2014-08-26,100.860001
AAPL_Low,2014-08-27,100.699997
AAPL_Low,2014-08-28,101.559998
AAPL_Low,2014-08-29,102.199997
AAPL_Low,2014-09-02,102.720001
AAPL_Low,2014-09-03,98.580002
AAPL_Low,2014-09-04,97.790001
AAPL_Low,2014-09-05,98.309998
AAPL_Low,2014-09-08,98.050003
AAPL_Low,2014-09-09,96.139999
AAPL_Low,2014-09-10,97.760002
AAPL_Low,2014-09-11,99.620003
AAPL_Low,2014-09-12,101.080002
AAPL_Low,2014-09-15,101.440002
AAPL_Low,2014-09-16,98.889999
AAPL_Low,2014-09-17,100.589996
AAPL_Low,2014-09-18,101.559998
AAPL_Low,2014-09-19,100.5
AAPL_Low,2014-09-22,100.580002
AAPL_Low,2014-09-23,100.540001
AAPL_Low,2014-09-24,101.199997
AAPL_Low,2014-09-25,97.720001
AAPL_Low,2014-09-26,98.400002
AAPL_Low,2014-09-29,98.629997
AAPL_Low,2014-09-30,100.529999
AAPL_Low,2014-10-01,98.699997
AAPL_Low,2014-10-02,98.040001
AAPL_Low,2014-10-03,99.040001
AAPL_Low,2014-10-06,99.419998
AAPL_Low,2014-10-07,98.730003
AAPL_Low,2014-10-08,98.309998
AAPL_Low,2014-10-09,100.610001
AAPL_Low,2014-10-10,100.300003
AAPL_Low,2014-10-13,99.809998
AAPL_Low,2014-10-14,98.57
AAPL_Low,2014-10-15,95.18
AAPL_Low,2014-10-16,95.410004
AAPL_Low,2014-10-17,96.809998
AAPL_Low,2014-10-20,98.220001
AAPL_Low,2014-10-21,101.269997
AAPL_Low,2014-10-22,102.599998
AAPL_Low,2014-10-23,103.629997
AAPL_Low,2014-10-24,104.529999
AAPL_Low,2014-10-27,104.699997
AAPL_Low,2014-10-28,105.349998
AAPL_Low,2014-10-29,106.360001
AAPL_Low,2014-10-30,105.900002
AAPL_Low,2014-10-31,107.209999
AAPL_Low,2014-11-03,108.010002
AAPL_Low,2014-11-04,107.720001
AAPL_Low,2014-11-05,108.129997
AAPL_Low,2014-11-06,107.800003
AAPL_Low,2014-11-07,108.550003
AAPL_Low,2014-11-10,108.669998
AAPL_Low,2014-11-11,108.400002
AAPL_Low,2014-11-12,109.370003
AAPL_Low,2014-11-13,111.599998
AAPL_Low,2014-11-14,111.209999
AAPL_Low,2014-11-17,113.300003
AAPL_Low,2014-11-18,113.889999
AAPL_Low,2014-11-19,113.800003
AAPL_Low,2014-11-20,114.849998
AAPL_Low,2014-11-21,116.029999
AAPL_Low,2014-11-24,116.620003
AAPL_Low,2014-11-25,117.449997
AAPL_Low,2014-11-26,117.830002
AAPL_Low,2014-11-28,118.050003
AAPL_Low,2014-12-01,111.269997
AAPL_Low,2014-12-02,112.75
AAPL_Low,2014-12-03,115.110001
AAPL_Low,2014-12-04,115.290001
AAPL_Low,2014-12-05,114.639999
AAPL_Low,2014-12-08,111.620003
AAPL_Low,2014-12-09,109.349998
AAPL_Low,2014-12-10,111.540001
AAPL_Low,2014-12-11,111.339996
AAPL_Low,2014-12-12,109.580002
AAPL_Low,2014-12-15,106.349998
AAPL_Low,2014-12-16,106.260002
AAPL_Low,2014-12-17,106.82
AAPL_Low,2014-12-18,110.660004
AAPL_Low,2014-12-19,111.660004
AAPL_Low,2014-12-22,111.970001
AAPL_Low,2014-12-23,112.459999
AAPL_Low,2014-12-24,112.010002
AAPL_Low,2014-12-26,112.010002
AAPL_Low,2014-12-29,113.699997
AAPL_Low,2014-12-30,112.110001
AAPL_Low,2014-12-31,110.209999
AAPL_Low,2015-01-02,107.349998
AAPL_Low,2015-01-05,105.410004
AAPL_Low,2015-01-06,104.629997
AAPL_Low,2015-01-07,106.699997
AAPL_Low,2015-01-08,108.699997
AAPL_Low,2015-01-09,110.209999
AAPL_Low,2015-01-12,108.800003
AAPL_Low,2015-01-13,108.910004
AAPL_Low,2015-01-14,108.5
AAPL_Low,2015-01-15,106.660004
AAPL_Low,2015-01-16,105.199997
AAPL_Low,2015-01-20,106.5
AAPL_Low,2015-01-21,108.269997
AAPL_Low,2015-01-22,109.720001
AAPL_Low,2015-01-23,111.529999
AAPL_Low,2015-01-26,112.800003
AAPL_Low,2015-01-27,109.029999
AAPL_Low,2015-01-28,115.309998
AAPL_Low,2015-01-29,115.559998
AAPL_Low,2015-01-30,116.849998
AAPL_Low,2015-02-02,116.080002
AAPL_Low,2015-02-03,117.610001
AAPL_Low,2015-02-04,118.309998
AAPL_Low,2015-02-05,119.25
AAPL_Low,2015-02-06,118.449997
AAPL_Low,2015-02-09,118.43
AAPL_Low,2015-02-10,120.160004
AAPL_Low,2015-02-11,122.5
AAPL_Low,2015-02-12,125.57
AAPL_Low,2015-02-13,125.650002
AAPL_Low,2015-02-17,126.919998
AAPL_Low,2015-02-18,127.449997
AAPL_Low,2015-02-19,128.330002
AAPL_Low,2015-02-20,128.050003
AAPL_Low,2015-02-23,129.660004
AAPL_Low,2015-02-24,131.169998
AAPL_Low,2015-02-25,128.149994
AAPL_Low,2015-02-26,126.610001
AAPL_Low,2015-02-27,128.240005
AAPL_Low,2015-03-02,128.300003
AAPL_Low,2015-03-03,128.089996
AAPL_Low,2015-03-04,128.320007
AAPL_Low,2015-03-05,125.760002
AAPL_Low,2015-03-06,126.260002
AAPL_Low,2015-03-09,125.059998
AAPL_Low,2015-03-10,123.800003
AAPL_Low,2015-03-11,122.110001
AAPL_Low,2015-03-12,121.629997
AAPL_Low,2015-03-13,122.580002
AAPL_Low,2015-03-16,122.870003
AAPL_Low,2015-03-17,125.650002
AAPL_Low,2015-03-18,126.370003
AAPL_Low,2015-03-19,127.400002
AAPL_Low,2015-03-20,125.160004
AAPL_Low,2015-03-23,126.519997
AAPL_Low,2015-03-24,126.559998
AAPL_Low,2015-03-25,123.379997
AAPL_Low,2015-03-26,122.599998
AAPL_Low,2015-03-27,122.910004
AAPL_Low,2015-03-30,124
AAPL_Low,2015-03-31,124.360001
AAPL_Low,2015-04-01,123.099998
AAPL_Low,2015-04-02,124.190002
AAPL_Low,2015-04-06,124.330002
AAPL_Low,2015-04-07,125.980003
AAPL_Low,2015-04-08,124.970001
AAPL_Low,2015-04-09,124.660004
AAPL_Low,2015-04-10,125.260002
AAPL_Low,2015-04-13,126.610001
AAPL_Low,2015-04-14,125.910004
AAPL_Low,2015-04-15,126.010002
AAPL_Low,2015-04-16,126.110001
AAPL_Low,2015-04-17,124.459999
AAPL_Low,2015-04-20,125.169998
AAPL_Low,2015-04-21,126.669998
AAPL_Low,2015-04-22,126.32
AAPL_Low,2015-04-23,128.139999
AAPL_Low,2015-04-24,129.229996
AAPL_Low,2015-04-27,131.149994
AAPL_Low,2015-04-28,129.570007
AAPL_Low,2015-04-29,128.300003
AAPL_Low,2015-04-30,124.580002
AAPL_Low,2015-05-01,125.300003
AAPL_Low,2015-05-04,128.259995
AAPL_Low,2015-05-05,125.779999
AAPL_Low,2015-05-06,123.360001
AAPL_Low,2015-05-07,124.019997
AAPL_Low,2015-05-08,126.110001
AAPL_Low,2015-05-11,125.629997
AAPL_Low,2015-05-12,124.82
AAPL_Low,2015-05-13,125.870003
AAPL_Low,2015-05-14,127.160004
AAPL_Low,2015-05-15,128.210007
AAPL_Low,2015-05-18,128.360001
AAPL_Low,2015-05-19,129.639999
AAPL_Low,2015-05-20,129.339996
AAPL_Low,2015-05-21,129.830002
AAPL_Low,2015-05-22,131.399994
AAPL_Low,2015-05-26,129.119995
AAPL_Low,2015-05-27,130.050003
AAPL_Low,2015-05-28,131.100006
AAPL_Low,2015-05-29,129.899994
AAPL_Low,2015-06-01,130.050003
AAPL_Low,2015-06-02,129.320007
AAPL_Low,2015-06-03,129.899994
AAPL_Low,2015-06-04,128.910004
AAPL_Low,2015-06-05,128.360001
AAPL_Low,2015-06-08,126.830002
AAPL_Low,2015-06-09,125.620003
AAPL_Low,2015-06-10,127.849998
AAPL_Low,2015-06-11,128.479996
AAPL_Low,2015-06-12,127.110001
AAPL_Low,2015-06-15,125.709999
AAPL_Low,2015-06-16,126.370003
AAPL_Low,2015-06-17,126.739998
AAPL_Low,2015-06-18,127.220001
AAPL_Low,2015-06-19,126.400002
AAPL_Low,2015-06-22,127.080002
AAPL_Low,2015-06-23,126.879997
AAPL_Low,2015-06-24,127.120003
AAPL_Low,2015-06-25,127.5
AAPL_Low,2015-06-26,126.510002
AAPL_Low,2015-06-29,124.480003
AAPL_Low,2015-06-30,124.860001
AAPL_Low,2015-07-01,125.989998
AAPL_Low,2015-07-02,125.769997
AAPL_Low,2015-07-06,124.849998
AAPL_Low,2015-07-07,123.769997
AAPL_Low,2015-07-08,122.540001
AAPL_Low,2015-07-09,119.220001
AAPL_Low,2015-07-10,121.209999
AAPL_Low,2015-07-13,124.32
AAPL_Low,2015-07-14,125.040001
AAPL_Low,2015-07-15,125.580002
AAPL_Low,2015-07-16,127.349998
AAPL_Low,2015-07-17,128.309998
AAPL_Low,2015-07-20,130.699997
AAPL_Low,2015-07-21,130.320007
AAPL_Low,2015-07-22,121.989998
AAPL_Low,2015-07-23,125.059998
AAPL_Low,2015-07-24,123.900002
AAPL_Low,2015-07-27,122.120003
AAPL_Low,2015-07-28,122.550003
AAPL_Low,2015-07-29,122.269997
AAPL_Low,2015-07-30,121.709999
AAPL_Low,2015-07-31,120.910004
AAPL_Low,2015-08-03,117.519997
AAPL_Low,2015-08-04,113.25
AAPL_Low,2015-08-05,112.099998
AAPL_Low,2015-08-06,114.120003
AAPL_Low,2015-08-07,114.5
AAPL_Low,2015-08-10,116.529999
AAPL_Low,2015-08-11,113.330002
AAPL_Low,2015-08-12,109.629997
AAPL_Low,2015-08-13,114.540001
AAPL_Low,2015-08-14,114.010002
AAPL_Low,2015-08-17,115.5
AAPL_Low,2015-08-18,116.010002
AAPL_Low,2015-08-19,114.68
AAPL_Low,2015-08-20,111.629997
AAPL_Low,2015-08-21,105.650002
AAPL_Low,2015-08-24,92
AAPL_Low,2015-08-25,103.5
AAPL_Low,2015-08-26,105.050003
AAPL_Low,2015-08-27,110.019997
AAPL_Low,2015-08-28,111.540001
AAPL_Low,2015-08-31,112
AAPL_Low,2015-09-01,107.360001
AAPL_Low,2015-09-02,109.129997
AAPL_Low,2015-09-03,110.040001
AAPL_Low,2015-09-04,108.510002
AAPL_Low,2015-09-08,110.32
AAPL_Low,2015-09-09,109.769997
AAPL_Low,2015-09-10,109.900002
AAPL_Low,2015-09-11,111.760002
AAPL_Low,2015-09-14,114.860001
AAPL_Low,2015-09-15,114.419998
AAPL_Low,2015-09-16,115.440002
AAPL_Low,2015-09-17,113.720001
AAPL_Low,2015-09-18,111.870003
AAPL_Low,2015-09-21,113.660004
AAPL_Low,2015-09-22,112.519997
AAPL_Low,2015-09-23,113.300003
AAPL_Low,2015-09-24,112.370003
AAPL_Low,2015-09-25,114.019997
AAPL_Low,2015-09-28,112.440002
AAPL_Low,2015-09-29,107.860001
AAPL_Low,2015-09-30,108.730003
AAPL_Low,2015-10-01,107.309998
AAPL_Low,2015-10-02,107.550003
AAPL_Low,2015-10-05,109.07
AAPL_Low,2015-10-06,109.769997
AAPL_Low,2015-10-07,109.410004
AAPL_Low,2015-10-08,108.209999
AAPL_Low,2015-10-09,109.489998
AAPL_Low,2015-10-12,111.440002
AAPL_Low,2015-10-13,110.68
AAPL_Low,2015-10-14,109.559998
AAPL_Low,2015-10-15,110.489998
AAPL_Low,2015-10-16,110.529999
AAPL_Low,2015-10-19,110.110001
AAPL_Low,2015-10-20,110.82
AAPL_Low,2015-10-21,113.699997
AAPL_Low,2015-10-22,114.099998
AAPL_Low,2015-10-23,116.330002
AAPL_Low,2015-10-26,114.919998
AAPL_Low,2015-10-27,113.989998
AAPL_Low,2015-10-28,116.059998
AAPL_Low,2015-10-29,118.269997
AAPL_Low,2015-10-30,119.449997
AAPL_Low,2015-11-02,119.610001
AAPL_Low,2015-11-03,120.699997
AAPL_Low,2015-11-04,121.620003
AAPL_Low,2015-11-05,120.18
AAPL_Low,2015-11-06,120.620003
AAPL_Low,2015-11-09,120.050003
AAPL_Low,2015-11-10,116.059998
AAPL_Low,2015-11-11,115.209999
AAPL_Low,2015-11-12,115.650002
AAPL_Low,2015-11-13,112.269997
AAPL_Low,2015-11-16,111
AAPL_Low,2015-11-17,113.32
AAPL_Low,2015-11-18,115.5
AAPL_Low,2015-11-19,116.760002
AAPL_Low,2015-11-20,118.849998
AAPL_Low,2015-11-23,117.339996
AAPL_Low,2015-11-24,117.120003
AAPL_Low,2015-11-25,117.919998
AAPL_Low,2015-11-27,117.599998
AAPL_Low,2015-11-30,117.75
AAPL_Low,2015-12-01,116.860001
AAPL_Low,2015-12-02,116.080002
AAPL_Low,2015-12-03,114.220001
AAPL_Low,2015-12-04,115.110001
AAPL_Low,2015-12-07,117.809998
AAPL_Low,2015-12-08,116.860001
AAPL_Low,2015-12-09,115.080002
AAPL_Low,2015-12-10,115.510002
AAPL_Low,2015-12-11,112.849998
AAPL_Low,2015-12-14,109.790001
AAPL_Low,2015-12-15,110.349998
AAPL_Low,2015-12-16,108.800003
AAPL_Low,2015-12-17,108.980003
AAPL_Low,2015-12-18,105.809998
AAPL_Low,2015-12-21,105.57
AAPL_Low,2015-12-22,106.449997
AAPL_Low,2015-12-23,107.199997
AAPL_Low,2015-12-24,107.949997
AAPL_Low,2015-12-28,106.18
AAPL_Low,2015-12-29,106.860001
AAPL_Low,2015-12-30,107.18
AAPL_Low,2015-12-31,104.82
AAPL_Low,2016-01-04,102
AAPL_Low,2016-01-05,102.410004
AAPL_Low,2016-01-06,99.870003
AAPL_Low,2016-01-07,96.43
AAPL_Low,2016-01-08,96.760002
AAPL_Low,2016-01-11,97.339996
AAPL_Low,2016-01-12,98.839996
AAPL_Low,2016-01-13,97.300003
AAPL_Low,2016-01-14,95.739998
AAPL_Low,2016-01-15,95.360001
AAPL_Low,2016-01-19,95.5
AAPL_Low,2016-01-20,93.419998
AAPL_Low,2016-01-21,94.940002
AAPL_Low,2016-01-22,98.370003
AAPL_Low,2016-01-25,99.209999
AAPL_Low,2016-01-26,98.07
AAPL_Low,2016-01-27,93.339996
AAPL_Low,2016-01-28,92.389999
AAPL_Low,2016-01-29,94.349998
AAPL_Low,2016-02-01,95.400002
AAPL_Low,2016-02-02,94.279999
AAPL_Low,2016-02-03,94.080002
AAPL_Low,2016-02-04,95.190002
AAPL_Low,2016-02-05,93.690002
AAPL_Low,2016-02-08,93.040001
AAPL_Low,2016-02-09,93.93
AAPL_Low,2016-02-10,94.099998
AAPL_Low,2016-02-11,92.589996
AAPL_Low,2016-02-12,93.010002
AAPL_Low,2016-02-16,94.610001
AAPL_Low,2016-02-17,96.150002
AAPL_Low,2016-02-18,96.089996
AAPL_Low,2016-02-19,95.800003
AAPL_Low,2016-02-22,95.919998
AAPL_Low,2016-02-23,94.550003
AAPL_Low,2016-02-24,93.32
AAPL_Low,2016-02-25,95.25
AAPL_Low,2016-02-26,96.580002
AAPL_Low,2016-02-29,96.650002
AAPL_Low,2016-03-01,97.419998
AAPL_Low,2016-03-02,99.639999
AAPL_Low,2016-03-03,100.449997
AAPL_Low,2016-03-04,101.370003
AAPL_Low,2016-03-07,100.959999
AAPL_Low,2016-03-08,100.400002
AAPL_Low,2016-03-09,100.269997
AAPL_Low,2016-03-10,100.150002
AAPL_Low,2016-03-11,101.5
AAPL_Low,2016-03-14,101.779999
AAPL_Low,2016-03-15,103.849998
AAPL_Low,2016-03-16,104.589996
AAPL_Low,2016-03-17,104.959999
AAPL_Low,2016-03-18,105.190002
AAPL_Low,2016-03-21,105.139999
AAPL_Low,2016-03-22,105.209999
AAPL_Low,2016-03-23,105.900002
AAPL_Low,2016-03-24,104.889999
AAPL_Low,2016-03-28,105.059998
AAPL_Low,2016-03-29,104.879997
AAPL_Low,2016-03-30,108.599998
AAPL_Low,2016-03-31,108.879997
AAPL_Low,2016-04-01,108.199997
AAPL_Low,2016-04-04,110.269997
AAPL_Low,2016-04-05,109.419998
AAPL_Low,2016-04-06,109.199997
AAPL_Low,2016-04-07,108.120003
AAPL_Low,2016-04-08,108.169998
AAPL_Low,2016-04-11,108.830002
AAPL_Low,2016-04-12,108.660004
AAPL_Low,2016-04-13,110.800003
AAPL_Low,2016-04-14,111.330002
AAPL_Low,2016-04-15,109.730003
AAPL_Low,2016-04-18,106.940002
AAPL_Low,2016-04-19,106.230003
AAPL_Low,2016-04-20,106.059998
AAPL_Low,2016-04-21,105.519997
AAPL_Low,2016-04-22,104.620003
AAPL_Low,2016-04-25,104.510002
AAPL_Low,2016-04-26,103.910004
AAPL_Low,2016-04-27,95.68
AAPL_Low,2016-04-28,94.25
AAPL_Low,2016-04-29,92.510002
AAPL_Low,2016-05-02,92.400002
AAPL_Low,2016-05-03,93.68
AAPL_Low,2016-05-04,93.82
AAPL_Low,2016-05-05,92.68
AAPL_Low,2016-05-06,91.849998
AAPL_Low,2016-05-09,92.589996
AAPL_Low,2016-05-10,92.110001
AAPL_Low,2016-05-11,92.459999
AAPL_Low,2016-05-12,89.470001
AAPL_Low,2016-05-13,90
AAPL_Low,2016-05-16,91.650002
AAPL_Low,2016-05-17,93.010002
AAPL_Low,2016-05-18,93.889999
AAPL_Low,2016-05-19,93.57
AAPL_Low,2016-05-20,94.519997
AAPL_Low,2016-05-23,95.669998
AAPL_Low,2016-05-24,96.839996
AAPL_Low,2016-05-25,98.110001
AAPL_Low,2016-05-26,98.639999
AAPL_Low,2016-05-27,99.25
AAPL_Low,2016-05-31,98.82
AAPL_Low,2016-06-01,98.330002
AAPL_Low,2016-06-02,96.629997
AAPL_Low,2016-06-03,97.449997
AAPL_Low,2016-06-06,97.550003
AAPL_Low,2016-06-07,98.959999
AAPL_Low,2016-06-08,98.68
AAPL_Low,2016-06-09,98.459999
AAPL_Low,2016-06-10,98.480003
AAPL_Low,2016-06-13,97.099998
AAPL_Low,2016-06-14,96.75
AAPL_Low,2016-06-15,97.029999
AAPL_Low,2016-06-16,96.07
AAPL_Low,2016-06-17,95.300003
AAPL_Low,2016-06-20,95.029999
AAPL_Low,2016-06-21,94.68
AAPL_Low,2016-06-22,95.349998
AAPL_Low,2016-06-23,95.25
AAPL_Low,2016-06-24,92.650002
AAPL_Low,2016-06-27,91.5
AAPL_Low,2016-06-28,92.139999
AAPL_Low,2016-06-29,93.629997
AAPL_Low,2016-06-30,94.300003
AAPL_Low,2016-07-01,95.330002
AAPL_Low,2016-07-05,94.459999
AAPL_Low,2016-07-06,94.370003
AAPL_Low,2016-07-07,95.620003
AAPL_Low,2016-07-08,96.050003
AAPL_Low,2016-07-11,96.730003
AAPL_Low,2016-07-12,97.120003
AAPL_Low,2016-07-13,96.839996
AAPL_Low,2016-07-14,97.32
AAPL_Low,2016-07-15,98.5
AAPL_Low,2016-07-18,98.599998
AAPL_Low,2016-07-19,99.339996
AAPL_Low,2016-07-20,99.739998
AAPL_Low,2016-07-21,99.129997
AAPL_Low,2016-07-22,98.309998
AAPL_Low,2016-07-25,96.919998
AAPL_Low,2016-07-26,96.419998
AAPL_Low,2016-07-27,102.75
AAPL_Low,2016-07-28,102.82
AAPL_Low,2016-07-29,103.68
AAPL_Low,2016-08-01,104.410004
AAPL_Low,2016-08-02,104
AAPL_Low,2016-08-03,104.769997
AAPL_Low,2016-08-04,105.279999
AAPL_Low,2016-08-05,106.18
AAPL_Low,2016-08-08,107.160004
AAPL_Low,2016-08-09,108.010002
AAPL_Low,2016-08-10,107.760002
AAPL_Low,2016-08-11,107.849998
AAPL_Low,2016-08-12,107.779999
AAPL_Low,2016-08-15,108.080002
AAPL_Low,2016-08-16,109.209999
AAPL_Low,2016-08-17,108.339996
AAPL_Low,2016-08-18,109.019997
AAPL_Low,2016-08-19,108.360001
AAPL_Low,2016-08-22,107.849998
AAPL_Low,2016-08-23,108.529999
AAPL_Low,2016-08-24,107.68
AAPL_Low,2016-08-25,106.68
AAPL_Low,2016-08-26,106.309998
AAPL_Low,2016-08-29,106.290001
AAPL_Low,2016-08-30,105.5
AAPL_Low,2016-08-31,105.639999
AAPL_Low,2016-09-01,105.620003
AAPL_Low,2016-09-02,106.82
AAPL_Low,2016-09-06,107.510002
AAPL_Low,2016-09-07,107.07
AAPL_Low,2016-09-08,105.239998
AAPL_Low,2016-09-09,103.129997
AAPL_Low,2016-09-12,102.529999
AAPL_Low,2016-09-13,107.239998
AAPL_Low,2016-09-14,108.599998
AAPL_Low,2016-09-15,113.489998
AAPL_Low,2016-09-16,114.040001
AAPL_Low,2016-09-19,113.25
AAPL_Low,2016-09-20,112.510002
AAPL_Low,2016-09-21,112.440002
AAPL_Low,2016-09-22,114
AAPL_Low,2016-09-23,111.550003
AAPL_Low,2016-09-26,111.550003
AAPL_Low,2016-09-27,112.339996
AAPL_Low,2016-09-28,113.43
AAPL_Low,2016-09-29,111.800003
AAPL_Low,2016-09-30,111.800003
AAPL_Low,2016-10-03,112.279999
AAPL_Low,2016-10-04,112.629997
AAPL_Low,2016-10-05,112.690002
AAPL_Low,2016-10-06,113.129997
AAPL_Low,2016-10-07,113.510002
AAPL_Low,2016-10-10,114.720001
AAPL_Low,2016-10-11,116.199997
AAPL_Low,2016-10-12,116.75
AAPL_Low,2016-10-13,115.720001
AAPL_Low,2016-10-14,117.129997
AAPL_Low,2016-10-17,116.779999
AAPL_Low,2016-10-18,117.449997
AAPL_Low,2016-10-19,113.800003
AAPL_Low,2016-10-20,116.330002
AAPL_Low,2016-10-21,116.279999
AAPL_Low,2016-10-24,117
AAPL_Low,2016-10-25,117.309998
AAPL_Low,2016-10-26,113.309998
AAPL_Low,2016-10-27,114.099998
AAPL_Low,2016-10-28,113.449997
AAPL_Low,2016-10-31,113.199997
AAPL_Low,2016-11-01,110.529999
AAPL_Low,2016-11-02,111.230003
AAPL_Low,2016-11-03,109.550003
AAPL_Low,2016-11-04,108.110001
AAPL_Low,2016-11-07,109.459999
AAPL_Low,2016-11-08,109.699997
AAPL_Low,2016-11-09,108.050003
AAPL_Low,2016-11-10,105.830002
AAPL_Low,2016-11-11,106.550003
AAPL_Low,2016-11-14,104.080002
AAPL_Low,2016-11-15,106.160004
AAPL_Low,2016-11-16,106.599998
AAPL_Low,2016-11-17,108.830002
AAPL_Low,2016-11-18,109.660004
AAPL_Low,2016-11-21,110.010002
AAPL_Low,2016-11-22,111.400002
AAPL_Low,2016-11-23,110.330002
AAPL_Low,2016-11-25,110.949997
AAPL_Low,2016-11-28,111.389999
AAPL_Low,2016-11-29,110.07
AAPL_Low,2016-11-30,110.269997
AAPL_Low,2016-12-01,109.029999
AAPL_Low,2016-12-02,108.849998
AAPL_Low,2016-12-05,108.25
AAPL_Low,2016-12-06,109.190002
AAPL_Low,2016-12-07,109.160004
AAPL_Low,2016-12-08,110.599998
AAPL_Low,2016-12-09,112.309998
AAPL_Low,2016-12-12,112.489998
AAPL_Low,2016-12-13,113.75
AAPL_Low,2016-12-14,114.980003
AAPL_Low,2016-12-15,115.230003
AAPL_Low,2016-12-16,115.650002
AAPL_Low,2016-12-19,115.75
AAPL_Low,2016-12-20,116.68
AAPL_Low,2016-12-21,116.779999
AAPL_Low,2016-12-22,115.639999
AAPL_Low,2016-12-23,115.589996
AAPL_Low,2016-12-27,116.489998
AAPL_Low,2016-12-28,116.199997
AAPL_Low,2016-12-29,116.400002
AAPL_Low,2016-12-30,115.43
AAPL_Low,2017-01-03,114.760002
AAPL_Low,2017-01-04,115.75
AAPL_Low,2017-01-05,115.809998
AAPL_Low,2017-01-06,116.470001
AAPL_Low,2017-01-09,117.940002
AAPL_Low,2017-01-10,118.300003
AAPL_Low,2017-01-11,118.599998
AAPL_Low,2017-01-12,118.209999
AAPL_Low,2017-01-13,118.809998
AAPL_Low,2017-01-17,118.220001
AAPL_Low,2017-01-18,119.709999
AAPL_Low,2017-01-19,119.370003
AAPL_Low,2017-01-20,119.730003
AAPL_Low,2017-01-23,119.769997
AAPL_Low,2017-01-24,119.5
AAPL_Low,2017-01-25,120.279999
AAPL_Low,2017-01-26,121.599998
AAPL_Low,2017-01-27,121.599998
AAPL_Low,2017-01-30,120.660004
AAPL_Low,2017-01-31,120.620003
AAPL_Low,2017-02-01,127.010002
AAPL_Low,2017-02-02,127.779999
AAPL_Low,2017-02-03,128.160004
AAPL_Low,2017-02-06,128.899994
AAPL_Low,2017-02-07,130.449997
AAPL_Low,2017-02-08,131.220001
AAPL_Low,2017-02-09,131.119995
AAPL_Low,2017-02-10,132.050003
AAPL_Low,2017-02-13,132.75
AAPL_Low,2017-02-14,133.25
AAPL_Low,2017-02-15,134.619995
AAPL_Low,2017-02-16,134.839996
AAPL_Low,2017-02-17,135.100006
AAPL_Low,2017-02-21,135.979996
AAPL_Low,2017-02-22,136.110001
AAPL_Low,2017-02-23,136.300003
AAPL_Low,2017-02-24,135.279999
AAPL_Low,2017-02-27,136.279999
AAPL_Low,2017-02-28,136.699997
AAPL_Low,2017-03-01,137.600006
AAPL_Low,2017-03-02,138.759995
AAPL_Low,2017-03-03,138.589996
AAPL_Low,2017-03-06,138.600006
AAPL_Low,2017-03-07,138.789993
AAPL_Low,2017-03-08,138.820007
AAPL_Low,2017-03-09,137.050003
AAPL_Low,2017-03-10,138.639999
AAPL_Low,2017-03-13,138.820007
AAPL_Low,2017-03-14,138.839996
AAPL_Low,2017-03-15,139.029999
AAPL_Low,2017-03-16,140.259995
AAPL_Low,2017-03-17,139.889999
AAPL_Low,2017-03-20,140.229996
AAPL_Low,2017-03-21,139.729996
AAPL_Low,2017-03-22,139.759995
AAPL_Low,2017-03-23,140.610001
AAPL_Low,2017-03-24,140.350006
AAPL_Low,2017-03-27,138.619995
AAPL_Low,2017-03-28,140.619995
AAPL_Low,2017-03-29,143.190002
AAPL_Low,2017-03-30,143.5
AAPL_Low,2017-03-31,143.009995
AAPL_Low,2017-04-03,143.050003
AAPL_Low,2017-04-04,143.169998
AAPL_Low,2017-04-05,143.809998
AAPL_Low,2017-04-06,143.449997
AAPL_Low,2017-04-07,143.270004
AAPL_Low,2017-04-10,142.899994
AAPL_Low,2017-04-11,140.059998
AAPL_Low,2017-04-12,141.009995
AAPL_Low,2017-04-13,141.050003
AAPL_Low,2017-04-17,140.869995
AAPL_Low,2017-04-18,141.110001
AAPL_Low,2017-04-19,140.449997
AAPL_Low,2017-04-20,141.160004
AAPL_Low,2017-04-21,141.850006
AAPL_Low,2017-04-24,143.179993
AAPL_Low,2017-04-25,143.869995
AAPL_Low,2017-04-26,143.380005
AAPL_Low,2017-04-27,143.309998
AAPL_Low,2017-04-28,143.270004
AAPL_Low,2017-05-01,144.960007
AAPL_Low,2017-05-02,146.839996
AAPL_Low,2017-05-03,144.270004
AAPL_Low,2017-05-04,145.809998
AAPL_Low,2017-05-05,146.759995
AAPL_Low,2017-05-08,149.029999
AAPL_Low,2017-05-09,153.449997
AAPL_Low,2017-05-10,152.110001
AAPL_Low,2017-05-11,152.309998
AAPL_Low,2017-05-12,154.669998
AAPL_Low,2017-05-15,155.050003
AAPL_Low,2017-05-16,154.720001
AAPL_Low,2017-05-17,149.710007
AAPL_Low,2017-05-18,151.130005
AAPL_Low,2017-05-19,152.630005
AAPL_Low,2017-05-22,152.910004
AAPL_Low,2017-05-23,153.309998
AAPL_Low,2017-05-24,152.669998
AAPL_Low,2017-05-25,153.029999
AAPL_Low,2017-05-26,153.309998
AAPL_Low,2017-05-30,153.330002
AAPL_Low,2017-05-31,152.380005
AAPL_Low,2017-06-01,152.220001
AAPL_Low,2017-06-02,152.889999
AAPL_Low,2017-06-05,153.460007
AAPL_Low,2017-06-06,153.779999
AAPL_Low,2017-06-07,154.479996
AAPL_Low,2017-06-08,154.399994
AAPL_Low,2017-06-09,146.020004
AAPL_Low,2017-06-12,142.509995
AAPL_Low,2017-06-13,145.149994
AAPL_Low,2017-06-14,143.839996
AAPL_Low,2017-06-15,142.210007
AAPL_Low,2017-06-16,142.199997
AAPL_Low,2017-06-19,143.660004
AAPL_Low,2017-06-20,144.940002
AAPL_Low,2017-06-21,144.610001
AAPL_Low,2017-06-22,145.119995
AAPL_Low,2017-06-23,145.110001
AAPL_Low,2017-06-26,145.380005
AAPL_Low,2017-06-27,143.619995
AAPL_Low,2017-06-28,143.160004
AAPL_Low,2017-06-29,142.279999
AAPL_Low,2017-06-30,143.779999
AAPL_Low,2017-07-03,143.100006
AAPL_Low,2017-07-05,142.720001
AAPL_Low,2017-07-06,142.410004
AAPL_Low,2017-07-07,142.899994
AAPL_Low,2017-07-10,143.369995
AAPL_Low,2017-07-11,144.380005
AAPL_Low,2017-07-12,144.820007
AAPL_Low,2017-07-13,145.440002
AAPL_Low,2017-07-14,147.330002
AAPL_Low,2017-07-17,148.570007
AAPL_Low,2017-07-18,148.669998
AAPL_Low,2017-07-19,149.949997
AAPL_Low,2017-07-20,150.190002
AAPL_Low,2017-07-21,148.880005
AAPL_Low,2017-07-24,149.899994
AAPL_Low,2017-07-25,151.800003
AAPL_Low,2017-07-26,153.059998
AAPL_Low,2017-07-27,147.300003
AAPL_Low,2017-07-28,149.190002
AAPL_Low,2017-07-31,148.130005
AAPL_Low,2017-08-01,148.410004
AAPL_Low,2017-08-02,156.160004
AAPL_Low,2017-08-03,155.020004
AAPL_Low,2017-08-04,155.690002
AAPL_Low,2017-08-07,156.669998
AAPL_Low,2017-08-08,158.270004
AAPL_Low,2017-08-09,159.110001
AAPL_Low,2017-08-10,154.630005
AAPL_Low,2017-08-11,156.070007
AAPL_Low,2017-08-14,158.75
AAPL_Low,2017-08-15,160.139999
AAPL_Low,2017-08-16,160.149994
AAPL_Low,2017-08-17,157.839996
AAPL_Low,2017-08-18,156.720001
AAPL_Low,2017-08-21,155.110001
AAPL_Low,2017-08-22,158.020004
AAPL_Low,2017-08-23,158.880005
AAPL_Low,2017-08-24,158.550003
AAPL_Low,2017-08-25,159.270004
AAPL_Low,2017-08-28,159.929993
AAPL_Low,2017-08-29,160
AAPL_Low,2017-08-30,162.610001
AAPL_Low,2017-08-31,163.479996
AAPL_Low,2017-09-01,163.630005
AAPL_Low,2017-09-05,160.559998
AAPL_Low,2017-09-06,160.520004
AAPL_Low,2017-09-07,160.360001
AAPL_Low,2017-09-08,158.529999
AAPL_Low,2017-09-11,159.889999
AAPL_Low,2017-09-12,158.770004
AAPL_Low,2017-09-13,157.910004
AAPL_Low,2017-09-14,158.089996
AAPL_Low,2017-09-15,158
AAPL_Low,2017-09-18,158
AAPL_Low,2017-09-19,158.440002
AAPL_Low,2017-09-20,153.830002
AAPL_Low,2017-09-21,152.75
AAPL_Low,2017-09-22,150.559998
AAPL_Low,2017-09-25,149.160004
AAPL_Low,2017-09-26,151.690002
AAPL_Low,2017-09-27,153.539993
AAPL_Low,2017-09-28,152.699997
AAPL_Low,2017-09-29,152
AAPL_Low,2017-10-02,152.720001
AAPL_Low,2017-10-03,153.910004
AAPL_Low,2017-10-04,152.460007
AAPL_Low,2017-10-05,154.050003
AAPL_Low,2017-10-06,154.559998
AAPL_Low,2017-10-09,155.490005
AAPL_Low,2017-10-10,155.100006
AAPL_Low,2017-10-11,155.75
AAPL_Low,2017-10-12,155.729996
AAPL_Low,2017-10-13,156.410004
AAPL_Low,2017-10-16,157.649994
AAPL_Low,2017-10-17,159.229996
AAPL_Low,2017-10-18,159.600006
AAPL_Low,2017-10-19,155.020004
AAPL_Low,2017-10-20,155.960007
AAPL_Low,2017-10-23,155.5
AAPL_Low,2017-10-24,156.199997
AAPL_Low,2017-10-25,155.270004
AAPL_Low,2017-10-26,156.779999
AAPL_Low,2017-10-27,158.699997
AAPL_Low,2017-10-30,163.720001
AAPL_Low,2017-10-31,166.940002
AAPL_Low,2017-11-01,165.610001
AAPL_Low,2017-11-02,165.279999
AAPL_Low,2017-11-03,171.119995
AAPL_Low,2017-11-06,171.720001
AAPL_Low,2017-11-07,173.600006
AAPL_Low,2017-11-08,174.330002
AAPL_Low,2017-11-09,173.139999
AAPL_Low,2017-11-10,174.270004
AAPL_Low,2017-11-13,173.399994
AAPL_Low,2017-11-14,171.179993
AAPL_Low,2017-11-15,168.380005
AAPL_Low,2017-11-16,170.300003
AAPL_Low,2017-11-17,169.639999
AAPL_Low,2017-11-20,169.559998
AAPL_Low,2017-11-21,170.779999
AAPL_Low,2017-11-22,173.050003
AAPL_Low,2017-11-24,174.649994
AAPL_Low,2017-11-27,173.339996
AAPL_Low,2017-11-28,171.860001
AAPL_Low,2017-11-29,167.160004
AAPL_Low,2017-11-30,168.440002
AAPL_Low,2017-12-01,168.5
AAPL_Low,2017-12-04,169.630005
AAPL_Low,2017-12-05,168.399994
AAPL_Low,2017-12-06,166.460007
AAPL_Low,2017-12-07,168.910004
AAPL_Low,2017-12-08,168.820007
AAPL_Low,2017-12-11,168.789993
AAPL_Low,2017-12-12,171.460007
AAPL_Low,2017-12-13,172
AAPL_Low,2017-12-14,171.649994
AAPL_Low,2017-12-15,172.460007
AAPL_Low,2017-12-18,174.860001
AAPL_Low,2017-12-19,174.089996
AAPL_Low,2017-12-20,173.25
AAPL_Low,2017-12-21,174.100006
AAPL_Low,2017-12-22,174.5
AAPL_Low,2017-12-26,169.679993
AAPL_Low,2017-12-27,169.710007
AAPL_Low,2017-12-28,170.479996
AAPL_Low,2017-12-29,169.220001
AAPL_Low,2018-01-02,169.259995
AAPL_Low,2018-01-03,171.960007
AAPL_Low,2018-01-04,172.080002
AAPL_Low,2018-01-05,173.050003
AAPL_Low,2018-01-08,173.929993
AAPL_Low,2018-01-09,173.410004
AAPL_Low,2018-01-10,173
AAPL_Low,2018-01-11,174.490005
AAPL_Low,2018-01-12,175.649994
AAPL_Low,2018-01-16,176.139999
AAPL_Low,2018-01-17,175.070007
AAPL_Low,2018-01-18,178.25
AAPL_Low,2018-01-19,177.410004
AAPL_Low,2018-01-22,176.600006
AAPL_Low,2018-01-23,176.820007
AAPL_Low,2018-01-24,173.199997
AAPL_Low,2018-01-25,170.529999
AAPL_Low,2018-01-26,170.059998
AAPL_Low,2018-01-29,167.070007
AAPL_Low,2018-01-30,164.699997
AAPL_Low,2018-01-31,166.5
AAPL_Low,2018-02-01,166.759995
AAPL_Low,2018-02-02,160.100006
AAPL_Low,2018-02-05,156
AAPL_Low,2018-02-06,154
AAPL_Low,2018-02-07,159.070007
AAPL_Low,2018-02-08,155.029999
AAPL_Low,2018-02-09,150.240005
AAPL_Low,2018-02-12,157.509995
AAPL_Low,2018-02-13,161.649994
AAPL_Low,2018-02-14,162.880005
AAPL_Low,2018-02-15,169
AAPL_Low,2018-02-16,171.770004
AAPL_Low,2018-02-20,171.419998
AAPL_Low,2018-02-21,171.009995
AAPL_Low,2018-02-22,171.710007
AAPL_Low,2018-02-23,173.539993
AAPL_Low,2018-02-26,176.210007
AAPL_Low,2018-02-27,178.160004
AAPL_Low,2018-02-28,178.050003
AAPL_Low,2018-03-01,172.660004
AAPL_Low,2018-03-02,172.449997
AAPL_Low,2018-03-05,174.520004
AAPL_Low,2018-03-06,176.130005
AAPL_Low,2018-03-07,174.270004
AAPL_Low,2018-03-08,175.070007
AAPL_Low,2018-03-09,177.389999
AAPL_Low,2018-03-12,180.210007
AAPL_Low,2018-03-13,179.240005
AAPL_Low,2018-03-14,177.809998
AAPL_Low,2018-03-15,178.070007
AAPL_Low,2018-03-16,177.619995
AAPL_Low,2018-03-19,173.660004
AAPL_Low,2018-03-20,174.940002
AAPL_Low,2018-03-21,171.259995
AAPL_Low,2018-03-22,168.600006
AAPL_Low,2018-03-23,164.940002
AAPL_Low,2018-03-26,166.440002
AAPL_Low,2018-03-27,166.919998
AAPL_Low,2018-03-28,165.190002
AAPL_Low,2018-03-29,166.899994
AAPL_Low,2018-04-02,164.470001
AAPL_Low,2018-04-03,164.880005
AAPL_Low,2018-04-04,164.770004
AAPL_Low,2018-04-05,172.080002
AAPL_Low,2018-04-06,168.199997
AAPL_Low,2018-04-09,169.850006
AAPL_Low,2018-04-10,171.529999
AAPL_Low,2018-04-11,171.699997
AAPL_Low,2018-04-12,173.039993
AAPL_Low,2018-04-13,173.850006
AAPL_Low,2018-04-16,174.830002
AAPL_Low,2018-04-17,176.410004
AAPL_Low,2018-04-18,176.880005
AAPL_Low,2018-04-19,172.660004
AAPL_Low,2018-04-20,165.429993
AAPL_Low,2018-04-23,164.089996
AAPL_Low,2018-04-24,161.220001
AAPL_Low,2018-04-25,162.410004
AAPL_Low,2018-04-26,163.369995
AAPL_Low,2018-04-27,160.630005
AAPL_Low,2018-04-30,161.839996
AAPL_Low,2018-05-01,165.270004
AAPL_Low,2018-05-02,173.800003
AAPL_Low,2018-05-03,174.440002
AAPL_Low,2018-05-04,178.169998
AAPL_Low,2018-05-07,184.75
AAPL_Low,2018-05-08,183.669998
AAPL_Low,2018-05-09,185.220001
AAPL_Low,2018-05-10,187.649994
AAPL_Low,2018-05-11,187.449997
AAPL_Low,2018-05-14,187.860001
AAPL_Low,2018-05-15,185.100006
AAPL_Low,2018-05-16,186
AAPL_Low,2018-05-17,186.360001
AAPL_Low,2018-05-18,186.130005
AAPL_Low,2018-05-21,186.910004
AAPL_Low,2018-05-22,186.779999
AAPL_Low,2018-05-23,185.759995
AAPL_Low,2018-05-24,186.210007
AAPL_Low,2018-05-25,187.649994
AAPL_Low,2018-05-29,186.869995
AAPL_Low,2018-05-30,186.779999
AAPL_Low,2018-05-31,186.139999
AAPL_Low,2018-06-01,187.75
AAPL_Low,2018-06-04,191.350006
AAPL_Low,2018-06-05,192.360001
AAPL_Low,2018-06-06,191.919998
AAPL_Low,2018-06-07,192.339996
AAPL_Low,2018-06-08,189.770004
AAPL_Low,2018-06-11,190.210007
AAPL_Low,2018-06-12,191.149994
AAPL_Low,2018-06-13,190.440002
AAPL_Low,2018-06-14,190.220001
AAPL_Low,2018-06-15,188.259995
AAPL_Low,2018-06-18,187.199997
AAPL_Low,2018-06-19,183.449997
AAPL_Low,2018-06-20,185.729996
AAPL_Low,2018-06-21,184.940002
AAPL_Low,2018-06-22,184.699997
AAPL_Low,2018-06-25,180.729996
AAPL_Low,2018-06-26,182.539993
AAPL_Low,2018-06-27,184.029999
AAPL_Low,2018-06-28,183.800003
AAPL_Low,2018-06-29,182.910004
AAPL_Low,2018-07-02,183.419998
AAPL_Low,2018-07-03,183.539993
AAPL_Low,2018-07-05,184.279999
AAPL_Low,2018-07-06,185.199997
AAPL_Low,2018-07-09,189.300003
AAPL_Low,2018-07-10,190.179993
AAPL_Low,2018-07-11,187.610001
AAPL_Low,2018-07-12,189.309998
AAPL_Low,2018-07-13,190.899994
AAPL_Low,2018-07-16,190.419998
AAPL_Low,2018-07-17,189.199997
AAPL_Low,2018-07-18,189.929993
AAPL_Low,2018-07-19,189.690002
AAPL_Low,2018-07-20,190.169998
AAPL_Low,2018-07-23,189.559998
AAPL_Low,2018-07-24,192.050003
AAPL_Low,2018-07-25,192.429993
AAPL_Low,2018-07-26,193.610001
AAPL_Low,2018-07-27,190.100006
AAPL_Low,2018-07-30,189.070007
AAPL_Low,2018-07-31,189.339996
AAPL_Low,2018-08-01,197.309998
AAPL_Low,2018-08-02,200.350006
AAPL_Low,2018-08-03,205.479996
AAPL_Low,2018-08-06,207.070007
AAPL_Low,2018-08-07,206.759995
AAPL_Low,2018-08-08,204.520004
AAPL_Low,2018-08-09,207.199997
AAPL_Low,2018-08-10,206.669998
AAPL_Low,2018-08-13,207.699997
AAPL_Low,2018-08-14,208.259995
AAPL_Low,2018-08-15,208.330002
AAPL_Low,2018-08-16,211.470001
AAPL_Low,2018-08-17,213.160004
AAPL_Low,2018-08-20,215.110001
AAPL_Low,2018-08-21,214.029999
AAPL_Low,2018-08-22,213.839996
AAPL_Low,2018-08-23,214.600006
AAPL_Low,2018-08-24,215.110001
AAPL_Low,2018-08-27,216.330002
AAPL_Low,2018-08-28,218.919998
AAPL_Low,2018-08-29,219.410004
AAPL_Low,2018-08-30,222.399994
AAPL_Low,2018-08-31,226
AAPL_Low,2018-09-04,226.630005
AAPL_Low,2018-09-05,225.100006
AAPL_Low,2018-09-06,221.300003
AAPL_Low,2018-09-07,220.710007
AAPL_Low,2018-09-10,216.470001
AAPL_Low,2018-09-11,216.559998
AAPL_Low,2018-09-12,219.839996
AAPL_Low,2018-09-13,222.570007
AAPL_Low,2018-09-14,222.520004
AAPL_Low,2018-09-17,217.270004
AAPL_Low,2018-09-18,217.119995
AAPL_Low,2018-09-19,215.300003
AAPL_Low,2018-09-20,219.149994
AAPL_Low,2018-09-21,217.289993
AAPL_Low,2018-09-24,216.630005
AAPL_Low,2018-09-25,219.699997
AAPL_Low,2018-09-26,219.759995
AAPL_Low,2018-09-27,223.539993
AAPL_Low,2018-09-28,224.020004
AAPL_Low,2018-10-01,226.350006
AAPL_Low,2018-10-02,226.630005
AAPL_Low,2018-10-03,229.779999
AAPL_Low,2018-10-04,226.729996
AAPL_Low,2018-10-05,220.580002
AAPL_Low,2018-10-08,220.199997
AAPL_Low,2018-10-09,222.25
AAPL_Low,2018-10-10,216.050003
AAPL_Low,2018-10-11,212.320007
AAPL_Low,2018-10-12,216.839996
AAPL_Low,2018-10-15,217.270004
AAPL_Low,2018-10-16,216.759995
AAPL_Low,2018-10-17,219.339996
AAPL_Low,2018-10-18,213
AAPL_Low,2018-10-19,217.429993
AAPL_Low,2018-10-22,218.940002
AAPL_Low,2018-10-23,214.699997
AAPL_Low,2018-10-24,214.539993
AAPL_Low,2018-10-25,216.75
AAPL_Low,2018-10-26,212.669998
AAPL_Low,2018-10-29,206.089996
AAPL_Low,2018-10-30,209.270004
AAPL_Low,2018-10-31,216.619995
AAPL_Low,2018-11-01,216.809998
AAPL_Low,2018-11-02,205.429993
AAPL_Low,2018-11-05,198.169998
AAPL_Low,2018-11-06,201.690002
AAPL_Low,2018-11-07,204.130005
AAPL_Low,2018-11-08,206.75
AAPL_Low,2018-11-09,202.25
AAPL_Low,2018-11-12,193.789993
AAPL_Low,2018-11-13,191.449997
AAPL_Low,2018-11-14,185.929993
AAPL_Low,2018-11-15,186.899994
AAPL_Low,2018-11-16,189.460007
AAPL_Low,2018-11-19,184.990005
AAPL_Low,2018-11-20,175.509995
AAPL_Low,2018-11-21,176.550003
AAPL_Low,2018-11-23,172.100006
AAPL_Low,2018-11-26,170.259995
AAPL_Low,2018-11-27,170.880005
AAPL_Low,2018-11-28,174.929993
AAPL_Low,2018-11-29,177.699997
AAPL_Low,2018-11-30,177.029999
AAPL_Low,2018-12-03,181.210007
AAPL_Low,2018-12-04,176.270004
AAPL_Low,2018-12-06,170.419998
AAPL_Low,2018-12-07,168.300003
AAPL_Low,2018-12-10,163.330002
AAPL_Low,2018-12-11,167
AAPL_Low,2018-12-12,169.020004
AAPL_Low,2018-12-13,169.550003
AAPL_Low,2018-12-14,165.279999
AAPL_Low,2018-12-17,162.729996
AAPL_Low,2018-12-18,164.389999
AAPL_Low,2018-12-19,159.089996
AAPL_Low,2018-12-20,155.300003
AAPL_Low,2018-12-21,149.630005
AAPL_Low,2018-12-24,146.589996
AAPL_Low,2018-12-26,146.720001
AAPL_Low,2018-12-27,150.070007
AAPL_Low,2018-12-28,154.550003
AAPL_Low,2018-12-31,156.479996
AMZN_Low,2014-01-02,394.019989
AMZN_Low,2014-01-03,396.220001
AMZN_Low,2014-01-06,388.420013
AMZN_Low,2014-01-07,394.290009
AMZN_Low,2014-01-08,396.040009
AMZN_Low,2014-01-09,398.440002
AMZN_Low,2014-01-10,393.799988
AMZN_Low,2014-01-13,388.450012
AMZN_Low,2014-01-14,391.290009
AMZN_Low,2014-01-15,392.529999
AMZN_Low,2014-01-16,389.410004
AMZN_Low,2014-01-17,393.660004
AMZN_Low,2014-01-21,401.600006
AMZN_Low,2014-01-22,402
AMZN_Low,2014-01-23,397.790009
AMZN_Low,2014-01-24,387.269989
AMZN_Low,2014-01-27,380.48999
AMZN_Low,2014-01-28,387.119995
AMZN_Low,2014-01-29,383.23999
AMZN_Low,2014-01-30,387.700012
AMZN_Low,2014-01-31,357.76001
AMZN_Low,2014-02-03,340.100006
AMZN_Low,2014-02-04,344.019989
AMZN_Low,2014-02-05,337.730011
AMZN_Low,2014-02-06,347.399994
AMZN_Low,2014-02-07,352.48999
AMZN_Low,2014-02-10,359.350006
AMZN_Low,2014-02-11,356.25
AMZN_Low,2014-02-12,346.320007
AMZN_Low,2014-02-13,346.5
AMZN_Low,2014-02-14,353.350006
AMZN_Low,2014-02-18,349.450012
AMZN_Low,2014-02-19,346.100006
AMZN_Low,2014-02-20,344.380005
AMZN_Low,2014-02-21,346.75
AMZN_Low,2014-02-24,343.290009
AMZN_Low,2014-02-25,351.579987
AMZN_Low,2014-02-26,357.170013
AMZN_Low,2014-02-27,355.5
AMZN_Low,2014-02-28,357.079987
AMZN_Low,2014-03-03,354.480011
AMZN_Low,2014-03-04,362.459991
AMZN_Low,2014-03-05,363.899994
AMZN_Low,2014-03-06,368.899994
AMZN_Low,2014-03-07,369.529999
AMZN_Low,2014-03-10,367
AMZN_Low,2014-03-11,367.279999
AMZN_Low,2014-03-12,363.609985
AMZN_Low,2014-03-13,368.079987
AMZN_Low,2014-03-14,371.549988
AMZN_Low,2014-03-17,374.880005
AMZN_Low,2014-03-18,375
AMZN_Low,2014-03-19,369.420013
AMZN_Low,2014-03-20,366.220001
AMZN_Low,2014-03-21,358.399994
AMZN_Low,2014-03-24,348.600006
AMZN_Low,2014-03-25,348.839996
AMZN_Low,2014-03-26,343.399994
AMZN_Low,2014-03-27,330.880005
AMZN_Low,2014-03-28,336.079987
AMZN_Low,2014-03-31,334.059998
AMZN_Low,2014-04-01,338
AMZN_Low,2014-04-02,340.380005
AMZN_Low,2014-04-03,328.459991
AMZN_Low,2014-04-04,315.609985
AMZN_Low,2014-04-07,313.130005
AMZN_Low,2014-04-08,318.440002
AMZN_Low,2014-04-09,322.5
AMZN_Low,2014-04-10,316.5
AMZN_Low,2014-04-11,309.5
AMZN_Low,2014-04-14,311.279999
AMZN_Low,2014-04-15,305.5
AMZN_Low,2014-04-16,314.709991
AMZN_Low,2014-04-17,319.76001
AMZN_Low,2014-04-21,322.309998
AMZN_Low,2014-04-22,328.940002
AMZN_Low,2014-04-23,323.390015
AMZN_Low,2014-04-24,322.950012
AMZN_Low,2014-04-25,302.709991
AMZN_Low,2014-04-28,288
AMZN_Low,2014-04-29,290.450012
AMZN_Low,2014-04-30,298.100006
AMZN_Low,2014-05-01,304
AMZN_Low,2014-05-02,304.309998
AMZN_Low,2014-05-05,305
AMZN_Low,2014-05-06,297.040009
AMZN_Low,2014-05-07,286.679993
AMZN_Low,2014-05-08,287.230011
AMZN_Low,2014-05-09,284.380005
AMZN_Low,2014-05-12,294.160004
AMZN_Low,2014-05-13,300.75
AMZN_Low,2014-05-14,296.660004
AMZN_Low,2014-05-15,290.380005
AMZN_Low,2014-05-16,291.549988
AMZN_Low,2014-05-19,293.809998
AMZN_Low,2014-05-20,296.75
AMZN_Low,2014-05-21,301.519989
AMZN_Low,2014-05-22,303.01001
AMZN_Low,2014-05-23,304.899994
AMZN_Low,2014-05-27,307.380005
AMZN_Low,2014-05-28,307.420013
AMZN_Low,2014-05-29,310.200012
AMZN_Low,2014-05-30,307.570007
AMZN_Low,2014-06-02,307
AMZN_Low,2014-06-03,305.070007
AMZN_Low,2014-06-04,303.839996
AMZN_Low,2014-06-05,306.899994
AMZN_Low,2014-06-06,324.929993
AMZN_Low,2014-06-09,325.649994
AMZN_Low,2014-06-10,327.5
AMZN_Low,2014-06-11,333.880005
AMZN_Low,2014-06-12,324.660004
AMZN_Low,2014-06-13,323.529999
AMZN_Low,2014-06-16,323.519989
AMZN_Low,2014-06-17,325.230011
AMZN_Low,2014-06-18,325
AMZN_Low,2014-06-19,325.980011
AMZN_Low,2014-06-20,320.420013
AMZN_Low,2014-06-23,321.410004
AMZN_Low,2014-06-24,322.73999
AMZN_Low,2014-06-25,321.73999
AMZN_Low,2014-06-26,322.130005
AMZN_Low,2014-06-27,323.269989
AMZN_Low,2014-06-30,322.23999
AMZN_Low,2014-07-01,325.100006
AMZN_Low,2014-07-02,331.660004
AMZN_Low,2014-07-03,333.079987
AMZN_Low,2014-07-07,332.519989
AMZN_Low,2014-07-08,321.399994
AMZN_Low,2014-07-09,323.149994
AMZN_Low,2014-07-10,322.649994
AMZN_Low,2014-07-11,334.709991
AMZN_Low,2014-07-14,345.359985
AMZN_Low,2014-07-15,349.399994
AMZN_Low,2014-07-16,353
AMZN_Low,2014-07-17,351.380005
AMZN_Low,2014-07-18,352.079987
AMZN_Low,2014-07-21,356.720001
AMZN_Low,2014-07-22,355.25
AMZN_Low,2014-07-23,356.619995
AMZN_Low,2014-07-24,358.519989
AMZN_Low,2014-07-25,314.76001
AMZN_Low,2014-07-28,316.5
AMZN_Low,2014-07-29,319.5
AMZN_Low,2014-07-30,318.5
AMZN_Low,2014-07-31,311.859985
AMZN_Low,2014-08-01,304.589996
AMZN_Low,2014-08-04,308.5
AMZN_Low,2014-08-05,310.059998
AMZN_Low,2014-08-06,310.200012
AMZN_Low,2014-08-07,309.649994
AMZN_Low,2014-08-08,310.660004
AMZN_Low,2014-08-11,316.880005
AMZN_Low,2014-08-12,316.950012
AMZN_Low,2014-08-13,326.140015
AMZN_Low,2014-08-14,326.709991
AMZN_Low,2014-08-15,328.320007
AMZN_Low,2014-08-18,333.769989
AMZN_Low,2014-08-19,333.01001
AMZN_Low,2014-08-20,334.019989
AMZN_Low,2014-08-21,332.230011
AMZN_Low,2014-08-22,330.799988
AMZN_Low,2014-08-25,332.709991
AMZN_Low,2014-08-26,334.549988
AMZN_Low,2014-08-27,341.339996
AMZN_Low,2014-08-28,338.799988
AMZN_Low,2014-08-29,337.679993
AMZN_Low,2014-09-02,337.160004
AMZN_Low,2014-09-03,337.549988
AMZN_Low,2014-09-04,343.579987
AMZN_Low,2014-09-05,342.5
AMZN_Low,2014-09-08,339.040009
AMZN_Low,2014-09-09,329.179993
AMZN_Low,2014-09-10,328.820007
AMZN_Low,2014-09-11,326.390015
AMZN_Low,2014-09-12,328.790009
AMZN_Low,2014-09-15,319
AMZN_Low,2014-09-16,320.100006
AMZN_Low,2014-09-17,321.519989
AMZN_Low,2014-09-18,323.709991
AMZN_Low,2014-09-19,325.570007
AMZN_Low,2014-09-22,321.059998
AMZN_Low,2014-09-23,321.25
AMZN_Low,2014-09-24,319.559998
AMZN_Low,2014-09-25,321.399994
AMZN_Low,2014-09-26,317.640015
AMZN_Low,2014-09-29,319
AMZN_Low,2014-09-30,318.51001
AMZN_Low,2014-10-01,315.549988
AMZN_Low,2014-10-02,311.309998
AMZN_Low,2014-10-03,319.529999
AMZN_Low,2014-10-06,319.600006
AMZN_Low,2014-10-07,316.670013
AMZN_Low,2014-10-08,314.140015
AMZN_Low,2014-10-09,314.519989
AMZN_Low,2014-10-10,311.380005
AMZN_Low,2014-10-13,303.470001
AMZN_Low,2014-10-14,305.75
AMZN_Low,2014-10-15,299.100006
AMZN_Low,2014-10-16,293.829987
AMZN_Low,2014-10-17,302.720001
AMZN_Low,2014-10-20,302.019989
AMZN_Low,2014-10-21,307.070007
AMZN_Low,2014-10-22,312.640015
AMZN_Low,2014-10-23,311.399994
AMZN_Low,2014-10-24,284
AMZN_Low,2014-10-27,285.019989
AMZN_Low,2014-10-28,289.76001
AMZN_Low,2014-10-29,293.070007
AMZN_Low,2014-10-30,292.359985
AMZN_Low,2014-10-31,301.5
AMZN_Low,2014-11-03,303.23999
AMZN_Low,2014-11-04,300.170013
AMZN_Low,2014-11-05,294.160004
AMZN_Low,2014-11-06,292.290009
AMZN_Low,2014-11-07,296.290009
AMZN_Low,2014-11-10,300
AMZN_Low,2014-11-11,303.649994
AMZN_Low,2014-11-12,308.790009
AMZN_Low,2014-11-13,311.51001
AMZN_Low,2014-11-14,316.399994
AMZN_Low,2014-11-17,318.029999
AMZN_Low,2014-11-18,323.25
AMZN_Low,2014-11-19,324.019989
AMZN_Low,2014-11-20,323.329987
AMZN_Low,2014-11-21,331.470001
AMZN_Low,2014-11-24,333.600006
AMZN_Low,2014-11-25,331.279999
AMZN_Low,2014-11-26,331.75
AMZN_Low,2014-11-28,336.029999
AMZN_Low,2014-12-01,325.929993
AMZN_Low,2014-12-02,323.25
AMZN_Low,2014-12-03,314.359985
AMZN_Low,2014-12-04,313.470001
AMZN_Low,2014-12-05,310.839996
AMZN_Low,2014-12-08,304.820007
AMZN_Low,2014-12-09,301.140015
AMZN_Low,2014-12-10,304.679993
AMZN_Low,2014-12-11,306.01001
AMZN_Low,2014-12-12,303.01001
AMZN_Low,2014-12-15,302.149994
AMZN_Low,2014-12-16,295.01001
AMZN_Low,2014-12-17,293.029999
AMZN_Low,2014-12-18,293.25
AMZN_Low,2014-12-19,295.519989
AMZN_Low,2014-12-22,301.940002
AMZN_Low,2014-12-23,303.25
AMZN_Low,2014-12-24,302.880005
AMZN_Low,2014-12-26,303.809998
AMZN_Low,2014-12-29,306.579987
AMZN_Low,2014-12-30,309.339996
AMZN_Low,2014-12-31,310.01001
AMZN_Low,2015-01-02,306.959991
AMZN_Low,2015-01-05,300.850006
AMZN_Low,2015-01-06,292.380005
AMZN_Low,2015-01-07,295.329987
AMZN_Low,2015-01-08,296.109985
AMZN_Low,2015-01-09,296.679993
AMZN_Low,2015-01-12,289.279999
AMZN_Low,2015-01-13,293.230011
AMZN_Low,2015-01-14,286.5
AMZN_Low,2015-01-15,286.820007
AMZN_Low,2015-01-16,285.25
AMZN_Low,2015-01-20,286.390015
AMZN_Low,2015-01-21,287.26001
AMZN_Low,2015-01-22,300
AMZN_Low,2015-01-23,307.720001
AMZN_Low,2015-01-26,307.519989
AMZN_Low,2015-01-27,302.630005
AMZN_Low,2015-01-28,303.799988
AMZN_Low,2015-01-29,299.329987
AMZN_Low,2015-01-30,340.73999
AMZN_Low,2015-02-02,350.01001
AMZN_Low,2015-02-03,360.209991
AMZN_Low,2015-02-04,358.230011
AMZN_Low,2015-02-05,365.899994
AMZN_Low,2015-02-06,371.01001
AMZN_Low,2015-02-09,367.200012
AMZN_Low,2015-02-10,368.51001
AMZN_Low,2015-02-11,371.100006
AMZN_Low,2015-02-12,373.149994
AMZN_Low,2015-02-13,377.01001
AMZN_Low,2015-02-17,372.670013
AMZN_Low,2015-02-18,372.850006
AMZN_Low,2015-02-19,373.429993
AMZN_Low,2015-02-20,375.839996
AMZN_Low,2015-02-23,378
AMZN_Low,2015-02-24,376.160004
AMZN_Low,2015-02-25,376.540009
AMZN_Low,2015-02-26,383.279999
AMZN_Low,2015-02-27,379.790009
AMZN_Low,2015-03-02,379.480011
AMZN_Low,2015-03-03,381.600006
AMZN_Low,2015-03-04,382.190002
AMZN_Low,2015-03-05,383.890015
AMZN_Low,2015-03-06,378.880005
AMZN_Low,2015-03-09,375.279999
AMZN_Low,2015-03-10,369.179993
AMZN_Low,2015-03-11,366.26001
AMZN_Low,2015-03-12,367.519989
AMZN_Low,2015-03-13,366.679993
AMZN_Low,2015-03-16,366.720001
AMZN_Low,2015-03-17,369.640015
AMZN_Low,2015-03-18,366.700012
AMZN_Low,2015-03-19,372.190002
AMZN_Low,2015-03-20,375.920013
AMZN_Low,2015-03-23,374.940002
AMZN_Low,2015-03-24,372.269989
AMZN_Low,2015-03-25,370.290009
AMZN_Low,2015-03-26,365.649994
AMZN_Low,2015-03-27,366.570007
AMZN_Low,2015-03-30,371.549988
AMZN_Low,2015-03-31,371.51001
AMZN_Low,2015-04-01,368.339996
AMZN_Low,2015-04-02,369
AMZN_Low,2015-04-06,369.359985
AMZN_Low,2015-04-07,374.029999
AMZN_Low,2015-04-08,374.649994
AMZN_Low,2015-04-09,378.799988
AMZN_Low,2015-04-10,381.320007
AMZN_Low,2015-04-13,380.140015
AMZN_Low,2015-04-14,381.209991
AMZN_Low,2015-04-15,381.640015
AMZN_Low,2015-04-16,383.549988
AMZN_Low,2015-04-17,374.399994
AMZN_Low,2015-04-20,377
AMZN_Low,2015-04-21,386.799988
AMZN_Low,2015-04-22,388
AMZN_Low,2015-04-23,386.149994
AMZN_Low,2015-04-24,439
AMZN_Low,2015-04-27,437.410004
AMZN_Low,2015-04-28,428.040009
AMZN_Low,2015-04-29,426.029999
AMZN_Low,2015-04-30,419.23999
AMZN_Low,2015-05-01,416
AMZN_Low,2015-05-04,422.420013
AMZN_Low,2015-05-05,421.019989
AMZN_Low,2015-05-06,414.549988
AMZN_Low,2015-05-07,422.850006
AMZN_Low,2015-05-08,430.170013
AMZN_Low,2015-05-11,431.369995
AMZN_Low,2015-05-12,426.709991
AMZN_Low,2015-05-13,425.799988
AMZN_Low,2015-05-14,427.01001
AMZN_Low,2015-05-15,424.299988
AMZN_Low,2015-05-18,421.459991
AMZN_Low,2015-05-19,420.630005
AMZN_Low,2015-05-20,418.359985
AMZN_Low,2015-05-21,428
AMZN_Low,2015-05-22,427.609985
AMZN_Low,2015-05-26,422
AMZN_Low,2015-05-27,425.01001
AMZN_Low,2015-05-28,425.470001
AMZN_Low,2015-05-29,427.230011
AMZN_Low,2015-06-01,426.200012
AMZN_Low,2015-06-02,426.25
AMZN_Low,2015-06-03,432.75
AMZN_Low,2015-06-04,429.26001
AMZN_Low,2015-06-05,426.5
AMZN_Low,2015-06-08,421.429993
AMZN_Low,2015-06-09,419.140015
AMZN_Low,2015-06-10,425.660004
AMZN_Low,2015-06-11,431.470001
AMZN_Low,2015-06-12,428.26001
AMZN_Low,2015-06-15,422.640015
AMZN_Low,2015-06-16,422.670013
AMZN_Low,2015-06-17,424.75
AMZN_Low,2015-06-18,429.410004
AMZN_Low,2015-06-19,433.23999
AMZN_Low,2015-06-22,434.179993
AMZN_Low,2015-06-23,433.690002
AMZN_Low,2015-06-24,440.230011
AMZN_Low,2015-06-25,436.390015
AMZN_Low,2015-06-26,435.059998
AMZN_Low,2015-06-29,429
AMZN_Low,2015-06-30,430.459991
AMZN_Low,2015-07-01,435.579987
AMZN_Low,2015-07-02,433.480011
AMZN_Low,2015-07-06,433.519989
AMZN_Low,2015-07-07,425.570007
AMZN_Low,2015-07-08,428.829987
AMZN_Low,2015-07-09,434.149994
AMZN_Low,2015-07-10,439
AMZN_Low,2015-07-13,447.540009
AMZN_Low,2015-07-14,458.160004
AMZN_Low,2015-07-15,460.200012
AMZN_Low,2015-07-16,464.799988
AMZN_Low,2015-07-17,477.25
AMZN_Low,2015-07-20,485.399994
AMZN_Low,2015-07-21,482.549988
AMZN_Low,2015-07-22,484.899994
AMZN_Low,2015-07-23,475.700012
AMZN_Low,2015-07-24,529.349976
AMZN_Low,2015-07-27,526.599976
AMZN_Low,2015-07-28,523.119995
AMZN_Low,2015-07-29,525.02002
AMZN_Low,2015-07-30,524.289978
AMZN_Low,2015-07-31,534.52002
AMZN_Low,2015-08-03,529.359985
AMZN_Low,2015-08-04,529.159973
AMZN_Low,2015-08-05,534.119995
AMZN_Low,2015-08-06,527.52002
AMZN_Low,2015-08-07,518.210022
AMZN_Low,2015-08-10,523
AMZN_Low,2015-08-11,522
AMZN_Low,2015-08-12,513.059998
AMZN_Low,2015-08-13,525.48999
AMZN_Low,2015-08-14,528.25
AMZN_Low,2015-08-17,527.119995
AMZN_Low,2015-08-18,533
AMZN_Low,2015-08-19,529
AMZN_Low,2015-08-20,515.77002
AMZN_Low,2015-08-21,494.470001
AMZN_Low,2015-08-24,451
AMZN_Low,2015-08-25,466.25
AMZN_Low,2015-08-26,478.76001
AMZN_Low,2015-08-27,507.26001
AMZN_Low,2015-08-28,513.039978
AMZN_Low,2015-08-31,509.070007
AMZN_Low,2015-09-01,493.429993
AMZN_Low,2015-09-02,497.720001
AMZN_Low,2015-09-03,502.570007
AMZN_Low,2015-09-04,495.640015
AMZN_Low,2015-09-08,508.51001
AMZN_Low,2015-09-09,515.059998
AMZN_Low,2015-09-10,514.780029
AMZN_Low,2015-09-11,520.609985
AMZN_Low,2015-09-14,518.580017
AMZN_Low,2015-09-15,517.200012
AMZN_Low,2015-09-16,518.52002
AMZN_Low,2015-09-17,526.570007
AMZN_Low,2015-09-18,531.349976
AMZN_Low,2015-09-21,539.590027
AMZN_Low,2015-09-22,532.659973
AMZN_Low,2015-09-23,534
AMZN_Low,2015-09-24,522.869995
AMZN_Low,2015-09-25,521.400024
AMZN_Low,2015-09-28,494.329987
AMZN_Low,2015-09-29,490.5
AMZN_Low,2015-09-30,501.670013
AMZN_Low,2015-10-01,506
AMZN_Low,2015-10-02,508.100006
AMZN_Low,2015-10-05,536
AMZN_Low,2015-10-06,533.330017
AMZN_Low,2015-10-07,529
AMZN_Low,2015-10-08,519.890015
AMZN_Low,2015-10-09,530.27002
AMZN_Low,2015-10-12,539.799988
AMZN_Low,2015-10-13,543.099976
AMZN_Low,2015-10-14,539.679993
AMZN_Low,2015-10-15,547
AMZN_Low,2015-10-16,560.309998
AMZN_Low,2015-10-19,567.380005
AMZN_Low,2015-10-20,555.280029
AMZN_Low,2015-10-21,552.52002
AMZN_Low,2015-10-22,556.669983
AMZN_Low,2015-10-23,595.359985
AMZN_Low,2015-10-26,596.289978
AMZN_Low,2015-10-27,605.530029
AMZN_Low,2015-10-28,609.5
AMZN_Low,2015-10-29,615.390015
AMZN_Low,2015-10-30,625.280029
AMZN_Low,2015-11-02,620.409973
AMZN_Low,2015-11-03,622
AMZN_Low,2015-11-04,627.349976
AMZN_Low,2015-11-05,643.090027
AMZN_Low,2015-11-06,652
AMZN_Low,2015-11-09,647.849976
AMZN_Low,2015-11-10,647.26001
AMZN_Low,2015-11-11,663.25
AMZN_Low,2015-11-12,664.219971
AMZN_Low,2015-11-13,640.450012
AMZN_Low,2015-11-16,622.289978
AMZN_Low,2015-11-17,641
AMZN_Low,2015-11-18,646.369995
AMZN_Low,2015-11-19,659
AMZN_Low,2015-11-20,657.570007
AMZN_Low,2015-11-23,670.119995
AMZN_Low,2015-11-24,661.210022
AMZN_Low,2015-11-25,671.23999
AMZN_Low,2015-11-27,672.099976
AMZN_Low,2015-11-30,664.599976
AMZN_Low,2015-12-01,667.859985
AMZN_Low,2015-12-02,674.25
AMZN_Low,2015-12-03,661.47998
AMZN_Low,2015-12-04,661.400024
AMZN_Low,2015-12-07,660.5
AMZN_Low,2015-12-08,659.789978
AMZN_Low,2015-12-09,655.679993
AMZN_Low,2015-12-10,659.559998
AMZN_Low,2015-12-11,639.619995
AMZN_Low,2015-12-14,635.27002
AMZN_Low,2015-12-15,657.349976
AMZN_Low,2015-12-16,659.320007
AMZN_Low,2015-12-17,670.650024
AMZN_Low,2015-12-18,664.130005
AMZN_Low,2015-12-21,658.929993
AMZN_Low,2015-12-22,659.26001
AMZN_Low,2015-12-23,656.630005
AMZN_Low,2015-12-24,660.599976
AMZN_Low,2015-12-28,665.5
AMZN_Low,2015-12-29,677.890015
AMZN_Low,2015-12-30,686.380005
AMZN_Low,2015-12-31,675.890015
AMZN_Low,2016-01-04,627.51001
AMZN_Low,2016-01-05,627.650024
AMZN_Low,2016-01-06,620.309998
AMZN_Low,2016-01-07,605.210022
AMZN_Low,2016-01-08,606
AMZN_Low,2016-01-11,598.570007
AMZN_Low,2016-01-12,612.23999
AMZN_Low,2016-01-13,579.159973
AMZN_Low,2016-01-14,569.880005
AMZN_Low,2016-01-15,565.299988
AMZN_Low,2016-01-19,566.450012
AMZN_Low,2016-01-20,547.179993
AMZN_Low,2016-01-21,568.219971
AMZN_Low,2016-01-22,584.109985
AMZN_Low,2016-01-25,594.559998
AMZN_Low,2016-01-26,590.380005
AMZN_Low,2016-01-27,578.780029
AMZN_Low,2016-01-28,597.549988
AMZN_Low,2016-01-29,570
AMZN_Low,2016-02-01,570.309998
AMZN_Low,2016-02-02,550.090027
AMZN_Low,2016-02-03,521.900024
AMZN_Low,2016-02-04,519.219971
AMZN_Low,2016-02-05,499.190002
AMZN_Low,2016-02-08,475.209991
AMZN_Low,2016-02-09,474
AMZN_Low,2016-02-10,486
AMZN_Low,2016-02-11,484
AMZN_Low,2016-02-12,501.48999
AMZN_Low,2016-02-16,511.660004
AMZN_Low,2016-02-17,519.390015
AMZN_Low,2016-02-18,523.72998
AMZN_Low,2016-02-19,515.349976
AMZN_Low,2016-02-22,541.080017
AMZN_Low,2016-02-23,545.330017
AMZN_Low,2016-02-24,533.150024
AMZN_Low,2016-02-25,545.289978
AMZN_Low,2016-02-26,553.169983
AMZN_Low,2016-02-29,552.51001
AMZN_Low,2016-03-01,556
AMZN_Low,2016-03-02,573.700012
AMZN_Low,2016-03-03,573.109985
AMZN_Low,2016-03-04,571.070007
AMZN_Low,2016-03-07,555.549988
AMZN_Low,2016-03-08,554.73999
AMZN_Low,2016-03-09,550.130005
AMZN_Low,2016-03-10,547.900024
AMZN_Low,2016-03-11,562.72998
AMZN_Low,2016-03-14,563.049988
AMZN_Low,2016-03-15,567
AMZN_Low,2016-03-16,571.140015
AMZN_Low,2016-03-17,555.01001
AMZN_Low,2016-03-18,546.090027
AMZN_Low,2016-03-21,538.580017
AMZN_Low,2016-03-22,545.049988
AMZN_Low,2016-03-23,558.099976
AMZN_Low,2016-03-24,567.080017
AMZN_Low,2016-03-28,575.559998
AMZN_Low,2016-03-29,576.5
AMZN_Low,2016-03-30,595
AMZN_Low,2016-03-31,592.210022
AMZN_Low,2016-04-01,588.299988
AMZN_Low,2016-04-04,590.549988
AMZN_Low,2016-04-05,585.25
AMZN_Low,2016-04-06,587.5
AMZN_Low,2016-04-07,589.080017
AMZN_Low,2016-04-08,589
AMZN_Low,2016-04-11,594.909973
AMZN_Low,2016-04-12,592.309998
AMZN_Low,2016-04-13,605.289978
AMZN_Low,2016-04-14,615.070007
AMZN_Low,2016-04-15,618.109985
AMZN_Low,2016-04-18,624.960022
AMZN_Low,2016-04-19,620.799988
AMZN_Low,2016-04-20,623
AMZN_Low,2016-04-21,628.5
AMZN_Low,2016-04-22,611.559998
AMZN_Low,2016-04-25,616.25
AMZN_Low,2016-04-26,614.880005
AMZN_Low,2016-04-27,601.280029
AMZN_Low,2016-04-28,599.200012
AMZN_Low,2016-04-29,654
AMZN_Low,2016-05-02,662.030029
AMZN_Low,2016-05-03,670.429993
AMZN_Low,2016-05-04,662.140015
AMZN_Low,2016-05-05,656
AMZN_Low,2016-05-06,656.01001
AMZN_Low,2016-05-09,671.409973
AMZN_Low,2016-05-10,693.5
AMZN_Low,2016-05-11,701.650024
AMZN_Low,2016-05-12,711.51001
AMZN_Low,2016-05-13,706.51001
AMZN_Low,2016-05-16,700.280029
AMZN_Low,2016-05-17,693.909973
AMZN_Low,2016-05-18,688.76001
AMZN_Low,2016-05-19,689.559998
AMZN_Low,2016-05-20,700
AMZN_Low,2016-05-23,696.419983
AMZN_Low,2016-05-24,698
AMZN_Low,2016-05-25,705.52002
AMZN_Low,2016-05-26,707.289978
AMZN_Low,2016-05-27,711.099976
AMZN_Low,2016-05-31,711.320007
AMZN_Low,2016-06-01,718.219971
AMZN_Low,2016-06-02,715.5
AMZN_Low,2016-06-03,718.429993
AMZN_Low,2016-06-06,724.419983
AMZN_Low,2016-06-07,720.549988
AMZN_Low,2016-06-08,721.599976
AMZN_Low,2016-06-09,722.299988
AMZN_Low,2016-06-10,714.210022
AMZN_Low,2016-06-13,711.159973
AMZN_Low,2016-06-14,712.27002
AMZN_Low,2016-06-15,713.349976
AMZN_Low,2016-06-16,705.299988
AMZN_Low,2016-06-17,699.179993
AMZN_Low,2016-06-20,710.809998
AMZN_Low,2016-06-21,712.719971
AMZN_Low,2016-06-22,707.570007
AMZN_Low,2016-06-23,712.5
AMZN_Low,2016-06-24,692.200012
AMZN_Low,2016-06-27,682.119995
AMZN_Low,2016-06-28,698.169983
AMZN_Low,2016-06-29,713.539978
AMZN_Low,2016-06-30,712.539978
AMZN_Low,2016-07-01,716.539978
AMZN_Low,2016-07-05,719.609985
AMZN_Low,2016-07-06,722.580017
AMZN_Low,2016-07-07,731.630005
AMZN_Low,2016-07-08,738
AMZN_Low,2016-07-11,747
AMZN_Low,2016-07-12,740.330017
AMZN_Low,2016-07-13,741.25
AMZN_Low,2016-07-14,739.02002
AMZN_Low,2016-07-15,734.049988
AMZN_Low,2016-07-18,728.719971
AMZN_Low,2016-07-19,732.309998
AMZN_Low,2016-07-20,740.700012
AMZN_Low,2016-07-21,742.789978
AMZN_Low,2016-07-22,743.530029
AMZN_Low,2016-07-25,735.349976
AMZN_Low,2016-07-26,732.75
AMZN_Low,2016-07-27,733.859985
AMZN_Low,2016-07-28,739.700012
AMZN_Low,2016-07-29,755
AMZN_Low,2016-08-01,757.059998
AMZN_Low,2016-08-02,757.02002
AMZN_Low,2016-08-03,752.25
AMZN_Low,2016-08-04,750.349976
AMZN_Low,2016-08-05,763.090027
AMZN_Low,2016-08-08,761.02002
AMZN_Low,2016-08-09,766.900024
AMZN_Low,2016-08-10,766.190002
AMZN_Low,2016-08-11,769.119995
AMZN_Low,2016-08-12,768.419983
AMZN_Low,2016-08-15,767.710022
AMZN_Low,2016-08-16,763.820007
AMZN_Low,2016-08-17,759.200012
AMZN_Low,2016-08-18,760.599976
AMZN_Low,2016-08-19,756.890015
AMZN_Low,2016-08-22,752.099976
AMZN_Low,2016-08-23,761
AMZN_Low,2016-08-24,755.359985
AMZN_Low,2016-08-25,754.73999
AMZN_Low,2016-08-26,759.799988
AMZN_Low,2016-08-29,768.599976
AMZN_Low,2016-08-30,765.559998
AMZN_Low,2016-08-31,764
AMZN_Low,2016-09-01,766.75
AMZN_Low,2016-09-02,771.700012
AMZN_Low,2016-09-06,770.219971
AMZN_Low,2016-09-07,784.330017
AMZN_Low,2016-09-08,781.440002
AMZN_Low,2016-09-09,760.109985
AMZN_Low,2016-09-12,756
AMZN_Low,2016-09-13,759.049988
AMZN_Low,2016-09-14,758.849976
AMZN_Low,2016-09-15,757.580017
AMZN_Low,2016-09-16,771.659973
AMZN_Low,2016-09-19,771
AMZN_Low,2016-09-20,776
AMZN_Low,2016-09-21,779.01001
AMZN_Low,2016-09-22,794.27002
AMZN_Low,2016-09-23,802.119995
AMZN_Low,2016-09-26,797.150024
AMZN_Low,2016-09-27,801.109985
AMZN_Low,2016-09-28,817.030029
AMZN_Low,2016-09-29,824.630005
AMZN_Low,2016-09-30,832.400024
AMZN_Low,2016-10-03,831.25
AMZN_Low,2016-10-04,830.26001
AMZN_Low,2016-10-05,836.119995
AMZN_Low,2016-10-06,840.599976
AMZN_Low,2016-10-07,837.450012
AMZN_Low,2016-10-10,840.27002
AMZN_Low,2016-10-11,828.349976
AMZN_Low,2016-10-12,830.099976
AMZN_Low,2016-10-13,821.210022
AMZN_Low,2016-10-14,822.960022
AMZN_Low,2016-10-17,811.679993
AMZN_Low,2016-10-18,815.02002
AMZN_Low,2016-10-19,815.169983
AMZN_Low,2016-10-20,803.099976
AMZN_Low,2016-10-21,809
AMZN_Low,2016-10-24,822.210022
AMZN_Low,2016-10-25,833.219971
AMZN_Low,2016-10-26,820
AMZN_Low,2016-10-27,815.429993
AMZN_Low,2016-10-28,774.609985
AMZN_Low,2016-10-31,780.109985
AMZN_Low,2016-11-01,776.710022
AMZN_Low,2016-11-02,763.549988
AMZN_Low,2016-11-03,764
AMZN_Low,2016-11-04,753.22998
AMZN_Low,2016-11-07,770.940002
AMZN_Low,2016-11-08,779.099976
AMZN_Low,2016-11-09,760.090027
AMZN_Low,2016-11-10,717.700012
AMZN_Low,2016-11-11,728.900024
AMZN_Low,2016-11-14,710.099976
AMZN_Low,2016-11-15,725.98999
AMZN_Low,2016-11-16,735.609985
AMZN_Low,2016-11-17,748
AMZN_Low,2016-11-18,757.640015
AMZN_Low,2016-11-21,765.109985
AMZN_Low,2016-11-22,781
AMZN_Low,2016-11-23,773.119995
AMZN_Low,2016-11-25,777.900024
AMZN_Low,2016-11-28,764.23999
AMZN_Low,2016-11-29,761.320007
AMZN_Low,2016-11-30,750.25
AMZN_Low,2016-12-01,738.030029
AMZN_Low,2016-12-02,736.700012
AMZN_Low,2016-12-05,742
AMZN_Low,2016-12-06,757.25
AMZN_Low,2016-12-07,755.820007
AMZN_Low,2016-12-08,765.190002
AMZN_Low,2016-12-09,765.340027
AMZN_Low,2016-12-12,757.200012
AMZN_Low,2016-12-13,762
AMZN_Low,2016-12-14,762.809998
AMZN_Low,2016-12-15,760.309998
AMZN_Low,2016-12-16,754
AMZN_Low,2016-12-19,756.159973
AMZN_Low,2016-12-20,767.710022
AMZN_Low,2016-12-21,765.700012
AMZN_Low,2016-12-22,763.02002
AMZN_Low,2016-12-23,757.98999
AMZN_Low,2016-12-27,761.200012
AMZN_Low,2016-12-28,770.5
AMZN_Low,2016-12-29,760.849976
AMZN_Low,2016-12-30,748.280029
AMZN_Low,2017-01-03,747.700012
AMZN_Low,2017-01-04,754.200012
AMZN_Low,2017-01-05,760.26001
AMZN_Low,2017-01-06,778.47998
AMZN_Low,2017-01-09,791.77002
AMZN_Low,2017-01-10,789.539978
AMZN_Low,2017-01-11,789.51001
AMZN_Low,2017-01-12,799.5
AMZN_Low,2017-01-13,811.400024
AMZN_Low,2017-01-17,803.440002
AMZN_Low,2017-01-18,804.27002
AMZN_Low,2017-01-19,807.320007
AMZN_Low,2017-01-20,806.26001
AMZN_Low,2017-01-23,805.080017
AMZN_Low,2017-01-24,814.5
AMZN_Low,2017-01-25,825.289978
AMZN_Low,2017-01-26,833
AMZN_Low,2017-01-27,829.440002
AMZN_Low,2017-01-30,816.380005
AMZN_Low,2017-01-31,819.559998
AMZN_Low,2017-02-01,824.940002
AMZN_Low,2017-02-02,828.26001
AMZN_Low,2017-02-03,804
AMZN_Low,2017-02-06,803
AMZN_Low,2017-02-07,807.5
AMZN_Low,2017-02-08,812.5
AMZN_Low,2017-02-09,819.710022
AMZN_Low,2017-02-10,822.849976
AMZN_Low,2017-02-13,828.549988
AMZN_Low,2017-02-14,831.450012
AMZN_Low,2017-02-15,832.820007
AMZN_Low,2017-02-16,839.380005
AMZN_Low,2017-02-17,840.72998
AMZN_Low,2017-02-21,847.25
AMZN_Low,2017-02-22,852.179993
AMZN_Low,2017-02-23,848
AMZN_Low,2017-02-24,837.75
AMZN_Low,2017-02-27,839.669983
AMZN_Low,2017-02-28,842.049988
AMZN_Low,2017-03-01,849.01001
AMZN_Low,2017-03-02,847.280029
AMZN_Low,2017-03-03,846.27002
AMZN_Low,2017-03-06,841.119995
AMZN_Low,2017-03-07,843.75
AMZN_Low,2017-03-08,846.789978
AMZN_Low,2017-03-09,850.309998
AMZN_Low,2017-03-10,851.719971
AMZN_Low,2017-03-13,851.710022
AMZN_Low,2017-03-14,847.549988
AMZN_Low,2017-03-15,847.109985
AMZN_Low,2017-03-16,850.51001
AMZN_Low,2017-03-17,850.640015
AMZN_Low,2017-03-20,851.01001
AMZN_Low,2017-03-21,841.309998
AMZN_Low,2017-03-22,839.049988
AMZN_Low,2017-03-23,844.799988
AMZN_Low,2017-03-24,843.530029
AMZN_Low,2017-03-27,833.5
AMZN_Low,2017-03-28,850.099976
AMZN_Low,2017-03-29,859.02002
AMZN_Low,2017-03-30,871.659973
AMZN_Low,2017-03-31,876.650024
AMZN_Low,2017-04-03,885.419983
AMZN_Low,2017-04-04,890.280029
AMZN_Low,2017-04-05,905.619995
AMZN_Low,2017-04-06,894.48999
AMZN_Low,2017-04-07,889.309998
AMZN_Low,2017-04-10,899
AMZN_Low,2017-04-11,897.5
AMZN_Low,2017-04-12,895.25
AMZN_Low,2017-04-13,884.48999
AMZN_Low,2017-04-17,887.5
AMZN_Low,2017-04-18,900.780029
AMZN_Low,2017-04-19,897.369995
AMZN_Low,2017-04-20,896.289978
AMZN_Low,2017-04-21,896.77002
AMZN_Low,2017-04-24,903.820007
AMZN_Low,2017-04-25,903
AMZN_Low,2017-04-26,907.559998
AMZN_Low,2017-04-27,912.109985
AMZN_Low,2017-04-28,924.330017
AMZN_Low,2017-05-01,927.799988
AMZN_Low,2017-05-02,941.409973
AMZN_Low,2017-05-03,935.900024
AMZN_Low,2017-05-04,934.219971
AMZN_Low,2017-05-05,930.299988
AMZN_Low,2017-05-08,939.210022
AMZN_Low,2017-05-09,950.200012
AMZN_Low,2017-05-10,945
AMZN_Low,2017-05-11,940.780029
AMZN_Low,2017-05-12,951.530029
AMZN_Low,2017-05-15,956.059998
AMZN_Low,2017-05-16,960.909973
AMZN_Low,2017-05-17,944.119995
AMZN_Low,2017-05-18,944.76001
AMZN_Low,2017-05-19,959.719971
AMZN_Low,2017-05-22,962.900024
AMZN_Low,2017-05-23,966.849976
AMZN_Low,2017-05-24,970.22998
AMZN_Low,2017-05-25,982.109985
AMZN_Low,2017-05-26,989.25
AMZN_Low,2017-05-30,995.52002
AMZN_Low,2017-05-31,982.159973
AMZN_Low,2017-06-01,991.369995
AMZN_Low,2017-06-02,995.669983
AMZN_Low,2017-06-05,1003.51001
AMZN_Low,2017-06-06,1001.25
AMZN_Low,2017-06-07,1002
AMZN_Low,2017-06-08,1006.109985
AMZN_Low,2017-06-09,927
AMZN_Low,2017-06-12,945
AMZN_Low,2017-06-13,966.099976
AMZN_Low,2017-06-14,966.710022
AMZN_Low,2017-06-15,950.859985
AMZN_Low,2017-06-16,982
AMZN_Low,2017-06-19,989.900024
AMZN_Low,2017-06-20,992.02002
AMZN_Low,2017-06-21,992.650024
AMZN_Low,2017-06-22,997.200012
AMZN_Low,2017-06-23,998.02002
AMZN_Low,2017-06-26,992
AMZN_Low,2017-06-27,976
AMZN_Low,2017-06-28,969.210022
AMZN_Low,2017-06-29,965.25
AMZN_Low,2017-06-30,967.609985
AMZN_Low,2017-07-03,951
AMZN_Low,2017-07-05,955.25
AMZN_Low,2017-07-06,959.02002
AMZN_Low,2017-07-07,969.140015
AMZN_Low,2017-07-10,983.5
AMZN_Low,2017-07-11,983.719971
AMZN_Low,2017-07-12,998.099976
AMZN_Low,2017-07-13,995.900024
AMZN_Low,2017-07-14,996.890015
AMZN_Low,2017-07-17,1003.809998
AMZN_Low,2017-07-18,1004
AMZN_Low,2017-07-19,1022.5
AMZN_Low,2017-07-20,1022.52002
AMZN_Low,2017-07-21,1011
AMZN_Low,2017-07-24,1027.430054
AMZN_Low,2017-07-25,1032.47998
AMZN_Low,2017-07-26,1043.199951
AMZN_Low,2017-07-27,1040.180054
AMZN_Low,2017-07-28,1001
AMZN_Low,2017-07-31,987.02002
AMZN_Low,2017-08-01,991.580017
AMZN_Low,2017-08-02,981.72998
AMZN_Low,2017-08-03,984.590027
AMZN_Low,2017-08-04,982
AMZN_Low,2017-08-07,987.140015
AMZN_Low,2017-08-08,985.789978
AMZN_Low,2017-08-09,975.27002
AMZN_Low,2017-08-10,954.679993
AMZN_Low,2017-08-11,951.380005
AMZN_Low,2017-08-14,976.190002
AMZN_Low,2017-08-15,982
AMZN_Low,2017-08-16,973.219971
AMZN_Low,2017-08-17,960.320007
AMZN_Low,2017-08-18,954.650024
AMZN_Low,2017-08-21,945.460022
AMZN_Low,2017-08-22,955.5
AMZN_Low,2017-08-23,954.200012
AMZN_Low,2017-08-24,941.140015
AMZN_Low,2017-08-25,944.099976
AMZN_Low,2017-08-28,942.25
AMZN_Low,2017-08-29,936.330017
AMZN_Low,2017-08-30,956.909973
AMZN_Low,2017-08-31,972.76001
AMZN_Low,2017-09-01,976.880005
AMZN_Low,2017-09-05,960.369995
AMZN_Low,2017-09-06,960.599976
AMZN_Low,2017-09-07,972.549988
AMZN_Low,2017-09-08,963.469971
AMZN_Low,2017-09-11,974.219971
AMZN_Low,2017-09-12,975.52002
AMZN_Low,2017-09-13,979.419983
AMZN_Low,2017-09-14,987.73999
AMZN_Low,2017-09-15,984.030029
AMZN_Low,2017-09-18,968.169983
AMZN_Low,2017-09-19,967.460022
AMZN_Low,2017-09-20,962.159973
AMZN_Low,2017-09-21,962.02002
AMZN_Low,2017-09-22,954.419983
AMZN_Low,2017-09-25,932.890015
AMZN_Low,2017-09-26,931.75
AMZN_Low,2017-09-27,943.299988
AMZN_Low,2017-09-28,950.099976
AMZN_Low,2017-09-29,958.380005
AMZN_Low,2017-10-02,952.119995
AMZN_Low,2017-10-03,950.369995
AMZN_Low,2017-10-04,954.049988
AMZN_Low,2017-10-05,969.640015
AMZN_Low,2017-10-06,975.640015
AMZN_Low,2017-10-09,987.5
AMZN_Low,2017-10-10,980.099976
AMZN_Low,2017-10-11,986.700012
AMZN_Low,2017-10-12,992.400024
AMZN_Low,2017-10-13,1001.030029
AMZN_Low,2017-10-16,1001.039978
AMZN_Low,2017-10-17,1004.380005
AMZN_Low,2017-10-18,996.549988
AMZN_Low,2017-10-19,980.23999
AMZN_Low,2017-10-20,982
AMZN_Low,2017-10-23,962.5
AMZN_Low,2017-10-24,965
AMZN_Low,2017-10-25,966.23999
AMZN_Low,2017-10-26,968.549988
AMZN_Low,2017-10-27,1050.550049
AMZN_Low,2017-10-30,1093.560059
AMZN_Low,2017-10-31,1101.119995
AMZN_Low,2017-11-01,1096.73999
AMZN_Low,2017-11-02,1086.869995
AMZN_Low,2017-11-03,1088.52002
AMZN_Low,2017-11-06,1108.77002
AMZN_Low,2017-11-07,1117.5
AMZN_Low,2017-11-08,1119.109985
AMZN_Low,2017-11-09,1115.77002
AMZN_Low,2017-11-10,1124.060059
AMZN_Low,2017-11-13,1122.339966
AMZN_Low,2017-11-14,1123.890015
AMZN_Low,2017-11-15,1121.630005
AMZN_Low,2017-11-16,1130.050049
AMZN_Low,2017-11-17,1125.810059
AMZN_Low,2017-11-20,1122.550049
AMZN_Low,2017-11-21,1128.199951
AMZN_Low,2017-11-22,1141
AMZN_Low,2017-11-24,1160.699951
AMZN_Low,2017-11-27,1191.150024
AMZN_Low,2017-11-28,1188.52002
AMZN_Low,2017-11-29,1145.189941
AMZN_Low,2017-11-30,1160
AMZN_Low,2017-12-01,1152
AMZN_Low,2017-12-04,1128
AMZN_Low,2017-12-05,1124.73999
AMZN_Low,2017-12-06,1136.079956
AMZN_Low,2017-12-07,1151
AMZN_Low,2017-12-08,1157.099976
AMZN_Low,2017-12-11,1157
AMZN_Low,2017-12-12,1161.609985
AMZN_Low,2017-12-13,1160.27002
AMZN_Low,2017-12-14,1162.449951
AMZN_Low,2017-12-15,1169.329956
AMZN_Low,2017-12-18,1180.910034
AMZN_Low,2017-12-19,1179.140015
AMZN_Low,2017-12-20,1176
AMZN_Low,2017-12-21,1167.640015
AMZN_Low,2017-12-22,1167.829956
AMZN_Low,2017-12-26,1160.550049
AMZN_Low,2017-12-27,1175.609985
AMZN_Low,2017-12-28,1184.380005
AMZN_Low,2017-12-29,1167.5
AMZN_Low,2018-01-02,1170.51001
AMZN_Low,2018-01-03,1188.300049
AMZN_Low,2018-01-04,1204.660034
AMZN_Low,2018-01-05,1210
AMZN_Low,2018-01-08,1232.030029
AMZN_Low,2018-01-09,1241.76001
AMZN_Low,2018-01-10,1237.22998
AMZN_Low,2018-01-11,1256.459961
AMZN_Low,2018-01-12,1273.390015
AMZN_Low,2018-01-16,1292.300049
AMZN_Low,2018-01-17,1280.880005
AMZN_Low,2018-01-18,1284.02002
AMZN_Low,2018-01-19,1292.98999
AMZN_Low,2018-01-22,1296.660034
AMZN_Low,2018-01-23,1337.339966
AMZN_Low,2018-01-24,1338
AMZN_Low,2018-01-25,1357.619995
AMZN_Low,2018-01-26,1380.910034
AMZN_Low,2018-01-29,1400.439941
AMZN_Low,2018-01-30,1392
AMZN_Low,2018-01-31,1450.040039
AMZN_Low,2018-02-01,1385.140015
AMZN_Low,2018-02-02,1414
AMZN_Low,2018-02-05,1320.719971
AMZN_Low,2018-02-06,1351.790039
AMZN_Low,2018-02-07,1415.150024
AMZN_Low,2018-02-08,1349.939941
AMZN_Low,2018-02-09,1265.930054
AMZN_Low,2018-02-12,1344.01001
AMZN_Low,2018-02-13,1383.530029
AMZN_Low,2018-02-14,1403.359985
AMZN_Low,2018-02-15,1436.839966
AMZN_Low,2018-02-16,1446.560059
AMZN_Low,2018-02-20,1446.48999
AMZN_Low,2018-02-21,1478.920044
AMZN_Low,2018-02-22,1475.76001
AMZN_Low,2018-02-23,1486.5
AMZN_Low,2018-02-26,1507
AMZN_Low,2018-02-27,1507.209961
AMZN_Low,2018-02-28,1512
AMZN_Low,2018-03-01,1465
AMZN_Low,2018-03-02,1455.01001
AMZN_Low,2018-03-05,1481
AMZN_Low,2018-03-06,1528
AMZN_Low,2018-03-07,1522.51001
AMZN_Low,2018-03-08,1545.25
AMZN_Low,2018-03-09,1559.079956
AMZN_Low,2018-03-12,1586.699951
AMZN_Low,2018-03-13,1578.01001
AMZN_Low,2018-03-14,1590.890015
AMZN_Low,2018-03-15,1578.109985
AMZN_Low,2018-03-16,1567.5
AMZN_Low,2018-03-19,1525.349976
AMZN_Low,2018-03-20,1545.410034
AMZN_Low,2018-03-21,1563.170044
AMZN_Low,2018-03-22,1542.400024
AMZN_Low,2018-03-23,1495.359985
AMZN_Low,2018-03-26,1499.25
AMZN_Low,2018-03-27,1482.319946
AMZN_Low,2018-03-28,1386.170044
AMZN_Low,2018-03-29,1365.199951
AMZN_Low,2018-04-02,1355
AMZN_Low,2018-04-03,1355.329956
AMZN_Low,2018-04-04,1352.880005
AMZN_Low,2018-04-05,1427.069946
AMZN_Low,2018-04-06,1400.26001
AMZN_Low,2018-04-09,1402.569946
AMZN_Low,2018-04-10,1415.699951
AMZN_Low,2018-04-11,1424.890015
AMZN_Low,2018-04-12,1435.060059
AMZN_Low,2018-04-13,1424.52002
AMZN_Low,2018-04-16,1427.47998
AMZN_Low,2018-04-17,1457.02002
AMZN_Low,2018-04-18,1504.109985
AMZN_Low,2018-04-19,1539.060059
AMZN_Low,2018-04-20,1516.089966
AMZN_Low,2018-04-23,1503.410034
AMZN_Low,2018-04-24,1448.449951
AMZN_Low,2018-04-25,1415.02002
AMZN_Low,2018-04-26,1478.5
AMZN_Low,2018-04-27,1567.390015
AMZN_Low,2018-04-30,1560.939941
AMZN_Low,2018-05-01,1552.180054
AMZN_Low,2018-05-02,1566.359985
AMZN_Low,2018-05-03,1546.02002
AMZN_Low,2018-05-04,1562.189941
AMZN_Low,2018-05-07,1587.829956
AMZN_Low,2018-05-08,1582.51001
AMZN_Low,2018-05-09,1592
AMZN_Low,2018-05-10,1603.439941
AMZN_Low,2018-05-11,1597.890015
AMZN_Low,2018-05-14,1600.050049
AMZN_Low,2018-05-15,1565.219971
AMZN_Low,2018-05-16,1576.670044
AMZN_Low,2018-05-17,1573
AMZN_Low,2018-05-18,1572.099976
AMZN_Low,2018-05-21,1575
AMZN_Low,2018-05-22,1575.25
AMZN_Low,2018-05-23,1566.339966
AMZN_Low,2018-05-24,1588.380005
AMZN_Low,2018-05-25,1600.449951
AMZN_Low,2018-05-29,1600.150024
AMZN_Low,2018-05-30,1612.930054
AMZN_Low,2018-05-31,1621.349976
AMZN_Low,2018-06-01,1635.089966
AMZN_Low,2018-06-04,1645.48999
AMZN_Low,2018-06-05,1670.060059
AMZN_Low,2018-06-06,1686.469971
AMZN_Low,2018-06-07,1676.109985
AMZN_Low,2018-06-08,1673.01001
AMZN_Low,2018-06-11,1680.589966
AMZN_Low,2018-06-12,1691.52002
AMZN_Low,2018-06-13,1700.119995
AMZN_Low,2018-06-14,1708.869995
AMZN_Low,2018-06-15,1708.52002
AMZN_Low,2018-06-18,1702.560059
AMZN_Low,2018-06-19,1700.390015
AMZN_Low,2018-06-20,1741.359985
AMZN_Low,2018-06-21,1717.560059
AMZN_Low,2018-06-22,1711.900024
AMZN_Low,2018-06-25,1646.310059
AMZN_Low,2018-06-26,1663.339966
AMZN_Low,2018-06-27,1660
AMZN_Low,2018-06-28,1661.170044
AMZN_Low,2018-06-29,1694.319946
AMZN_Low,2018-07-02,1678.060059
AMZN_Low,2018-07-03,1692.47998
AMZN_Low,2018-07-05,1682.150024
AMZN_Low,2018-07-06,1691.670044
AMZN_Low,2018-07-09,1716.22998
AMZN_Low,2018-07-10,1731
AMZN_Low,2018-07-11,1734
AMZN_Low,2018-07-12,1762.180054
AMZN_Low,2018-07-13,1795.22998
AMZN_Low,2018-07-16,1814.449951
AMZN_Low,2018-07-17,1797.380005
AMZN_Low,2018-07-18,1831.27002
AMZN_Low,2018-07-19,1811.27002
AMZN_Low,2018-07-20,1810.060059
AMZN_Low,2018-07-23,1769.98999
AMZN_Low,2018-07-24,1809.380005
AMZN_Low,2018-07-25,1822.640015
AMZN_Low,2018-07-26,1804.5
AMZN_Low,2018-07-27,1806.530029
AMZN_Low,2018-07-30,1766.02002
AMZN_Low,2018-07-31,1739.319946
AMZN_Low,2018-08-01,1776.02002
AMZN_Low,2018-08-02,1786
AMZN_Low,2018-08-03,1821.5
AMZN_Low,2018-08-06,1818.920044
AMZN_Low,2018-08-07,1846.27002
AMZN_Low,2018-08-08,1854.5
AMZN_Low,2018-08-09,1877.47998
AMZN_Low,2018-08-10,1878.209961
AMZN_Low,2018-08-13,1893.670044
AMZN_Low,2018-08-14,1900
AMZN_Low,2018-08-15,1869.790039
AMZN_Low,2018-08-16,1883.550049
AMZN_Low,2018-08-17,1855.550049
AMZN_Low,2018-08-20,1866.060059
AMZN_Low,2018-08-21,1874.410034
AMZN_Low,2018-08-22,1876.640015
AMZN_Low,2018-08-23,1900.76001
AMZN_Low,2018-08-24,1902.540039
AMZN_Low,2018-08-27,1909.280029
AMZN_Low,2018-08-28,1928.819946
AMZN_Low,2018-08-29,1948.939941
AMZN_Low,2018-08-30,1986.900024
AMZN_Low,2018-08-31,2004.73999
AMZN_Low,2018-09-04,2013
AMZN_Low,2018-09-05,1989.890015
AMZN_Low,2018-09-06,1935.209961
AMZN_Low,2018-09-07,1937.349976
AMZN_Low,2018-09-10,1931.52002
AMZN_Low,2018-09-11,1917
AMZN_Low,2018-09-12,1962.439941
AMZN_Low,2018-09-13,1982.030029
AMZN_Low,2018-09-14,1959.219971
AMZN_Low,2018-09-17,1887.410034
AMZN_Low,2018-09-18,1915.439941
AMZN_Low,2018-09-19,1904.900024
AMZN_Low,2018-09-20,1932.25
AMZN_Low,2018-09-21,1910.5
AMZN_Low,2018-09-24,1865
AMZN_Low,2018-09-25,1938.849976
AMZN_Low,2018-09-26,1961.52002
AMZN_Low,2018-09-27,1988.579956
AMZN_Low,2018-09-28,1996.459961
AMZN_Low,2018-10-01,2003.599976
AMZN_Low,2018-10-02,1965.77002
AMZN_Low,2018-10-03,1949.810059
AMZN_Low,2018-10-04,1896.569946
AMZN_Low,2018-10-05,1862.829956
AMZN_Low,2018-10-08,1830.660034
AMZN_Low,2018-10-09,1852.319946
AMZN_Low,2018-10-10,1754.410034
AMZN_Low,2018-10-11,1685.099976
AMZN_Low,2018-10-12,1742.530029
AMZN_Low,2018-10-15,1734.22998
AMZN_Low,2018-10-16,1761.550049
AMZN_Low,2018-10-17,1807
AMZN_Low,2018-10-18,1767.869995
AMZN_Low,2018-10-19,1753
AMZN_Low,2018-10-22,1756
AMZN_Low,2018-10-23,1714
AMZN_Low,2018-10-24,1656.560059
AMZN_Low,2018-10-25,1692.01001
AMZN_Low,2018-10-26,1603
AMZN_Low,2018-10-29,1495
AMZN_Low,2018-10-30,1476.359985
AMZN_Low,2018-10-31,1565.089966
AMZN_Low,2018-11-01,1598.439941
AMZN_Low,2018-11-02,1651.829956
AMZN_Low,2018-11-05,1596.359985
AMZN_Low,2018-11-06,1614.550049
AMZN_Low,2018-11-07,1664.079956
AMZN_Low,2018-11-08,1725.109985
AMZN_Low,2018-11-09,1701.869995
AMZN_Low,2018-11-12,1630.01001
AMZN_Low,2018-11-13,1613.75
AMZN_Low,2018-11-14,1597.069946
AMZN_Low,2018-11-15,1546.51001
AMZN_Low,2018-11-16,1573.119995
AMZN_Low,2018-11-19,1503.359985
AMZN_Low,2018-11-20,1420
AMZN_Low,2018-11-21,1515
AMZN_Low,2018-11-23,1501.810059
AMZN_Low,2018-11-26,1524.219971
AMZN_Low,2018-11-27,1558.01001
AMZN_Low,2018-11-28,1601.219971
AMZN_Low,2018-11-29,1652.329956
AMZN_Low,2018-11-30,1666.5
AMZN_Low,2018-12-03,1730
AMZN_Low,2018-12-04,1665
AMZN_Low,2018-12-06,1609.849976
AMZN_Low,2018-12-07,1625.459961
AMZN_Low,2018-12-10,1590.869995
AMZN_Low,2018-12-11,1619.599976
AMZN_Low,2018-12-12,1660.27002
AMZN_Low,2018-12-13,1641.5
AMZN_Low,2018-12-14,1585
AMZN_Low,2018-12-17,1505.01001
AMZN_Low,2018-12-18,1523.01001
AMZN_Low,2018-12-19,1483.180054
AMZN_Low,2018-12-20,1432.689941
AMZN_Low,2018-12-21,1363.959961
AMZN_Low,2018-12-24,1307
AMZN_Low,2018-12-26,1363.01001
AMZN_Low,2018-12-27,1390.310059
AMZN_Low,2018-12-28,1449
AMZN_Low,2018-12-31,1487
FB_Low,2014-01-02,54.189999
FB_Low,2014-01-03,54.529999
FB_Low,2014-01-06,54.049999
FB_Low,2014-01-07,57.220001
FB_Low,2014-01-08,57.23
FB_Low,2014-01-09,56.650002
FB_Low,2014-01-10,57.060001
FB_Low,2014-01-13,55.380001
FB_Low,2014-01-14,56.099998
FB_Low,2014-01-15,57.27
FB_Low,2014-01-16,56.830002
FB_Low,2014-01-17,56.07
FB_Low,2014-01-21,56.5
FB_Low,2014-01-22,57.099998
FB_Low,2014-01-23,55.689999
FB_Low,2014-01-24,54.400002
FB_Low,2014-01-27,51.849998
FB_Low,2014-01-28,54
FB_Low,2014-01-29,53.189999
FB_Low,2014-01-30,60.459999
FB_Low,2014-01-31,60.169998
FB_Low,2014-02-03,60.700001
FB_Low,2014-02-04,61.82
FB_Low,2014-02-05,61.27
FB_Low,2014-02-06,61.459999
FB_Low,2014-02-07,62.220001
FB_Low,2014-02-10,63.470001
FB_Low,2014-02-11,63.349998
FB_Low,2014-02-12,64.050003
FB_Low,2014-02-13,64.050003
FB_Low,2014-02-14,66.720001
FB_Low,2014-02-18,66.07
FB_Low,2014-02-19,67
FB_Low,2014-02-20,65.730003
FB_Low,2014-02-21,68.449997
FB_Low,2014-02-24,68.540001
FB_Low,2014-02-25,69.449997
FB_Low,2014-02-26,68.849998
FB_Low,2014-02-27,68.870003
FB_Low,2014-02-28,67.379997
FB_Low,2014-03-03,66.510002
FB_Low,2014-03-04,67.620003
FB_Low,2014-03-05,69.620003
FB_Low,2014-03-06,70.25
FB_Low,2014-03-07,69.470001
FB_Low,2014-03-10,70.510002
FB_Low,2014-03-11,69.959999
FB_Low,2014-03-12,69
FB_Low,2014-03-13,68.150002
FB_Low,2014-03-14,67.459999
FB_Low,2014-03-17,66.620003
FB_Low,2014-03-18,68.300003
FB_Low,2014-03-19,67.470001
FB_Low,2014-03-20,66.82
FB_Low,2014-03-21,66.18
FB_Low,2014-03-24,63.360001
FB_Low,2014-03-25,63.779999
FB_Low,2014-03-26,60.369999
FB_Low,2014-03-27,57.98
FB_Low,2014-03-28,59.34
FB_Low,2014-03-31,59.869999
FB_Low,2014-04-01,60.240002
FB_Low,2014-04-02,62.209999
FB_Low,2014-04-03,59.130001
FB_Low,2014-04-04,56.32
FB_Low,2014-04-07,55.439999
FB_Low,2014-04-08,57.169998
FB_Low,2014-04-09,59.189999
FB_Low,2014-04-10,58.68
FB_Low,2014-04-11,57.310001
FB_Low,2014-04-14,57.779999
FB_Low,2014-04-15,55.880001
FB_Low,2014-04-16,57.740002
FB_Low,2014-04-17,58.720001
FB_Low,2014-04-21,59.150002
FB_Low,2014-04-22,62.220001
FB_Low,2014-04-23,61.259998
FB_Low,2014-04-24,59.77
FB_Low,2014-04-25,57.57
FB_Low,2014-04-28,54.66
FB_Low,2014-04-29,55.84
FB_Low,2014-04-30,57.16
FB_Low,2014-05-01,60.209999
FB_Low,2014-05-02,60.18
FB_Low,2014-05-05,59.18
FB_Low,2014-05-06,58.490002
FB_Low,2014-05-07,56.259998
FB_Low,2014-05-08,56.5
FB_Low,2014-05-09,56.380001
FB_Low,2014-05-12,57.98
FB_Low,2014-05-13,59.509998
FB_Low,2014-05-14,58.950001
FB_Low,2014-05-15,57.52
FB_Low,2014-05-16,57.310001
FB_Low,2014-05-19,57.57
FB_Low,2014-05-20,58.18
FB_Low,2014-05-21,58.25
FB_Low,2014-05-22,60.400002
FB_Low,2014-05-23,60.150002
FB_Low,2014-05-27,61.57
FB_Low,2014-05-28,62.619999
FB_Low,2014-05-29,63.509998
FB_Low,2014-05-30,62.560001
FB_Low,2014-06-02,62.049999
FB_Low,2014-06-03,62.32
FB_Low,2014-06-04,62.07
FB_Low,2014-06-05,62.82
FB_Low,2014-06-06,62.150002
FB_Low,2014-06-09,61.790001
FB_Low,2014-06-10,63.5
FB_Low,2014-06-11,64.900002
FB_Low,2014-06-12,64.059998
FB_Low,2014-06-13,63.830002
FB_Low,2014-06-16,63.75
FB_Low,2014-06-17,63.93
FB_Low,2014-06-18,64.050003
FB_Low,2014-06-19,64.209999
FB_Low,2014-06-20,63.349998
FB_Low,2014-06-23,64.220001
FB_Low,2014-06-24,65.269997
FB_Low,2014-06-25,65.57
FB_Low,2014-06-26,66.900002
FB_Low,2014-06-27,66.839996
FB_Low,2014-06-30,67.129997
FB_Low,2014-07-01,67.389999
FB_Low,2014-07-02,65.790001
FB_Low,2014-07-03,65.760002
FB_Low,2014-07-07,65.120003
FB_Low,2014-07-08,62.209999
FB_Low,2014-07-09,63.150002
FB_Low,2014-07-10,63.049999
FB_Low,2014-07-11,64.790001
FB_Low,2014-07-14,66.900002
FB_Low,2014-07-15,66.260002
FB_Low,2014-07-16,67.07
FB_Low,2014-07-17,66.040001
FB_Low,2014-07-18,66.160004
FB_Low,2014-07-21,68.5
FB_Low,2014-07-22,68.610001
FB_Low,2014-07-23,69.610001
FB_Low,2014-07-24,74.510002
FB_Low,2014-07-25,74.660004
FB_Low,2014-07-28,73.849998
FB_Low,2014-07-29,73.419998
FB_Low,2014-07-30,74.129997
FB_Low,2014-07-31,72.440002
FB_Low,2014-08-01,71.550003
FB_Low,2014-08-04,72.360001
FB_Low,2014-08-05,72.18
FB_Low,2014-08-06,71.790001
FB_Low,2014-08-07,72.699997
FB_Low,2014-08-08,72.559998
FB_Low,2014-08-11,73.059998
FB_Low,2014-08-12,72.220001
FB_Low,2014-08-13,73.050003
FB_Low,2014-08-14,73.690002
FB_Low,2014-08-15,73
FB_Low,2014-08-18,73.959999
FB_Low,2014-08-19,74.510002
FB_Low,2014-08-20,74.620003
FB_Low,2014-08-21,74.410004
FB_Low,2014-08-22,73.57
FB_Low,2014-08-25,74.790001
FB_Low,2014-08-26,74.730003
FB_Low,2014-08-27,74.459999
FB_Low,2014-08-28,73.730003
FB_Low,2014-08-29,74.010002
FB_Low,2014-09-02,74.82
FB_Low,2014-09-03,75.599998
FB_Low,2014-09-04,75.529999
FB_Low,2014-09-05,75.599998
FB_Low,2014-09-08,77.010002
FB_Low,2014-09-09,76.199997
FB_Low,2014-09-10,76.510002
FB_Low,2014-09-11,77.050003
FB_Low,2014-09-12,77.099998
FB_Low,2014-09-15,73.43
FB_Low,2014-09-16,73.07
FB_Low,2014-09-17,75.57
FB_Low,2014-09-18,76.519997
FB_Low,2014-09-19,76.440002
FB_Low,2014-09-22,75.949997
FB_Low,2014-09-23,76.040001
FB_Low,2014-09-24,77.510002
FB_Low,2014-09-25,77.129997
FB_Low,2014-09-26,77.330002
FB_Low,2014-09-29,77.910004
FB_Low,2014-09-30,78.599998
FB_Low,2014-10-01,75.900002
FB_Low,2014-10-02,75.639999
FB_Low,2014-10-03,77.260002
FB_Low,2014-10-06,76.849998
FB_Low,2014-10-07,76.239998
FB_Low,2014-10-08,75.099998
FB_Low,2014-10-09,75.849998
FB_Low,2014-10-10,72.760002
FB_Low,2014-10-13,72.519997
FB_Low,2014-10-14,72.050003
FB_Low,2014-10-15,70.32
FB_Low,2014-10-16,70.580002
FB_Low,2014-10-17,73.75
FB_Low,2014-10-20,75.379997
FB_Low,2014-10-21,77.150002
FB_Low,2014-10-22,78.010002
FB_Low,2014-10-23,79.010002
FB_Low,2014-10-24,79.32
FB_Low,2014-10-27,79.760002
FB_Low,2014-10-28,79.57
FB_Low,2014-10-29,74.779999
FB_Low,2014-10-30,72.900002
FB_Low,2014-10-31,74.449997
FB_Low,2014-11-03,73.699997
FB_Low,2014-11-04,73.650002
FB_Low,2014-11-05,74.419998
FB_Low,2014-11-06,74.309998
FB_Low,2014-11-07,75.019997
FB_Low,2014-11-10,74.610001
FB_Low,2014-11-11,74.029999
FB_Low,2014-11-12,73.540001
FB_Low,2014-11-13,73.639999
FB_Low,2014-11-14,74.040001
FB_Low,2014-11-17,73.879997
FB_Low,2014-11-18,73.900002
FB_Low,2014-11-19,73.110001
FB_Low,2014-11-20,72.510002
FB_Low,2014-11-21,73.5
FB_Low,2014-11-24,73.349998
FB_Low,2014-11-25,74.129997
FB_Low,2014-11-26,75.510002
FB_Low,2014-11-28,77.230003
FB_Low,2014-12-01,74.800003
FB_Low,2014-12-02,75.040001
FB_Low,2014-12-03,74.400002
FB_Low,2014-12-04,74.660004
FB_Low,2014-12-05,75.360001
FB_Low,2014-12-08,75.400002
FB_Low,2014-12-09,74.779999
FB_Low,2014-12-10,76.07
FB_Low,2014-12-11,76.480003
FB_Low,2014-12-12,77.019997
FB_Low,2014-12-15,76.559998
FB_Low,2014-12-16,74.589996
FB_Low,2014-12-17,74.900002
FB_Low,2014-12-18,76.510002
FB_Low,2014-12-19,78.330002
FB_Low,2014-12-22,80
FB_Low,2014-12-23,80.400002
FB_Low,2014-12-24,80.75
FB_Low,2014-12-26,80.510002
FB_Low,2014-12-29,79.709999
FB_Low,2014-12-30,79.099998
FB_Low,2014-12-31,77.860001
FB_Low,2015-01-02,77.699997
FB_Low,2015-01-05,76.860001
FB_Low,2015-01-06,75.360001
FB_Low,2015-01-07,75.82
FB_Low,2015-01-08,76.080002
FB_Low,2015-01-09,77.199997
FB_Low,2015-01-12,76.209999
FB_Low,2015-01-13,75.849998
FB_Low,2015-01-14,76.029999
FB_Low,2015-01-15,73.540001
FB_Low,2015-01-16,73.839996
FB_Low,2015-01-20,74.82
FB_Low,2015-01-21,75.849998
FB_Low,2015-01-22,76.68
FB_Low,2015-01-23,77.040001
FB_Low,2015-01-26,77.290001
FB_Low,2015-01-27,75.629997
FB_Low,2015-01-28,76
FB_Low,2015-01-29,74.209999
FB_Low,2015-01-30,75.75
FB_Low,2015-02-02,73.75
FB_Low,2015-02-03,73.860001
FB_Low,2015-02-04,75.010002
FB_Low,2015-02-05,75.209999
FB_Low,2015-02-06,74.25
FB_Low,2015-02-09,73.449997
FB_Low,2015-02-10,74.5
FB_Low,2015-02-11,75.029999
FB_Low,2015-02-12,75.889999
FB_Low,2015-02-13,75.5
FB_Low,2015-02-17,75.080002
FB_Low,2015-02-18,75.449997
FB_Low,2015-02-19,76.949997
FB_Low,2015-02-20,79.199997
FB_Low,2015-02-23,78.379997
FB_Low,2015-02-24,78.099998
FB_Low,2015-02-25,78.5
FB_Low,2015-02-26,79.720001
FB_Low,2015-02-27,78.620003
FB_Low,2015-03-02,78.519997
FB_Low,2015-03-03,78.519997
FB_Low,2015-03-04,78.849998
FB_Low,2015-03-05,81.050003
FB_Low,2015-03-06,79.830002
FB_Low,2015-03-09,78.629997
FB_Low,2015-03-10,77.550003
FB_Low,2015-03-11,77.260002
FB_Low,2015-03-12,77.910004
FB_Low,2015-03-13,77.68
FB_Low,2015-03-16,77.360001
FB_Low,2015-03-17,78.339996
FB_Low,2015-03-18,79.169998
FB_Low,2015-03-19,81
FB_Low,2015-03-20,83.07
FB_Low,2015-03-23,83.300003
FB_Low,2015-03-24,84.519997
FB_Low,2015-03-25,82.919998
FB_Low,2015-03-26,82.139999
FB_Low,2015-03-27,82.879997
FB_Low,2015-03-30,82.410004
FB_Low,2015-03-31,82.209999
FB_Low,2015-04-01,80.870003
FB_Low,2015-04-02,81.440002
FB_Low,2015-04-06,80.800003
FB_Low,2015-04-07,82.220001
FB_Low,2015-04-08,81.839996
FB_Low,2015-04-09,81.709999
FB_Low,2015-04-10,81.910004
FB_Low,2015-04-13,81.919998
FB_Low,2015-04-14,82.440002
FB_Low,2015-04-15,82.269997
FB_Low,2015-04-16,82.150002
FB_Low,2015-04-17,80.370003
FB_Low,2015-04-20,81.239998
FB_Low,2015-04-21,83.540001
FB_Low,2015-04-22,83.650002
FB_Low,2015-04-23,82.410004
FB_Low,2015-04-24,81.480003
FB_Low,2015-04-27,81.629997
FB_Low,2015-04-28,80.230003
FB_Low,2015-04-29,79.519997
FB_Low,2015-04-30,78.32
FB_Low,2015-05-01,78.110001
FB_Low,2015-05-04,78.629997
FB_Low,2015-05-05,77.220001
FB_Low,2015-05-06,77.050003
FB_Low,2015-05-07,77.559998
FB_Low,2015-05-08,78.029999
FB_Low,2015-05-11,77.93
FB_Low,2015-05-12,76.790001
FB_Low,2015-05-13,77.650002
FB_Low,2015-05-14,78.669998
FB_Low,2015-05-15,80.18
FB_Low,2015-05-18,80.230003
FB_Low,2015-05-19,80.550003
FB_Low,2015-05-20,79.459999
FB_Low,2015-05-21,80.080002
FB_Low,2015-05-22,80.25
FB_Low,2015-05-26,79.080002
FB_Low,2015-05-27,79.43
FB_Low,2015-05-28,80
FB_Low,2015-05-29,78.879997
FB_Low,2015-06-01,78.660004
FB_Low,2015-06-02,79.559998
FB_Low,2015-06-03,81.25
FB_Low,2015-06-04,81.510002
FB_Low,2015-06-05,81.510002
FB_Low,2015-06-08,80.129997
FB_Low,2015-06-09,79.32
FB_Low,2015-06-10,80.809998
FB_Low,2015-06-11,81.360001
FB_Low,2015-06-12,81.199997
FB_Low,2015-06-15,80.07
FB_Low,2015-06-16,80.449997
FB_Low,2015-06-17,81.339996
FB_Low,2015-06-18,81.57
FB_Low,2015-06-19,82.120003
FB_Low,2015-06-22,83.309998
FB_Low,2015-06-23,84.760002
FB_Low,2015-06-24,87.449997
FB_Low,2015-06-25,87.839996
FB_Low,2015-06-26,86.830002
FB_Low,2015-06-29,85.730003
FB_Low,2015-06-30,85.57
FB_Low,2015-07-01,86.489998
FB_Low,2015-07-02,86.339996
FB_Low,2015-07-06,86.389999
FB_Low,2015-07-07,85.230003
FB_Low,2015-07-08,85.449997
FB_Low,2015-07-09,85.650002
FB_Low,2015-07-10,86.769997
FB_Low,2015-07-13,88.419998
FB_Low,2015-07-14,89.650002
FB_Low,2015-07-15,89.419998
FB_Low,2015-07-16,89.769997
FB_Low,2015-07-17,92.540001
FB_Low,2015-07-20,95.360001
FB_Low,2015-07-21,97.139999
FB_Low,2015-07-22,95.919998
FB_Low,2015-07-23,94.809998
FB_Low,2015-07-24,95.879997
FB_Low,2015-07-27,93.830002
FB_Low,2015-07-28,93.309998
FB_Low,2015-07-29,94.739998
FB_Low,2015-07-30,91.800003
FB_Low,2015-07-31,93.949997
FB_Low,2015-08-03,92.800003
FB_Low,2015-08-04,93.330002
FB_Low,2015-08-05,95.18
FB_Low,2015-08-06,94.419998
FB_Low,2015-08-07,93.610001
FB_Low,2015-08-10,93.629997
FB_Low,2015-08-11,92.900002
FB_Low,2015-08-12,91.190002
FB_Low,2015-08-13,93.349998
FB_Low,2015-08-14,93.209999
FB_Low,2015-08-17,93.389999
FB_Low,2015-08-18,94.040001
FB_Low,2015-08-19,94.160004
FB_Low,2015-08-20,90.459999
FB_Low,2015-08-21,85.610001
FB_Low,2015-08-24,72
FB_Low,2015-08-25,83
FB_Low,2015-08-26,83.260002
FB_Low,2015-08-27,87.190002
FB_Low,2015-08-28,89.790001
FB_Low,2015-08-31,88.889999
FB_Low,2015-09-01,86.5
FB_Low,2015-09-02,87.629997
FB_Low,2015-09-03,87.730003
FB_Low,2015-09-04,86.699997
FB_Low,2015-09-08,88.830002
FB_Low,2015-09-09,90.169998
FB_Low,2015-09-10,89.629997
FB_Low,2015-09-11,91.129997
FB_Low,2015-09-14,91.599998
FB_Low,2015-09-15,91.790001
FB_Low,2015-09-16,92.629997
FB_Low,2015-09-17,92.900002
FB_Low,2015-09-18,93.050003
FB_Low,2015-09-21,94.519997
FB_Low,2015-09-22,91.919998
FB_Low,2015-09-23,92.800003
FB_Low,2015-09-24,92.239998
FB_Low,2015-09-25,92.059998
FB_Low,2015-09-28,88.18
FB_Low,2015-09-29,85.720001
FB_Low,2015-09-30,88.010002
FB_Low,2015-10-01,88.360001
FB_Low,2015-10-02,88.370003
FB_Low,2015-10-05,92.660004
FB_Low,2015-10-06,92.339996
FB_Low,2015-10-07,91.370003
FB_Low,2015-10-08,90.470001
FB_Low,2015-10-09,92.239998
FB_Low,2015-10-12,92.669998
FB_Low,2015-10-13,93.550003
FB_Low,2015-10-14,93.610001
FB_Low,2015-10-15,94.900002
FB_Low,2015-10-16,95.349998
FB_Low,2015-10-19,96.919998
FB_Low,2015-10-20,96.559998
FB_Low,2015-10-21,96.470001
FB_Low,2015-10-22,97.550003
FB_Low,2015-10-23,100.160004
FB_Low,2015-10-26,101.550003
FB_Low,2015-10-27,102.400002
FB_Low,2015-10-28,102.919998
FB_Low,2015-10-29,103.519997
FB_Low,2015-10-30,101.650002
FB_Low,2015-11-02,101.18
FB_Low,2015-11-03,102.400002
FB_Low,2015-11-04,102.480003
FB_Low,2015-11-05,107.949997
FB_Low,2015-11-06,105.910004
FB_Low,2015-11-09,105.860001
FB_Low,2015-11-10,105.239998
FB_Low,2015-11-11,107.110001
FB_Low,2015-11-12,108
FB_Low,2015-11-13,103.830002
FB_Low,2015-11-16,100.470001
FB_Low,2015-11-17,104.139999
FB_Low,2015-11-18,105.389999
FB_Low,2015-11-19,105.949997
FB_Low,2015-11-20,106.620003
FB_Low,2015-11-23,106.080002
FB_Low,2015-11-24,104.389999
FB_Low,2015-11-25,105.099998
FB_Low,2015-11-27,104.860001
FB_Low,2015-11-30,103.75
FB_Low,2015-12-01,104.5
FB_Low,2015-12-02,105.790001
FB_Low,2015-12-03,103.349998
FB_Low,2015-12-04,104.110001
FB_Low,2015-12-07,104.660004
FB_Low,2015-12-08,103.949997
FB_Low,2015-12-09,103.550003
FB_Low,2015-12-10,104.410004
FB_Low,2015-12-11,101.910004
FB_Low,2015-12-14,101.459999
FB_Low,2015-12-15,104.279999
FB_Low,2015-12-16,104.190002
FB_Low,2015-12-17,106.129997
FB_Low,2015-12-18,103.970001
FB_Low,2015-12-21,103.599998
FB_Low,2015-12-22,104.809998
FB_Low,2015-12-23,103.860001
FB_Low,2015-12-24,104.5
FB_Low,2015-12-28,104.529999
FB_Low,2015-12-29,106.25
FB_Low,2015-12-30,106.059998
FB_Low,2015-12-31,104.620003
FB_Low,2016-01-04,99.75
FB_Low,2016-01-05,101.669998
FB_Low,2016-01-06,100.900002
FB_Low,2016-01-07,97.300003
FB_Low,2016-01-08,97.029999
FB_Low,2016-01-11,95.389999
FB_Low,2016-01-12,97.550003
FB_Low,2016-01-13,95.209999
FB_Low,2016-01-14,92.449997
FB_Low,2016-01-15,93.540001
FB_Low,2016-01-19,93.919998
FB_Low,2016-01-20,89.370003
FB_Low,2016-01-21,92.620003
FB_Low,2016-01-22,95.489998
FB_Low,2016-01-25,96.93
FB_Low,2016-01-26,95.660004
FB_Low,2016-01-27,94.230003
FB_Low,2016-01-28,104.809998
FB_Low,2016-01-29,108.839996
FB_Low,2016-02-01,112.010002
FB_Low,2016-02-02,113.199997
FB_Low,2016-02-03,109.75
FB_Low,2016-02-04,109.25
FB_Low,2016-02-05,103.18
FB_Low,2016-02-08,97.459999
FB_Low,2016-02-09,96.82
FB_Low,2016-02-10,100.239998
FB_Low,2016-02-11,98.879997
FB_Low,2016-02-12,101.089996
FB_Low,2016-02-16,100.239998
FB_Low,2016-02-17,100.400002
FB_Low,2016-02-18,103.029999
FB_Low,2016-02-19,102.059998
FB_Low,2016-02-22,105.339996
FB_Low,2016-02-23,105.120003
FB_Low,2016-02-24,102.739998
FB_Low,2016-02-25,105.610001
FB_Low,2016-02-26,107.160004
FB_Low,2016-02-29,106.75
FB_Low,2016-03-01,107.599998
FB_Low,2016-03-02,108.769997
FB_Low,2016-03-03,108.540001
FB_Low,2016-03-04,107.93
FB_Low,2016-03-07,104.720001
FB_Low,2016-03-08,104.400002
FB_Low,2016-03-09,105.489998
FB_Low,2016-03-10,105.769997
FB_Low,2016-03-11,107.919998
FB_Low,2016-03-14,108.769997
FB_Low,2016-03-15,108.839996
FB_Low,2016-03-16,110.099998
FB_Low,2016-03-17,110.730003
FB_Low,2016-03-18,110.269997
FB_Low,2016-03-21,111.029999
FB_Low,2016-03-22,111.169998
FB_Low,2016-03-23,112
FB_Low,2016-03-24,111.68
FB_Low,2016-03-28,112.949997
FB_Low,2016-03-29,113.639999
FB_Low,2016-03-30,114.360001
FB_Low,2016-03-31,113.769997
FB_Low,2016-04-01,113.349998
FB_Low,2016-04-04,111.610001
FB_Low,2016-04-05,111.900002
FB_Low,2016-04-06,112.419998
FB_Low,2016-04-07,113.07
FB_Low,2016-04-08,109.900002
FB_Low,2016-04-11,108.769997
FB_Low,2016-04-12,108.989998
FB_Low,2016-04-13,106.519997
FB_Low,2016-04-14,110.260002
FB_Low,2016-04-15,109.199997
FB_Low,2016-04-18,109.199997
FB_Low,2016-04-19,109.160004
FB_Low,2016-04-20,111.559998
FB_Low,2016-04-21,112.309998
FB_Low,2016-04-22,109.010002
FB_Low,2016-04-25,109.07
FB_Low,2016-04-26,108.150002
FB_Low,2016-04-27,106.309998
FB_Low,2016-04-28,116.230003
FB_Low,2016-04-29,115.839996
FB_Low,2016-05-02,116.57
FB_Low,2016-05-03,117.019997
FB_Low,2016-05-04,116.57
FB_Low,2016-05-05,117.25
FB_Low,2016-05-06,117.110001
FB_Low,2016-05-09,118.900002
FB_Low,2016-05-10,119
FB_Low,2016-05-11,119.419998
FB_Low,2016-05-12,118.900002
FB_Low,2016-05-13,119.68
FB_Low,2016-05-16,117.349998
FB_Low,2016-05-17,117.199997
FB_Low,2016-05-18,116.730003
FB_Low,2016-05-19,115.879997
FB_Low,2016-05-20,116.949997
FB_Low,2016-05-23,115.940002
FB_Low,2016-05-24,116.120003
FB_Low,2016-05-25,117.379997
FB_Low,2016-05-26,117.919998
FB_Low,2016-05-27,119.010002
FB_Low,2016-05-31,118.120003
FB_Low,2016-06-01,117.82
FB_Low,2016-06-02,118.220001
FB_Low,2016-06-03,117.860001
FB_Low,2016-06-06,118.360001
FB_Low,2016-06-07,117.669998
FB_Low,2016-06-08,117.269997
FB_Low,2016-06-09,117.709999
FB_Low,2016-06-10,116.260002
FB_Low,2016-06-13,113.309998
FB_Low,2016-06-14,113.580002
FB_Low,2016-06-15,114.07
FB_Low,2016-06-16,112.940002
FB_Low,2016-06-17,112.559998
FB_Low,2016-06-20,112.75
FB_Low,2016-06-21,113.970001
FB_Low,2016-06-22,113.610001
FB_Low,2016-06-23,113.540001
FB_Low,2016-06-24,111
FB_Low,2016-06-27,108.230003
FB_Low,2016-06-28,110.550003
FB_Low,2016-06-29,113.040001
FB_Low,2016-06-30,113.669998
FB_Low,2016-07-01,113.809998
FB_Low,2016-07-05,112.970001
FB_Low,2016-07-06,112.970001
FB_Low,2016-07-07,115.360001
FB_Low,2016-07-08,115.849998
FB_Low,2016-07-11,117.5
FB_Low,2016-07-12,117.57
FB_Low,2016-07-13,116.68
FB_Low,2016-07-14,116.699997
FB_Low,2016-07-15,116.580002
FB_Low,2016-07-18,116.889999
FB_Low,2016-07-19,118.660004
FB_Low,2016-07-20,120.559998
FB_Low,2016-07-21,120.25
FB_Low,2016-07-22,119.309998
FB_Low,2016-07-25,117.779999
FB_Low,2016-07-26,120.75
FB_Low,2016-07-27,121.510002
FB_Low,2016-07-28,123.629997
FB_Low,2016-07-29,123.709999
FB_Low,2016-08-01,122.860001
FB_Low,2016-08-02,122.07
FB_Low,2016-08-03,122.309998
FB_Low,2016-08-04,122.510002
FB_Low,2016-08-05,124.620003
FB_Low,2016-08-08,124.550003
FB_Low,2016-08-09,124.529999
FB_Low,2016-08-10,124.540001
FB_Low,2016-08-11,124.75
FB_Low,2016-08-12,124.18
FB_Low,2016-08-15,123.699997
FB_Low,2016-08-16,122.779999
FB_Low,2016-08-17,122.849998
FB_Low,2016-08-18,123.639999
FB_Low,2016-08-19,123.279999
FB_Low,2016-08-22,123.110001
FB_Low,2016-08-23,124.25
FB_Low,2016-08-24,123.089996
FB_Low,2016-08-25,123.099998
FB_Low,2016-08-26,123.910004
FB_Low,2016-08-29,124.349998
FB_Low,2016-08-30,125.150002
FB_Low,2016-08-31,125.099998
FB_Low,2016-09-01,125.599998
FB_Low,2016-09-02,126
FB_Low,2016-09-06,126.470001
FB_Low,2016-09-07,129.949997
FB_Low,2016-09-08,129.809998
FB_Low,2016-09-09,127.099998
FB_Low,2016-09-12,125.75
FB_Low,2016-09-13,126.660004
FB_Low,2016-09-14,126.889999
FB_Low,2016-09-15,127.669998
FB_Low,2016-09-16,128.199997
FB_Low,2016-09-19,128.259995
FB_Low,2016-09-20,128.029999
FB_Low,2016-09-21,128.389999
FB_Low,2016-09-22,129.559998
FB_Low,2016-09-23,127.300003
FB_Low,2016-09-26,126.800003
FB_Low,2016-09-27,127.43
FB_Low,2016-09-28,128.399994
FB_Low,2016-09-29,127.550003
FB_Low,2016-09-30,127.449997
FB_Low,2016-10-03,127.800003
FB_Low,2016-10-04,127.550003
FB_Low,2016-10-05,127.830002
FB_Low,2016-10-06,128.080002
FB_Low,2016-10-07,128.330002
FB_Low,2016-10-10,129.199997
FB_Low,2016-10-11,128.229996
FB_Low,2016-10-12,128.460007
FB_Low,2016-10-13,126.75
FB_Low,2016-10-14,127.580002
FB_Low,2016-10-17,127.32
FB_Low,2016-10-18,128.009995
FB_Low,2016-10-19,128.600006
FB_Low,2016-10-20,129.5
FB_Low,2016-10-21,129.699997
FB_Low,2016-10-24,132.149994
FB_Low,2016-10-25,132.220001
FB_Low,2016-10-26,130.940002
FB_Low,2016-10-27,129.270004
FB_Low,2016-10-28,129.929993
FB_Low,2016-10-31,130.880005
FB_Low,2016-11-01,128.649994
FB_Low,2016-11-02,126.279999
FB_Low,2016-11-03,119.5
FB_Low,2016-11-04,119.25
FB_Low,2016-11-07,121.349998
FB_Low,2016-11-08,121.540001
FB_Low,2016-11-09,120.510002
FB_Low,2016-11-10,115.269997
FB_Low,2016-11-11,118.150002
FB_Low,2016-11-14,113.550003
FB_Low,2016-11-15,115.830002
FB_Low,2016-11-16,114.209999
FB_Low,2016-11-17,116.010002
FB_Low,2016-11-18,116.839996
FB_Low,2016-11-21,117.800003
FB_Low,2016-11-22,120.900002
FB_Low,2016-11-23,119.940002
FB_Low,2016-11-25,120.07
FB_Low,2016-11-28,119.82
FB_Low,2016-11-29,120.400002
FB_Low,2016-11-30,117.949997
FB_Low,2016-12-01,114
FB_Low,2016-12-02,114.300003
FB_Low,2016-12-05,115.07
FB_Low,2016-12-06,116.330002
FB_Low,2016-12-07,116.57
FB_Low,2016-12-08,117.639999
FB_Low,2016-12-09,118.949997
FB_Low,2016-12-12,117.650002
FB_Low,2016-12-13,117.610001
FB_Low,2016-12-14,118.849998
FB_Low,2016-12-15,119.629997
FB_Low,2016-12-16,119.269997
FB_Low,2016-12-19,118.510002
FB_Low,2016-12-20,118.800003
FB_Low,2016-12-21,118.480003
FB_Low,2016-12-22,116.93
FB_Low,2016-12-23,116.300003
FB_Low,2016-12-27,116.860001
FB_Low,2016-12-28,116.650002
FB_Low,2016-12-29,116.059998
FB_Low,2016-12-30,114.769997
FB_Low,2017-01-03,115.510002
FB_Low,2017-01-04,117.290001
FB_Low,2017-01-05,118.32
FB_Low,2017-01-06,120.029999
FB_Low,2017-01-09,123.040001
FB_Low,2017-01-10,124.279999
FB_Low,2017-01-11,124.059998
FB_Low,2017-01-12,124.800003
FB_Low,2017-01-13,127.370003
FB_Low,2017-01-17,127.400002
FB_Low,2017-01-18,126.839996
FB_Low,2017-01-19,127.449997
FB_Low,2017-01-20,126.779999
FB_Low,2017-01-23,126.949997
FB_Low,2017-01-24,128.380005
FB_Low,2017-01-25,129.770004
FB_Low,2017-01-26,131.440002
FB_Low,2017-01-27,131.080002
FB_Low,2017-01-30,129.600006
FB_Low,2017-01-31,129.520004
FB_Low,2017-02-01,130.679993
FB_Low,2017-02-02,130.399994
FB_Low,2017-02-03,130.759995
FB_Low,2017-02-06,130.300003
FB_Low,2017-02-07,131.660004
FB_Low,2017-02-08,132.440002
FB_Low,2017-02-09,133.309998
FB_Low,2017-02-10,133.679993
FB_Low,2017-02-13,133.699997
FB_Low,2017-02-14,132.550003
FB_Low,2017-02-15,132.660004
FB_Low,2017-02-16,133.020004
FB_Low,2017-02-17,133.169998
FB_Low,2017-02-21,132.899994
FB_Low,2017-02-22,133.460007
FB_Low,2017-02-23,134.330002
FB_Low,2017-02-24,134.160004
FB_Low,2017-02-27,135.020004
FB_Low,2017-02-28,134.75
FB_Low,2017-03-01,136.300003
FB_Low,2017-03-02,136.309998
FB_Low,2017-03-03,136.080002
FB_Low,2017-03-06,136.509995
FB_Low,2017-03-07,136.990005
FB_Low,2017-03-08,137.050003
FB_Low,2017-03-09,137.399994
FB_Low,2017-03-10,138.220001
FB_Low,2017-03-13,138.669998
FB_Low,2017-03-14,138.520004
FB_Low,2017-03-15,138.490005
FB_Low,2017-03-16,139.729996
FB_Low,2017-03-17,139.699997
FB_Low,2017-03-20,139.25
FB_Low,2017-03-21,138.399994
FB_Low,2017-03-22,137.600006
FB_Low,2017-03-23,139.089996
FB_Low,2017-03-24,139.759995
FB_Low,2017-03-27,138.770004
FB_Low,2017-03-28,140.009995
FB_Low,2017-03-29,141.429993
FB_Low,2017-03-30,141.850006
FB_Low,2017-03-31,141.889999
FB_Low,2017-04-03,140.820007
FB_Low,2017-04-04,141.270004
FB_Low,2017-04-05,141.289993
FB_Low,2017-04-06,140.910004
FB_Low,2017-04-07,140.240005
FB_Low,2017-04-10,140.630005
FB_Low,2017-04-11,138.809998
FB_Low,2017-04-12,139.440002
FB_Low,2017-04-13,139.330002
FB_Low,2017-04-17,139.75
FB_Low,2017-04-18,140.610001
FB_Low,2017-04-19,141.270004
FB_Low,2017-04-20,142.690002
FB_Low,2017-04-21,142.270004
FB_Low,2017-04-24,144.339996
FB_Low,2017-04-25,145.789993
FB_Low,2017-04-26,146.089996
FB_Low,2017-04-27,146.139999
FB_Low,2017-04-28,149.070007
FB_Low,2017-05-01,151.419998
FB_Low,2017-05-02,151.660004
FB_Low,2017-05-03,151.339996
FB_Low,2017-05-04,148.720001
FB_Low,2017-05-05,149.789993
FB_Low,2017-05-08,149.740005
FB_Low,2017-05-09,150.210007
FB_Low,2017-05-10,148.860001
FB_Low,2017-05-11,149.410004
FB_Low,2017-05-12,149.630005
FB_Low,2017-05-15,149.770004
FB_Low,2017-05-16,149.029999
FB_Low,2017-05-17,144.419998
FB_Low,2017-05-18,144.509995
FB_Low,2017-05-19,147.960007
FB_Low,2017-05-22,147.690002
FB_Low,2017-05-23,147.25
FB_Low,2017-05-24,148.419998
FB_Low,2017-05-25,149.949997
FB_Low,2017-05-26,151.149994
FB_Low,2017-05-30,151.639999
FB_Low,2017-05-31,151.089996
FB_Low,2017-06-01,150.300003
FB_Low,2017-06-02,151.300003
FB_Low,2017-06-05,153.410004
FB_Low,2017-06-06,152.479996
FB_Low,2017-06-07,152.339996
FB_Low,2017-06-08,153.100006
FB_Low,2017-06-09,146.610001
FB_Low,2017-06-12,144.559998
FB_Low,2017-06-13,148.899994
FB_Low,2017-06-14,149.050003
FB_Low,2017-06-15,146.369995
FB_Low,2017-06-16,148.600006
FB_Low,2017-06-19,151.710007
FB_Low,2017-06-20,152.210007
FB_Low,2017-06-21,151.880005
FB_Low,2017-06-22,152.910004
FB_Low,2017-06-23,152.649994
FB_Low,2017-06-26,153.199997
FB_Low,2017-06-27,150.389999
FB_Low,2017-06-28,149.860001
FB_Low,2017-06-29,148.919998
FB_Low,2017-06-30,150.059998
FB_Low,2017-07-03,147.800003
FB_Low,2017-07-05,148.130005
FB_Low,2017-07-06,148
FB_Low,2017-07-07,149.190002
FB_Low,2017-07-10,151.509995
FB_Low,2017-07-11,152.910004
FB_Low,2017-07-12,156.199997
FB_Low,2017-07-13,158.419998
FB_Low,2017-07-14,159.330002
FB_Low,2017-07-17,158.809998
FB_Low,2017-07-18,159.419998
FB_Low,2017-07-19,163.169998
FB_Low,2017-07-20,162.809998
FB_Low,2017-07-21,163.75
FB_Low,2017-07-24,164.309998
FB_Low,2017-07-25,163.860001
FB_Low,2017-07-26,164.100006
FB_Low,2017-07-27,167.5
FB_Low,2017-07-28,169.050003
FB_Low,2017-07-31,168.550003
FB_Low,2017-08-01,169.050003
FB_Low,2017-08-02,166.910004
FB_Low,2017-08-03,168.25
FB_Low,2017-08-04,168.690002
FB_Low,2017-08-07,169.660004
FB_Low,2017-08-08,170.619995
FB_Low,2017-08-09,169.559998
FB_Low,2017-08-10,166.850006
FB_Low,2017-08-11,166.850006
FB_Low,2017-08-14,169.289993
FB_Low,2017-08-15,170.009995
FB_Low,2017-08-16,169.240005
FB_Low,2017-08-17,166.850006
FB_Low,2017-08-18,166.210007
FB_Low,2017-08-21,165.820007
FB_Low,2017-08-22,167.149994
FB_Low,2017-08-23,168.199997
FB_Low,2017-08-24,166.410004
FB_Low,2017-08-25,166.179993
FB_Low,2017-08-28,166.330002
FB_Low,2017-08-29,165
FB_Low,2017-08-30,167.630005
FB_Low,2017-08-31,170.059998
FB_Low,2017-09-01,171.309998
FB_Low,2017-09-05,169.550003
FB_Low,2017-09-06,169.570007
FB_Low,2017-09-07,170.270004
FB_Low,2017-09-08,170.800003
FB_Low,2017-09-11,172.199997
FB_Low,2017-09-12,171.75
FB_Low,2017-09-13,172.059998
FB_Low,2017-09-14,170.5
FB_Low,2017-09-15,170.259995
FB_Low,2017-09-18,169.339996
FB_Low,2017-09-19,170.360001
FB_Low,2017-09-20,170.699997
FB_Low,2017-09-21,170.009995
FB_Low,2017-09-22,169.220001
FB_Low,2017-09-25,161.559998
FB_Low,2017-09-26,162.779999
FB_Low,2017-09-27,165.570007
FB_Low,2017-09-28,167.160004
FB_Low,2017-09-29,168.809998
FB_Low,2017-10-02,168.75
FB_Low,2017-10-03,169.199997
FB_Low,2017-10-04,168.289993
FB_Low,2017-10-05,168.600006
FB_Low,2017-10-06,169.75
FB_Low,2017-10-09,172
FB_Low,2017-10-10,170.800003
FB_Low,2017-10-11,171.399994
FB_Low,2017-10-12,172.289993
FB_Low,2017-10-13,173.199997
FB_Low,2017-10-16,174.059998
FB_Low,2017-10-17,174.360001
FB_Low,2017-10-18,175.75
FB_Low,2017-10-19,172.630005
FB_Low,2017-10-20,174.630005
FB_Low,2017-10-23,171.25
FB_Low,2017-10-24,171.5
FB_Low,2017-10-25,168.889999
FB_Low,2017-10-26,170.389999
FB_Low,2017-10-27,173.899994
FB_Low,2017-10-30,177.610001
FB_Low,2017-10-31,178.940002
FB_Low,2017-11-01,180.570007
FB_Low,2017-11-02,177.339996
FB_Low,2017-11-03,176.710007
FB_Low,2017-11-06,178.309998
FB_Low,2017-11-07,178.960007
FB_Low,2017-11-08,179.110001
FB_Low,2017-11-09,177.089996
FB_Low,2017-11-10,177.960007
FB_Low,2017-11-13,177.300003
FB_Low,2017-11-14,177.179993
FB_Low,2017-11-15,176.399994
FB_Low,2017-11-16,178.5
FB_Low,2017-11-17,178.899994
FB_Low,2017-11-20,178.100006
FB_Low,2017-11-21,178.990005
FB_Low,2017-11-22,180.440002
FB_Low,2017-11-24,180.289993
FB_Low,2017-11-27,181.990005
FB_Low,2017-11-28,182.089996
FB_Low,2017-11-29,174
FB_Low,2017-11-30,175.199997
FB_Low,2017-12-01,172.339996
FB_Low,2017-12-04,170.789993
FB_Low,2017-12-05,169.009995
FB_Low,2017-12-06,171.899994
FB_Low,2017-12-07,175.800003
FB_Low,2017-12-08,178.740005
FB_Low,2017-12-11,178.800003
FB_Low,2017-12-12,176.600006
FB_Low,2017-12-13,177.25
FB_Low,2017-12-14,177.679993
FB_Low,2017-12-15,178.360001
FB_Low,2017-12-18,179.75
FB_Low,2017-12-19,178.220001
FB_Low,2017-12-20,177.360001
FB_Low,2017-12-21,177.050003
FB_Low,2017-12-22,176.229996
FB_Low,2017-12-26,174.669998
FB_Low,2017-12-27,176.259995
FB_Low,2017-12-28,177.679993
FB_Low,2017-12-29,176.460007
FB_Low,2018-01-02,177.550003
FB_Low,2018-01-03,181.330002
FB_Low,2018-01-04,184.100006
FB_Low,2018-01-05,184.929993
FB_Low,2018-01-08,186.330002
FB_Low,2018-01-09,187.100006
FB_Low,2018-01-10,185.630005
FB_Low,2018-01-11,187.380005
FB_Low,2018-01-12,177.399994
FB_Low,2018-01-16,178.039993
FB_Low,2018-01-17,175.800003
FB_Low,2018-01-18,177.080002
FB_Low,2018-01-19,180.169998
FB_Low,2018-01-22,180.410004
FB_Low,2018-01-23,185.550003
FB_Low,2018-01-24,186.520004
FB_Low,2018-01-25,186.600006
FB_Low,2018-01-26,186.809998
FB_Low,2018-01-29,185.630005
FB_Low,2018-01-30,181.839996
FB_Low,2018-01-31,185.220001
FB_Low,2018-02-01,187.889999
FB_Low,2018-02-02,189.979996
FB_Low,2018-02-05,180.610001
FB_Low,2018-02-06,177.740005
FB_Low,2018-02-07,179.949997
FB_Low,2018-02-08,171.479996
FB_Low,2018-02-09,167.179993
FB_Low,2018-02-12,171.839996
FB_Low,2018-02-13,173.100006
FB_Low,2018-02-14,173.210007
FB_Low,2018-02-15,176.839996
FB_Low,2018-02-16,176.300003
FB_Low,2018-02-20,175.110001
FB_Low,2018-02-21,176.399994
FB_Low,2018-02-22,177.410004
FB_Low,2018-02-23,179.509995
FB_Low,2018-02-26,183.220001
FB_Low,2018-02-27,181.460007
FB_Low,2018-02-28,178.139999
FB_Low,2018-03-01,174.410004
FB_Low,2018-03-02,172.990005
FB_Low,2018-03-05,175.889999
FB_Low,2018-03-06,179.110001
FB_Low,2018-03-07,178.070007
FB_Low,2018-03-08,181.449997
FB_Low,2018-03-09,183.210007
FB_Low,2018-03-12,184.220001
FB_Low,2018-03-13,181.110001
FB_Low,2018-03-14,181.850006
FB_Low,2018-03-15,182.190002
FB_Low,2018-03-16,183.410004
FB_Low,2018-03-19,170.059998
FB_Low,2018-03-20,161.949997
FB_Low,2018-03-21,163.300003
FB_Low,2018-03-22,163.720001
FB_Low,2018-03-23,159.020004
FB_Low,2018-03-26,149.020004
FB_Low,2018-03-27,150.75
FB_Low,2018-03-28,150.800003
FB_Low,2018-03-29,154.139999
FB_Low,2018-04-02,154.110001
FB_Low,2018-04-03,150.809998
FB_Low,2018-04-04,150.509995
FB_Low,2018-04-05,156.649994
FB_Low,2018-04-06,156.809998
FB_Low,2018-04-09,156.039993
FB_Low,2018-04-10,157.009995
FB_Low,2018-04-11,163.25
FB_Low,2018-04-12,163.100006
FB_Low,2018-04-13,163.770004
FB_Low,2018-04-16,163.389999
FB_Low,2018-04-17,165.660004
FB_Low,2018-04-18,165.770004
FB_Low,2018-04-19,165.199997
FB_Low,2018-04-20,165.809998
FB_Low,2018-04-23,165.089996
FB_Low,2018-04-24,158.190002
FB_Low,2018-04-25,156.190002
FB_Low,2018-04-26,170.800003
FB_Low,2018-04-27,172.600006
FB_Low,2018-04-30,171.710007
FB_Low,2018-05-01,170.229996
FB_Low,2018-05-02,174.199997
FB_Low,2018-05-03,172.119995
FB_Low,2018-05-04,173.059998
FB_Low,2018-05-07,177.169998
FB_Low,2018-05-08,177.110001
FB_Low,2018-05-09,178.779999
FB_Low,2018-05-10,182.5
FB_Low,2018-05-11,184.179993
FB_Low,2018-05-14,186.199997
FB_Low,2018-05-15,183.199997
FB_Low,2018-05-16,182.660004
FB_Low,2018-05-17,182.220001
FB_Low,2018-05-18,182.610001
FB_Low,2018-05-21,183.130005
FB_Low,2018-05-22,183.429993
FB_Low,2018-05-23,182.179993
FB_Low,2018-05-24,185.029999
FB_Low,2018-05-25,184.449997
FB_Low,2018-05-29,183.710007
FB_Low,2018-05-30,185.25
FB_Low,2018-05-31,187.479996
FB_Low,2018-06-01,192.070007
FB_Low,2018-06-04,191.470001
FB_Low,2018-06-05,192.619995
FB_Low,2018-06-06,189.110001
FB_Low,2018-06-07,186.770004
FB_Low,2018-06-08,186.429993
FB_Low,2018-06-11,188.800003
FB_Low,2018-06-12,191.559998
FB_Low,2018-06-13,191.910004
FB_Low,2018-06-14,192.910004
FB_Low,2018-06-15,194.639999
FB_Low,2018-06-18,194.130005
FB_Low,2018-06-19,193.789993
FB_Low,2018-06-20,198.809998
FB_Low,2018-06-21,200.089996
FB_Low,2018-06-22,199.309998
FB_Low,2018-06-25,193.110001
FB_Low,2018-06-26,196.229996
FB_Low,2018-06-27,195.800003
FB_Low,2018-06-28,193.259995
FB_Low,2018-06-29,193.960007
FB_Low,2018-07-02,192.220001
FB_Low,2018-07-03,192.520004
FB_Low,2018-07-05,194.029999
FB_Low,2018-07-06,197.699997
FB_Low,2018-07-09,202.119995
FB_Low,2018-07-10,202.259995
FB_Low,2018-07-11,201.75
FB_Low,2018-07-12,203.190002
FB_Low,2018-07-13,206.449997
FB_Low,2018-07-16,206.839996
FB_Low,2018-07-17,204.839996
FB_Low,2018-07-18,208.440002
FB_Low,2018-07-19,207.759995
FB_Low,2018-07-20,208.5
FB_Low,2018-07-23,208.800003
FB_Low,2018-07-24,212.600006
FB_Low,2018-07-25,214.270004
FB_Low,2018-07-26,173.75
FB_Low,2018-07-27,173
FB_Low,2018-07-30,166.559998
FB_Low,2018-07-31,170
FB_Low,2018-08-01,170.899994
FB_Low,2018-08-02,170.270004
FB_Low,2018-08-03,176.149994
FB_Low,2018-08-06,178.380005
FB_Low,2018-08-07,183.720001
FB_Low,2018-08-08,183.759995
FB_Low,2018-08-09,182.479996
FB_Low,2018-08-10,179.419998
FB_Low,2018-08-13,178.899994
FB_Low,2018-08-14,178.619995
FB_Low,2018-08-15,174.779999
FB_Low,2018-08-16,174.009995
FB_Low,2018-08-17,172.039993
FB_Low,2018-08-20,170.910004
FB_Low,2018-08-21,171.389999
FB_Low,2018-08-22,172.130005
FB_Low,2018-08-23,172.830002
FB_Low,2018-08-24,172.919998
FB_Low,2018-08-27,175.789993
FB_Low,2018-08-28,175.830002
FB_Low,2018-08-29,174.75
FB_Low,2018-08-30,175.699997
FB_Low,2018-08-31,174.979996
FB_Low,2018-09-04,168.800003
FB_Low,2018-09-05,166.669998
FB_Low,2018-09-06,160
FB_Low,2018-09-07,160.160004
FB_Low,2018-09-10,162.160004
FB_Low,2018-09-11,163.720001
FB_Low,2018-09-12,161.800003
FB_Low,2018-09-13,160.860001
FB_Low,2018-09-14,160.339996
FB_Low,2018-09-17,159.770004
FB_Low,2018-09-18,158.869995
FB_Low,2018-09-19,159.479996
FB_Low,2018-09-20,164.470001
FB_Low,2018-09-21,162.809998
FB_Low,2018-09-24,160.880005
FB_Low,2018-09-25,161.149994
FB_Low,2018-09-26,164.210007
FB_Low,2018-09-27,167.210007
FB_Low,2018-09-28,162.559998
FB_Low,2018-10-01,161.259995
FB_Low,2018-10-02,158.669998
FB_Low,2018-10-03,159.529999
FB_Low,2018-10-04,157.350006
FB_Low,2018-10-05,156.199997
FB_Low,2018-10-08,154.389999
FB_Low,2018-10-09,157.419998
FB_Low,2018-10-10,151.309998
FB_Low,2018-10-11,149.160004
FB_Low,2018-10-12,151.300003
FB_Low,2018-10-15,152.550003
FB_Low,2018-10-16,155.009995
FB_Low,2018-10-17,157.949997
FB_Low,2018-10-18,153.279999
FB_Low,2018-10-19,153.550003
FB_Low,2018-10-22,154.460007
FB_Low,2018-10-23,150.850006
FB_Low,2018-10-24,145.600006
FB_Low,2018-10-25,147
FB_Low,2018-10-26,143.800003
FB_Low,2018-10-29,139.029999
FB_Low,2018-10-30,139.740005
FB_Low,2018-10-31,148.960007
FB_Low,2018-11-01,149.350006
FB_Low,2018-11-02,148.960007
FB_Low,2018-11-05,147.440002
FB_Low,2018-11-06,148
FB_Low,2018-11-07,149.830002
FB_Low,2018-11-08,146.740005
FB_Low,2018-11-09,144.070007
FB_Low,2018-11-12,140.490005
FB_Low,2018-11-13,141.619995
FB_Low,2018-11-14,141.550003
FB_Low,2018-11-15,140.830002
FB_Low,2018-11-16,137.770004
FB_Low,2018-11-19,131.210007
FB_Low,2018-11-20,126.849998
FB_Low,2018-11-21,134.130005
FB_Low,2018-11-23,131.259995
FB_Low,2018-11-26,132.779999
FB_Low,2018-11-27,133.710007
FB_Low,2018-11-28,131.850006
FB_Low,2018-11-29,135.660004
FB_Low,2018-11-30,137.360001
FB_Low,2018-12-03,140.759995
FB_Low,2018-12-04,137.160004
FB_Low,2018-12-06,133.669998
FB_Low,2018-12-07,136.660004
FB_Low,2018-12-10,139.009995
FB_Low,2018-12-11,141.100006
FB_Low,2018-12-12,142.509995
FB_Low,2018-12-13,143.190002
FB_Low,2018-12-14,142.509995
FB_Low,2018-12-17,138.419998
FB_Low,2018-12-18,139.830002
FB_Low,2018-12-19,132.5
FB_Low,2018-12-20,130
FB_Low,2018-12-21,123.419998
FB_Low,2018-12-24,123.019997
FB_Low,2018-12-26,125.889999
FB_Low,2018-12-27,129.669998
FB_Low,2018-12-28,132.199997
FB_Low,2018-12-31,129.949997
GOOG_Low,2014-01-02,550.549194
GOOG_Low,2014-01-03,548.894958
GOOG_Low,2014-01-06,549.645081
GOOG_Low,2014-01-07,556.95752
GOOG_Low,2014-01-08,562.983337
GOOG_Low,2014-01-09,559.143311
GOOG_Low,2014-01-10,557.499023
GOOG_Low,2014-01-13,554.975403
GOOG_Low,2014-01-14,560.400146
GOOG_Low,2014-01-15,568.199402
GOOG_Low,2014-01-16,570.290833
GOOG_Low,2014-01-17,568.403076
GOOG_Low,2014-01-21,571.930176
GOOG_Low,2014-01-22,575.68573
GOOG_Low,2014-01-23,573.4552
GOOG_Low,2014-01-24,557.871582
GOOG_Low,2014-01-27,537.638184
GOOG_Low,2014-01-28,551.383789
GOOG_Low,2014-01-29,546.157776
GOOG_Low,2014-01-30,559.982849
GOOG_Low,2014-01-31,571.845703
GOOG_Low,2014-02-03,562.347473
GOOG_Low,2014-02-04,564.831299
GOOG_Low,2014-02-05,560.365356
GOOG_Low,2014-02-06,570.067261
GOOG_Low,2014-02-07,576.530212
GOOG_Low,2014-02-10,580.73291
GOOG_Low,2014-02-11,582.317566
GOOG_Low,2014-02-12,586.872986
GOOG_Low,2014-02-13,586.018494
GOOG_Low,2014-02-14,592.546082
GOOG_Low,2014-02-18,596.122803
GOOG_Low,2014-02-19,594.880859
GOOG_Low,2014-02-20,596.232056
GOOG_Low,2014-02-21,597.53363
GOOG_Low,2014-02-24,598.656311
GOOG_Low,2014-02-25,601.299133
GOOG_Low,2014-02-26,602.958313
GOOG_Low,2014-02-27,604.572815
GOOG_Low,2014-02-28,599.212708
GOOG_Low,2014-03-03,592.218201
GOOG_Low,2014-03-04,600.842102
GOOG_Low,2014-03-05,601.790955
GOOG_Low,2014-03-06,605.362671
GOOG_Low,2014-03-07,601.805847
GOOG_Low,2014-03-10,598.154602
GOOG_Low,2014-03-11,594.453674
GOOG_Low,2014-03-12,588.26886
GOOG_Low,2014-03-13,588.552063
GOOG_Low,2014-03-14,582.476563
GOOG_Low,2014-03-17,585.248535
GOOG_Low,2014-03-18,592.675232
GOOG_Low,2014-03-19,593.345886
GOOG_Low,2014-03-20,593.81781
GOOG_Low,2014-03-21,587.40448
GOOG_Low,2014-03-24,569.272461
GOOG_Low,2014-03-25,569.794067
GOOG_Low,2014-03-26,562.094116
GOOG_Low,2014-03-27,549.896362
GOOG_Low,2014-03-28,555.614929
GOOG_Low,2014-03-31,553.88446
GOOG_Low,2014-04-01,555.654724
GOOG_Low,2014-04-02,559.115662
GOOG_Low,2014-04-03,561.045044
GOOG_Low,2014-04-04,540.03064
GOOG_Low,2014-04-07,524.267273
GOOG_Low,2014-04-08,538.648193
GOOG_Low,2014-04-09,549.926208
GOOG_Low,2014-04-10,536.947571
GOOG_Low,2014-04-11,523.650696
GOOG_Low,2014-04-14,526.664124
GOOG_Low,2014-04-15,515.624817
GOOG_Low,2014-04-16,537.046997
GOOG_Low,2014-04-17,528.245422
GOOG_Low,2014-04-21,522.725769
GOOG_Low,2014-04-22,524.625305
GOOG_Low,2014-04-23,523.372192
GOOG_Low,2014-04-24,519.264832
GOOG_Low,2014-04-25,512.60144
GOOG_Low,2014-04-28,500.050446
GOOG_Low,2014-04-29,513.496521
GOOG_Low,2014-04-30,519.662598
GOOG_Low,2014-05-01,521.015198
GOOG_Low,2014-05-02,522.735718
GOOG_Low,2014-05-05,518.469177
GOOG_Low,2014-05-06,512.243408
GOOG_Low,2014-05-07,500.547729
GOOG_Low,2014-05-08,503.680481
GOOG_Low,2014-05-09,501.44281
GOOG_Low,2014-05-12,516.171814
GOOG_Low,2014-05-13,526.61438
GOOG_Low,2014-05-14,522.41748
GOOG_Low,2014-05-15,514.590515
GOOG_Low,2014-05-16,512.621338
GOOG_Low,2014-05-19,514.752625
GOOG_Low,2014-05-20,523.421936
GOOG_Low,2014-05-21,529.001282
GOOG_Low,2014-05-22,537.822754
GOOG_Low,2014-05-23,540.726807
GOOG_Low,2014-05-27,551.318542
GOOG_Low,2014-05-28,557.93219
GOOG_Low,2014-05-29,555.654724
GOOG_Low,2014-05-30,552.869995
GOOG_Low,2014-06-02,542.745667
GOOG_Low,2014-06-03,539.583069
GOOG_Low,2014-06-04,535.803833
GOOG_Low,2014-06-05,541.472717
GOOG_Low,2014-06-06,545.928223
GOOG_Low,2014-06-09,552.999329
GOOG_Low,2014-06-10,554.849121
GOOG_Low,2014-06-11,551.984863
GOOG_Low,2014-06-12,545.460754
GOOG_Low,2014-06-13,542.576599
GOOG_Low,2014-06-16,538.558716
GOOG_Low,2014-06-17,536.380676
GOOG_Low,2014-06-18,541.025146
GOOG_Low,2014-06-19,545.510498
GOOG_Low,2014-06-20,547.382202
GOOG_Low,2014-06-23,551.219116
GOOG_Low,2014-06-24,557.942139
GOOG_Low,2014-06-25,562.129089
GOOG_Low,2014-06-26,568.722839
GOOG_Low,2014-06-27,570.66217
GOOG_Low,2014-06-30,571.606995
GOOG_Low,2014-07-01,573.496582
GOOG_Low,2014-07-02,577.216125
GOOG_Low,2014-07-03,577.743286
GOOG_Low,2014-07-07,576.420532
GOOG_Low,2014-07-08,563.039124
GOOG_Low,2014-07-09,566.26239
GOOG_Low,2014-07-10,561.920288
GOOG_Low,2014-07-11,568.295227
GOOG_Low,2014-07-14,574.86908
GOOG_Low,2014-07-15,573.407104
GOOG_Low,2014-07-16,579.016235
GOOG_Low,2014-07-17,565.500549
GOOG_Low,2014-07-18,578.817322
GOOG_Low,2014-07-21,582.032654
GOOG_Low,2014-07-22,587.3703
GOOG_Low,2014-07-23,589.259949
GOOG_Low,2014-07-24,588.533936
GOOG_Low,2014-07-25,583.819824
GOOG_Low,2014-07-28,581.555298
GOOG_Low,2014-07-29,580.324097
GOOG_Low,2014-07-30,580.806396
GOOG_Low,2014-07-31,566.882996
GOOG_Low,2014-08-01,559.772095
GOOG_Low,2014-08-04,561.015259
GOOG_Low,2014-08-05,559.533386
GOOG_Low,2014-08-06,556.937683
GOOG_Low,2014-08-07,558.031616
GOOG_Low,2014-08-08,557.285767
GOOG_Low,2014-08-11,562.904846
GOOG_Low,2014-08-12,557.812866
GOOG_Low,2014-08-13,562.656189
GOOG_Low,2014-08-14,567.758179
GOOG_Low,2014-08-15,567.400146
GOOG_Low,2014-08-18,572.850159
GOOG_Low,2014-08-19,580.806396
GOOG_Low,2014-08-20,579.384216
GOOG_Low,2014-08-21,577.962036
GOOG_Low,2014-08-22,577.464783
GOOG_Low,2014-08-25,575.83374
GOOG_Low,2014-08-26,573.427002
GOOG_Low,2014-08-27,566.985413
GOOG_Low,2014-08-28,563.99884
GOOG_Low,2014-08-29,563.968018
GOOG_Low,2014-09-02,568.066467
GOOG_Low,2014-09-03,571.855652
GOOG_Low,2014-09-04,576.052551
GOOG_Low,2014-09-05,578.767639
GOOG_Low,2014-09-08,583.093811
GOOG_Low,2014-09-09,576.828308
GOOG_Low,2014-09-10,573.785034
GOOG_Low,2014-09-11,573.108765
GOOG_Low,2014-09-12,571.318604
GOOG_Low,2014-09-15,565.102783
GOOG_Low,2014-09-16,569.528442
GOOG_Low,2014-09-17,575.609985
GOOG_Low,2014-09-18,581.800964
GOOG_Low,2014-09-19,586.276367
GOOG_Low,2014-09-22,580.269348
GOOG_Low,2014-09-23,577.822815
GOOG_Low,2014-09-24,577.345459
GOOG_Low,2014-09-25,571.0401
GOOG_Low,2014-09-26,571.517517
GOOG_Low,2014-09-29,568.04657
GOOG_Low,2014-09-30,569.717407
GOOG_Low,2014-10-01,563.909302
GOOG_Low,2014-10-02,560.239502
GOOG_Low,2014-10-03,569.369324
GOOG_Low,2014-10-06,571.298706
GOOG_Low,2014-10-07,560.657227
GOOG_Low,2014-10-08,554.441406
GOOG_Low,2014-10-09,556.002808
GOOG_Low,2014-10-10,541.07489
GOOG_Low,2014-10-13,530.184753
GOOG_Low,2014-10-14,530.254395
GOOG_Low,2014-10-15,515.465698
GOOG_Low,2014-10-16,512.183716
GOOG_Low,2014-10-17,505.749115
GOOG_Low,2014-10-20,505.321472
GOOG_Low,2014-10-21,516.27124
GOOG_Low,2014-10-22,525.908264
GOOG_Low,2014-10-23,532.919739
GOOG_Low,2014-10-24,532.860046
GOOG_Low,2014-10-27,534.093262
GOOG_Low,2014-10-28,538.658142
GOOG_Low,2014-10-29,543.988831
GOOG_Low,2014-10-30,540.537842
GOOG_Low,2014-10-31,551.71637
GOOG_Low,2014-11-03,550.204651
GOOG_Low,2014-11-04,546.296143
GOOG_Low,2014-11-05,541.07489
GOOG_Low,2014-11-06,538.011719
GOOG_Low,2014-11-07,535.724304
GOOG_Low,2014-11-10,538.061462
GOOG_Low,2014-11-11,543.312561
GOOG_Low,2014-11-12,542.188782
GOOG_Low,2014-11-13,540.507996
GOOG_Low,2014-11-14,539.185242
GOOG_Low,2014-11-17,531.140503
GOOG_Low,2014-11-18,531.248901
GOOG_Low,2014-11-19,527.181274
GOOG_Low,2014-11-20,528.175781
GOOG_Low,2014-11-21,533.625854
GOOG_Low,2014-11-24,532.690979
GOOG_Low,2014-11-25,535.656677
GOOG_Low,2014-11-26,534.105225
GOOG_Low,2014-11-28,533.665649
GOOG_Low,2014-12-01,528.951538
GOOG_Low,2014-12-02,526.902832
GOOG_Low,2014-12-03,526.365784
GOOG_Low,2014-12-04,525.699402
GOOG_Low,2014-12-05,521.412964
GOOG_Low,2014-12-08,520.925659
GOOG_Low,2014-12-09,517.653687
GOOG_Low,2014-12-10,522.685974
GOOG_Low,2014-12-11,524.21759
GOOG_Low,2014-12-12,515.82373
GOOG_Low,2014-12-15,510.463196
GOOG_Low,2014-12-16,486.325928
GOOG_Low,2014-12-17,494.093201
GOOG_Low,2014-12-18,501.940063
GOOG_Low,2014-12-19,504.138977
GOOG_Low,2014-12-22,513.257813
GOOG_Low,2014-12-23,523.411987
GOOG_Low,2014-12-24,524.138
GOOG_Low,2014-12-26,524.426392
GOOG_Low,2014-12-29,527.112671
GOOG_Low,2014-12-30,524.247375
GOOG_Low,2014-12-31,522.924683
GOOG_Low,2015-01-02,521.231628
GOOG_Low,2015-01-05,510.252045
GOOG_Low,2015-01-06,498.3078
GOOG_Low,2015-01-07,496.915436
GOOG_Low,2015-01-08,488.312805
GOOG_Low,2015-01-09,492.082062
GOOG_Low,2015-01-12,484.891632
GOOG_Low,2015-01-13,489.69519
GOOG_Low,2015-01-14,490.301849
GOOG_Low,2015-01-15,495.035797
GOOG_Low,2015-01-16,497.263519
GOOG_Low,2015-01-20,503.246613
GOOG_Low,2015-01-21,503.429596
GOOG_Low,2015-01-22,516.855713
GOOG_Low,2015-01-23,530.082947
GOOG_Low,2015-01-26,526.771179
GOOG_Low,2015-01-27,515.354004
GOOG_Low,2015-01-28,507.208801
GOOG_Low,2015-01-29,498.45697
GOOG_Low,2015-01-30,512.698608
GOOG_Low,2015-02-02,515.712036
GOOG_Low,2015-02-03,520.39624
GOOG_Low,2015-02-04,518.417114
GOOG_Low,2015-02-05,519.232666
GOOG_Low,2015-02-06,523.528992
GOOG_Low,2015-02-09,523.141113
GOOG_Low,2015-02-10,524.036194
GOOG_Low,2015-02-11,530.458862
GOOG_Low,2015-02-12,531.746765
GOOG_Low,2015-02-13,540.157471
GOOG_Low,2015-02-17,538.128662
GOOG_Low,2015-02-18,534.568237
GOOG_Low,2015-02-19,535.067932
GOOG_Low,2015-02-20,532.867615
GOOG_Low,2015-02-23,526.512573
GOOG_Low,2015-02-24,525.358948
GOOG_Low,2015-02-25,532.514526
GOOG_Low,2015-02-26,538.536377
GOOG_Low,2015-02-27,549.874023
GOOG_Low,2015-03-02,555.692017
GOOG_Low,2015-03-03,563.419495
GOOG_Low,2015-03-04,564.901306
GOOG_Low,2015-03-05,570.27179
GOOG_Low,2015-03-06,563.658142
GOOG_Low,2015-03-09,560.450806
GOOG_Low,2015-03-10,551.694031
GOOG_Low,2015-03-11,547.666138
GOOG_Low,2015-03-12,547.447388
GOOG_Low,2015-03-13,541.241516
GOOG_Low,2015-03-16,543.01178
GOOG_Low,2015-03-17,545.000854
GOOG_Low,2015-03-18,544.006287
GOOG_Low,2015-03-19,553.101257
GOOG_Low,2015-03-20,555.990356
GOOG_Low,2015-03-23,552.787964
GOOG_Low,2015-03-24,558.13855
GOOG_Low,2015-03-25,555.682068
GOOG_Low,2015-03-26,547.636353
GOOG_Low,2015-03-27,545.130127
GOOG_Low,2015-03-30,545.169922
GOOG_Low,2015-03-31,543.727844
GOOG_Low,2015-04-01,536.547363
GOOG_Low,2015-04-02,530.925293
GOOG_Low,2015-04-06,526.671692
GOOG_Low,2015-04-07,533.066528
GOOG_Low,2015-04-08,535.433472
GOOG_Low,2015-04-09,532.559326
GOOG_Low,2015-04-10,534.369324
GOOG_Low,2015-04-13,534.369324
GOOG_Low,2015-04-14,525.201782
GOOG_Low,2015-04-15,520.358765
GOOG_Low,2015-04-16,526.711487
GOOG_Low,2015-04-17,518.158569
GOOG_Low,2015-04-20,521.629456
GOOG_Low,2015-04-21,530.756592
GOOG_Low,2015-04-22,528.839783
GOOG_Low,2015-04-23,537.273376
GOOG_Low,2015-04-24,554.200195
GOOG_Low,2015-04-27,553.200012
GOOG_Low,2015-04-28,550.366028
GOOG_Low,2015-04-29,546.905029
GOOG_Low,2015-04-30,535.049988
GOOG_Low,2015-05-01,532.099976
GOOG_Low,2015-05-04,535.059998
GOOG_Low,2015-05-05,530.390991
GOOG_Low,2015-05-06,521.085022
GOOG_Low,2015-05-07,521.75
GOOG_Low,2015-05-08,525
GOOG_Low,2015-05-11,535.400024
GOOG_Low,2015-05-12,525.26001
GOOG_Low,2015-05-13,528.655029
GOOG_Low,2015-05-14,532.409973
GOOG_Low,2015-05-15,530.380005
GOOG_Low,2015-05-18,528.849976
GOOG_Low,2015-05-19,533.039978
GOOG_Low,2015-05-20,532.971985
GOOG_Low,2015-05-21,535.97998
GOOG_Low,2015-05-22,539.51001
GOOG_Low,2015-05-26,529.880005
GOOG_Low,2015-05-27,531.710022
GOOG_Low,2015-05-28,536.25
GOOG_Low,2015-05-29,531.450012
GOOG_Low,2015-06-01,529.76001
GOOG_Low,2015-06-02,531.330017
GOOG_Low,2015-06-03,537.109985
GOOG_Low,2015-06-04,534.320007
GOOG_Low,2015-06-05,532.52002
GOOG_Low,2015-06-08,526.23999
GOOG_Low,2015-06-09,523.01001
GOOG_Low,2015-06-10,529.349976
GOOG_Low,2015-06-11,533.02002
GOOG_Low,2015-06-12,530.159973
GOOG_Low,2015-06-15,524
GOOG_Low,2015-06-16,525.559998
GOOG_Low,2015-06-17,525.099976
GOOG_Low,2015-06-18,530.789978
GOOG_Low,2015-06-19,533.01001
GOOG_Low,2015-06-22,537.530029
GOOG_Low,2015-06-23,535.25
GOOG_Low,2015-06-24,535.659973
GOOG_Low,2015-06-25,535.22998
GOOG_Low,2015-06-26,531.349976
GOOG_Low,2015-06-29,520.539978
GOOG_Low,2015-06-30,520.5
GOOG_Low,2015-07-01,518.22998
GOOG_Low,2015-07-02,521.080017
GOOG_Low,2015-07-06,519
GOOG_Low,2015-07-07,515.179993
GOOG_Low,2015-07-08,516.109985
GOOG_Low,2015-07-09,520.349976
GOOG_Low,2015-07-10,525.549988
GOOG_Low,2015-07-13,532.400024
GOOG_Low,2015-07-14,546.710022
GOOG_Low,2015-07-15,556.789978
GOOG_Low,2015-07-16,565
GOOG_Low,2015-07-17,645
GOOG_Low,2015-07-20,653.01001
GOOG_Low,2015-07-21,654.299988
GOOG_Low,2015-07-22,659
GOOG_Low,2015-07-23,641
GOOG_Low,2015-07-24,622.52002
GOOG_Low,2015-07-27,620.5
GOOG_Low,2015-07-28,623.309998
GOOG_Low,2015-07-29,622.650024
GOOG_Low,2015-07-30,622.049988
GOOG_Low,2015-07-31,625.5
GOOG_Low,2015-08-03,625.340027
GOOG_Low,2015-08-04,627.159973
GOOG_Low,2015-08-05,633.159973
GOOG_Low,2015-08-06,632.25
GOOG_Low,2015-08-07,629.710022
GOOG_Low,2015-08-10,631.249023
GOOG_Low,2015-08-11,654.27002
GOOG_Low,2015-08-12,652.289978
GOOG_Low,2015-08-13,651.661011
GOOG_Low,2015-08-14,652.659973
GOOG_Low,2015-08-17,651.23999
GOOG_Low,2015-08-18,653.460022
GOOG_Low,2015-08-19,654.190002
GOOG_Low,2015-08-20,642.900024
GOOG_Low,2015-08-21,612.330017
GOOG_Low,2015-08-24,565.049988
GOOG_Low,2015-08-25,581.109985
GOOG_Low,2015-08-26,599.049988
GOOG_Low,2015-08-27,622
GOOG_Low,2015-08-28,624.559998
GOOG_Low,2015-08-31,617.679993
GOOG_Low,2015-09-01,594.099976
GOOG_Low,2015-09-02,599.710022
GOOG_Low,2015-09-03,602.820984
GOOG_Low,2015-09-04,595.25
GOOG_Low,2015-09-08,604.119995
GOOG_Low,2015-09-09,609.599976
GOOG_Low,2015-09-10,611.429993
GOOG_Low,2015-09-11,617.419983
GOOG_Low,2015-09-14,619.429993
GOOG_Low,2015-09-15,623.780029
GOOG_Low,2015-09-16,632.320007
GOOG_Low,2015-09-17,635.02002
GOOG_Low,2015-09-18,627.02002
GOOG_Low,2015-09-21,625.940002
GOOG_Low,2015-09-22,615.429993
GOOG_Low,2015-09-23,620
GOOG_Low,2015-09-24,612.400024
GOOG_Low,2015-09-25,611
GOOG_Low,2015-09-28,589.380005
GOOG_Low,2015-09-29,590.219971
GOOG_Low,2015-09-30,600.72998
GOOG_Low,2015-10-01,599.849976
GOOG_Low,2015-10-02,603.130005
GOOG_Low,2015-10-05,627
GOOG_Low,2015-10-06,636.530029
GOOG_Low,2015-10-07,632.150024
GOOG_Low,2015-10-08,625.559998
GOOG_Low,2015-10-09,635.317993
GOOG_Low,2015-10-12,639.01001
GOOG_Low,2015-10-13,643.150024
GOOG_Low,2015-10-14,648.849976
GOOG_Low,2015-10-15,654.460022
GOOG_Low,2015-10-16,657.200012
GOOG_Low,2015-10-19,659.580017
GOOG_Low,2015-10-20,644.195007
GOOG_Low,2015-10-21,641.72998
GOOG_Low,2015-10-22,644.01001
GOOG_Low,2015-10-23,701.5
GOOG_Low,2015-10-26,701.26001
GOOG_Low,2015-10-27,704.549988
GOOG_Low,2015-10-28,703.080017
GOOG_Low,2015-10-29,710.01001
GOOG_Low,2015-10-30,710.049988
GOOG_Low,2015-11-02,705.849976
GOOG_Low,2015-11-03,714.719971
GOOG_Low,2015-11-04,721.900024
GOOG_Low,2015-11-05,729.469971
GOOG_Low,2015-11-06,727.01001
GOOG_Low,2015-11-09,719.429993
GOOG_Low,2015-11-10,718.5
GOOG_Low,2015-11-11,730.22998
GOOG_Low,2015-11-12,728.64502
GOOG_Low,2015-11-13,716.72998
GOOG_Low,2015-11-16,711.330017
GOOG_Low,2015-11-17,723.026978
GOOG_Low,2015-11-18,727
GOOG_Low,2015-11-19,737.429993
GOOG_Low,2015-11-20,743
GOOG_Low,2015-11-23,751.820007
GOOG_Low,2015-11-24,737.630005
GOOG_Low,2015-11-25,746.059998
GOOG_Low,2015-11-27,747.48999
GOOG_Low,2015-11-30,741.27002
GOOG_Low,2015-12-01,746.700012
GOOG_Low,2015-12-02,758.960022
GOOG_Low,2015-12-03,745.630005
GOOG_Low,2015-12-04,750
GOOG_Low,2015-12-07,755.090027
GOOG_Low,2015-12-08,754.200012
GOOG_Low,2015-12-09,737.000977
GOOG_Low,2015-12-10,743.830017
GOOG_Low,2015-12-11,736.75
GOOG_Low,2015-12-14,724.169983
GOOG_Low,2015-12-15,743.01001
GOOG_Low,2015-12-16,739.434998
GOOG_Low,2015-12-17,749
GOOG_Low,2015-12-18,738.150024
GOOG_Low,2015-12-21,740
GOOG_Low,2015-12-22,745.530029
GOOG_Low,2015-12-23,744
GOOG_Low,2015-12-24,746.619995
GOOG_Low,2015-12-28,749.52002
GOOG_Low,2015-12-29,766.429993
GOOG_Low,2015-12-30,766.900024
GOOG_Low,2015-12-31,758.340027
GOOG_Low,2016-01-04,731.257996
GOOG_Low,2016-01-05,738.640015
GOOG_Low,2016-01-06,728.919983
GOOG_Low,2016-01-07,719.059998
GOOG_Low,2016-01-08,713
GOOG_Low,2016-01-11,703.539978
GOOG_Low,2016-01-12,717.317017
GOOG_Low,2016-01-13,698.609985
GOOG_Low,2016-01-14,689.099976
GOOG_Low,2016-01-15,685.369995
GOOG_Low,2016-01-19,693.409973
GOOG_Low,2016-01-20,673.26001
GOOG_Low,2016-01-21,694.460022
GOOG_Low,2016-01-22,720.120972
GOOG_Low,2016-01-25,710.01001
GOOG_Low,2016-01-26,706.47998
GOOG_Low,2016-01-27,694.390015
GOOG_Low,2016-01-28,712.349976
GOOG_Low,2016-01-29,726.799988
GOOG_Low,2016-02-01,743.27002
GOOG_Low,2016-02-02,764.650024
GOOG_Low,2016-02-03,720.5
GOOG_Low,2016-02-04,701.859985
GOOG_Low,2016-02-05,680.150024
GOOG_Low,2016-02-08,663.059998
GOOG_Low,2016-02-09,668.77002
GOOG_Low,2016-02-10,682.130005
GOOG_Low,2016-02-11,668.867981
GOOG_Low,2016-02-12,678.599976
GOOG_Low,2016-02-16,685.049988
GOOG_Low,2016-02-17,691.380005
GOOG_Low,2016-02-18,696.030029
GOOG_Low,2016-02-19,694.049988
GOOG_Low,2016-02-22,702.51001
GOOG_Low,2016-02-23,693.580017
GOOG_Low,2016-02-24,680.780029
GOOG_Low,2016-02-25,690.585022
GOOG_Low,2016-02-26,700.859985
GOOG_Low,2016-02-29,697.679993
GOOG_Low,2016-03-01,699.77002
GOOG_Low,2016-03-02,712
GOOG_Low,2016-03-03,706.02002
GOOG_Low,2016-03-04,706.02002
GOOG_Low,2016-03-07,686.900024
GOOG_Low,2016-03-08,685.340027
GOOG_Low,2016-03-09,694
GOOG_Low,2016-03-10,703.359985
GOOG_Low,2016-03-11,717.125
GOOG_Low,2016-03-14,725.150024
GOOG_Low,2016-03-15,724.77002
GOOG_Low,2016-03-16,724.51001
GOOG_Low,2016-03-17,736
GOOG_Low,2016-03-18,731.830017
GOOG_Low,2016-03-21,733.515991
GOOG_Low,2016-03-22,737.460022
GOOG_Low,2016-03-23,736.150024
GOOG_Low,2016-03-24,731
GOOG_Low,2016-03-28,732.5
GOOG_Low,2016-03-29,728.76001
GOOG_Low,2016-03-30,748.73999
GOOG_Low,2016-03-31,740.940002
GOOG_Low,2016-04-01,737
GOOG_Low,2016-04-04,742.429993
GOOG_Low,2016-04-05,735.369995
GOOG_Low,2016-04-06,735.559998
GOOG_Low,2016-04-07,736.280029
GOOG_Low,2016-04-08,735.549988
GOOG_Low,2016-04-11,736.049988
GOOG_Low,2016-04-12,731.01001
GOOG_Low,2016-04-13,744.260986
GOOG_Low,2016-04-14,752.705017
GOOG_Low,2016-04-15,752.69397
GOOG_Low,2016-04-18,757.299988
GOOG_Low,2016-04-19,749.330017
GOOG_Low,2016-04-20,750.01001
GOOG_Low,2016-04-21,749.549988
GOOG_Low,2016-04-22,713.609985
GOOG_Low,2016-04-25,715.590027
GOOG_Low,2016-04-26,703.026001
GOOG_Low,2016-04-27,692.36499
GOOG_Low,2016-04-28,689.549988
GOOG_Low,2016-04-29,689
GOOG_Low,2016-05-02,691
GOOG_Low,2016-05-03,692
GOOG_Low,2016-05-04,689.01001
GOOG_Low,2016-05-05,695.719971
GOOG_Low,2016-05-06,698.106995
GOOG_Low,2016-05-09,710
GOOG_Low,2016-05-10,715.719971
GOOG_Low,2016-05-11,712.799988
GOOG_Low,2016-05-12,709
GOOG_Low,2016-05-13,709.26001
GOOG_Low,2016-05-16,705.650024
GOOG_Low,2016-05-17,704.109985
GOOG_Low,2016-05-18,700.630005
GOOG_Low,2016-05-19,696.799988
GOOG_Low,2016-05-20,700.52002
GOOG_Low,2016-05-23,704.179993
GOOG_Low,2016-05-24,706.859985
GOOG_Low,2016-05-25,719.705017
GOOG_Low,2016-05-26,720.280029
GOOG_Low,2016-05-27,724
GOOG_Low,2016-05-31,731.26001
GOOG_Low,2016-06-01,730.659973
GOOG_Low,2016-06-02,724.169983
GOOG_Low,2016-06-03,720.559998
GOOG_Low,2016-06-06,714.609985
GOOG_Low,2016-06-07,716.549988
GOOG_Low,2016-06-08,720.580017
GOOG_Low,2016-06-09,722.335999
GOOG_Low,2016-06-10,716.429993
GOOG_Low,2016-06-13,716.51001
GOOG_Low,2016-06-14,713.119995
GOOG_Low,2016-06-15,717.309998
GOOG_Low,2016-06-16,703.26001
GOOG_Low,2016-06-17,688.452026
GOOG_Low,2016-06-20,693.409973
GOOG_Low,2016-06-21,692.01001
GOOG_Low,2016-06-22,693.08197
GOOG_Low,2016-06-23,687
GOOG_Low,2016-06-24,673.450012
GOOG_Low,2016-06-27,663.283997
GOOG_Low,2016-06-28,673
GOOG_Low,2016-06-29,681.409973
GOOG_Low,2016-06-30,683.650024
GOOG_Low,2016-07-01,692.130005
GOOG_Low,2016-07-05,688.880005
GOOG_Low,2016-07-06,689.090027
GOOG_Low,2016-07-07,688.215027
GOOG_Low,2016-07-08,696.434998
GOOG_Low,2016-07-11,707.23999
GOOG_Low,2016-07-12,715.909973
GOOG_Low,2016-07-13,716.849976
GOOG_Low,2016-07-14,718.030029
GOOG_Low,2016-07-15,719.054993
GOOG_Low,2016-07-18,721.190002
GOOG_Low,2016-07-19,729
GOOG_Low,2016-07-20,737.099976
GOOG_Low,2016-07-21,735.830994
GOOG_Low,2016-07-22,736.559998
GOOG_Low,2016-07-25,737.5
GOOG_Low,2016-07-26,734.27002
GOOG_Low,2016-07-27,737
GOOG_Low,2016-07-28,739.299988
GOOG_Low,2016-07-29,766.77002
GOOG_Low,2016-08-01,761.090027
GOOG_Low,2016-08-02,767.849976
GOOG_Low,2016-08-03,766.820007
GOOG_Low,2016-08-04,768.794983
GOOG_Low,2016-08-05,772.340027
GOOG_Low,2016-08-08,778.091003
GOOG_Low,2016-08-09,780.570007
GOOG_Low,2016-08-10,782.778015
GOOG_Low,2016-08-11,782.969971
GOOG_Low,2016-08-12,780.400024
GOOG_Low,2016-08-15,780.109985
GOOG_Low,2016-08-16,773.44397
GOOG_Low,2016-08-17,773.530029
GOOG_Low,2016-08-18,777
GOOG_Low,2016-08-19,773.130005
GOOG_Low,2016-08-22,770.049988
GOOG_Low,2016-08-23,771.784973
GOOG_Low,2016-08-24,767.070007
GOOG_Low,2016-08-25,763.184998
GOOG_Low,2016-08-26,765.849976
GOOG_Low,2016-08-29,766.61499
GOOG_Low,2016-08-30,766.840027
GOOG_Low,2016-08-31,765.380005
GOOG_Low,2016-09-01,764.299988
GOOG_Low,2016-09-02,768.409973
GOOG_Low,2016-09-06,771
GOOG_Low,2016-09-07,776.200012
GOOG_Low,2016-09-08,773.580017
GOOG_Low,2016-09-09,759.659973
GOOG_Low,2016-09-12,754
GOOG_Low,2016-09-13,755.799988
GOOG_Low,2016-09-14,759.109985
GOOG_Low,2016-09-15,759.960022
GOOG_Low,2016-09-16,764.659973
GOOG_Low,2016-09-19,764.440979
GOOG_Low,2016-09-20,768.530029
GOOG_Low,2016-09-21,768.301025
GOOG_Low,2016-09-22,778.440002
GOOG_Low,2016-09-23,784.150024
GOOG_Low,2016-09-26,773.070007
GOOG_Low,2016-09-27,774.307983
GOOG_Low,2016-09-28,774.969971
GOOG_Low,2016-09-29,774.231995
GOOG_Low,2016-09-30,774.090027
GOOG_Low,2016-10-03,769.5
GOOG_Low,2016-10-04,772.890015
GOOG_Low,2016-10-05,775.650024
GOOG_Low,2016-10-06,775.539978
GOOG_Low,2016-10-07,770.75
GOOG_Low,2016-10-10,775.869995
GOOG_Low,2016-10-11,780.580017
GOOG_Low,2016-10-12,782.059998
GOOG_Low,2016-10-13,773
GOOG_Low,2016-10-14,776
GOOG_Low,2016-10-17,777.5
GOOG_Low,2016-10-18,785.565002
GOOG_Low,2016-10-19,798.030029
GOOG_Low,2016-10-20,796.030029
GOOG_Low,2016-10-21,794
GOOG_Low,2016-10-24,804.820007
GOOG_Low,2016-10-25,805.140015
GOOG_Low,2016-10-26,796.320007
GOOG_Low,2016-10-27,791.5
GOOG_Low,2016-10-28,793.590027
GOOG_Low,2016-10-31,784
GOOG_Low,2016-11-01,775.539978
GOOG_Low,2016-11-02,763.450012
GOOG_Low,2016-11-03,759.030029
GOOG_Low,2016-11-04,750.560974
GOOG_Low,2016-11-07,772.549988
GOOG_Low,2016-11-08,780.190002
GOOG_Low,2016-11-09,771.669983
GOOG_Low,2016-11-10,752.179993
GOOG_Low,2016-11-11,750.380005
GOOG_Low,2016-11-14,727.539978
GOOG_Low,2016-11-15,746.969971
GOOG_Low,2016-11-16,750.51001
GOOG_Low,2016-11-17,764.22998
GOOG_Low,2016-11-18,760
GOOG_Low,2016-11-21,760.599976
GOOG_Low,2016-11-22,767
GOOG_Low,2016-11-23,755.25
GOOG_Low,2016-11-25,760.52002
GOOG_Low,2016-11-28,759.799988
GOOG_Low,2016-11-29,768.23999
GOOG_Low,2016-11-30,754.830017
GOOG_Low,2016-12-01,737.025024
GOOG_Low,2016-12-02,743.099976
GOOG_Low,2016-12-05,752.900024
GOOG_Low,2016-12-06,757.340027
GOOG_Low,2016-12-07,755.799988
GOOG_Low,2016-12-08,767.22998
GOOG_Low,2016-12-09,779.020996
GOOG_Low,2016-12-12,784.35498
GOOG_Low,2016-12-13,793.340027
GOOG_Low,2016-12-14,794.01001
GOOG_Low,2016-12-15,792.919983
GOOG_Low,2016-12-16,790.289978
GOOG_Low,2016-12-19,786.27002
GOOG_Low,2016-12-20,793.27002
GOOG_Low,2016-12-21,787.099976
GOOG_Low,2016-12-22,788.580017
GOOG_Low,2016-12-23,787.280029
GOOG_Low,2016-12-27,787.656982
GOOG_Low,2016-12-28,783.200012
GOOG_Low,2016-12-29,778.919983
GOOG_Low,2016-12-30,770.409973
GOOG_Low,2017-01-03,775.799988
GOOG_Low,2017-01-04,783.159973
GOOG_Low,2017-01-05,785.02002
GOOG_Low,2017-01-06,792.203979
GOOG_Low,2017-01-09,802.830017
GOOG_Low,2017-01-10,803.51001
GOOG_Low,2017-01-11,801.369995
GOOG_Low,2017-01-12,799.169983
GOOG_Low,2017-01-13,806.690002
GOOG_Low,2017-01-17,800.369995
GOOG_Low,2017-01-18,800.98999
GOOG_Low,2017-01-19,801.799988
GOOG_Low,2017-01-20,801.690002
GOOG_Low,2017-01-23,803.73999
GOOG_Low,2017-01-24,817.820984
GOOG_Low,2017-01-25,825.059998
GOOG_Low,2017-01-26,827.01001
GOOG_Low,2017-01-27,820.440002
GOOG_Low,2017-01-30,799.799988
GOOG_Low,2017-01-31,790.52002
GOOG_Low,2017-02-01,791.190002
GOOG_Low,2017-02-02,792
GOOG_Low,2017-02-03,800.369995
GOOG_Low,2017-02-06,795.25
GOOG_Low,2017-02-07,801.780029
GOOG_Low,2017-02-08,803.190002
GOOG_Low,2017-02-09,804.539978
GOOG_Low,2017-02-10,809.780029
GOOG_Low,2017-02-13,815.48999
GOOG_Low,2017-02-14,816
GOOG_Low,2017-02-15,818.469971
GOOG_Low,2017-02-16,818.97998
GOOG_Low,2017-02-17,821.655029
GOOG_Low,2017-02-21,828.349976
GOOG_Low,2017-02-22,828.640015
GOOG_Low,2017-02-23,822.880005
GOOG_Low,2017-02-24,824.200012
GOOG_Low,2017-02-27,824
GOOG_Low,2017-02-28,820.200012
GOOG_Low,2017-03-01,827.26001
GOOG_Low,2017-03-02,829.640015
GOOG_Low,2017-03-03,825.750977
GOOG_Low,2017-03-06,822.400024
GOOG_Low,2017-03-07,826.52002
GOOG_Low,2017-03-08,831.789978
GOOG_Low,2017-03-09,834.210022
GOOG_Low,2017-03-10,839.5
GOOG_Low,2017-03-13,843.25
GOOG_Low,2017-03-14,840.799988
GOOG_Low,2017-03-15,840.77002
GOOG_Low,2017-03-16,846.130005
GOOG_Low,2017-03-17,847.109985
GOOG_Low,2017-03-20,845.150024
GOOG_Low,2017-03-21,829.02002
GOOG_Low,2017-03-22,827.179993
GOOG_Low,2017-03-23,812.257019
GOOG_Low,2017-03-24,808.890015
GOOG_Low,2017-03-27,803.369995
GOOG_Low,2017-03-28,814.026978
GOOG_Low,2017-03-29,822.380005
GOOG_Low,2017-03-30,829
GOOG_Low,2017-03-31,827.390015
GOOG_Low,2017-04-03,829.219971
GOOG_Low,2017-04-04,829.036011
GOOG_Low,2017-04-05,830.719971
GOOG_Low,2017-04-06,826.460022
GOOG_Low,2017-04-07,820.513
GOOG_Low,2017-04-10,823.77002
GOOG_Low,2017-04-11,817.02002
GOOG_Low,2017-04-12,821.02002
GOOG_Low,2017-04-13,821.440002
GOOG_Low,2017-04-17,824.469971
GOOG_Low,2017-04-18,832.710022
GOOG_Low,2017-04-19,836.289978
GOOG_Low,2017-04-20,839.320007
GOOG_Low,2017-04-21,840.599976
GOOG_Low,2017-04-24,849.859985
GOOG_Low,2017-04-25,862.809998
GOOG_Low,2017-04-26,867.747986
GOOG_Low,2017-04-27,870.380005
GOOG_Low,2017-04-28,905.77002
GOOG_Low,2017-05-01,901.450012
GOOG_Low,2017-05-02,909.453003
GOOG_Low,2017-05-03,912.54303
GOOG_Low,2017-05-04,924.590027
GOOG_Low,2017-05-05,925.200012
GOOG_Low,2017-05-08,925.26001
GOOG_Low,2017-05-09,929.530029
GOOG_Low,2017-05-10,925.159973
GOOG_Low,2017-05-11,923.030029
GOOG_Low,2017-05-12,927.849976
GOOG_Low,2017-05-15,929.340027
GOOG_Low,2017-05-16,937.580017
GOOG_Low,2017-05-17,918.140015
GOOG_Low,2017-05-18,918.75
GOOG_Low,2017-05-19,931
GOOG_Low,2017-05-22,935
GOOG_Low,2017-05-23,942.575012
GOOG_Low,2017-05-24,949.5
GOOG_Low,2017-05-25,955.469971
GOOG_Low,2017-05-26,965.030029
GOOG_Low,2017-05-30,969.48999
GOOG_Low,2017-05-31,960.179993
GOOG_Low,2017-06-01,960.01001
GOOG_Low,2017-06-02,966
GOOG_Low,2017-06-05,975.099976
GOOG_Low,2017-06-06,975.140015
GOOG_Low,2017-06-07,975.940002
GOOG_Low,2017-06-08,977.200012
GOOG_Low,2017-06-09,935.630005
GOOG_Low,2017-06-12,915.232971
GOOG_Low,2017-06-13,944.090027
GOOG_Low,2017-06-14,942.25
GOOG_Low,2017-06-15,924.440002
GOOG_Low,2017-06-16,931.594971
GOOG_Low,2017-06-19,949.049988
GOOG_Low,2017-06-20,950.01001
GOOG_Low,2017-06-21,950.76001
GOOG_Low,2017-06-22,954.549988
GOOG_Low,2017-06-23,954.200012
GOOG_Low,2017-06-26,950.789978
GOOG_Low,2017-06-27,926.849976
GOOG_Low,2017-06-28,916
GOOG_Low,2017-06-29,910.619995
GOOG_Low,2017-06-30,908.309998
GOOG_Low,2017-07-03,894.789978
GOOG_Low,2017-07-05,898.5
GOOG_Low,2017-07-06,899.700012
GOOG_Low,2017-07-07,908.849976
GOOG_Low,2017-07-10,919.590027
GOOG_Low,2017-07-11,922
GOOG_Low,2017-07-12,934.469971
GOOG_Low,2017-07-13,943.01001
GOOG_Low,2017-07-14,948.005005
GOOG_Low,2017-07-17,949.241028
GOOG_Low,2017-07-18,950.599976
GOOG_Low,2017-07-19,964.030029
GOOG_Low,2017-07-20,961.51001
GOOG_Low,2017-07-21,960.150024
GOOG_Low,2017-07-24,970.77002
GOOG_Low,2017-07-25,945.400024
GOOG_Low,2017-07-26,942.278992
GOOG_Low,2017-07-27,920
GOOG_Low,2017-07-28,927.5
GOOG_Low,2017-07-31,926.039978
GOOG_Low,2017-08-01,929.26001
GOOG_Low,2017-08-02,916.679993
GOOG_Low,2017-08-03,922.23999
GOOG_Low,2017-08-04,923.030029
GOOG_Low,2017-08-07,926.5
GOOG_Low,2017-08-08,925.609985
GOOG_Low,2017-08-09,917.25
GOOG_Low,2017-08-10,906.130005
GOOG_Low,2017-08-11,905.580017
GOOG_Low,2017-08-14,918.190002
GOOG_Low,2017-08-15,919.820007
GOOG_Low,2017-08-16,923.445007
GOOG_Low,2017-08-17,910.97998
GOOG_Low,2017-08-18,907.153992
GOOG_Low,2017-08-21,903.400024
GOOG_Low,2017-08-22,911.474976
GOOG_Low,2017-08-23,919.359985
GOOG_Low,2017-08-24,915.5
GOOG_Low,2017-08-25,915.5
GOOG_Low,2017-08-28,911.869995
GOOG_Low,2017-08-29,905
GOOG_Low,2017-08-30,919.650024
GOOG_Low,2017-08-31,931.76001
GOOG_Low,2017-09-01,935.150024
GOOG_Low,2017-09-05,921.960022
GOOG_Low,2017-09-06,919.27002
GOOG_Low,2017-09-07,923.619995
GOOG_Low,2017-09-08,924.880005
GOOG_Low,2017-09-11,926.919983
GOOG_Low,2017-09-12,923.861023
GOOG_Low,2017-09-13,929.859985
GOOG_Low,2017-09-14,924
GOOG_Low,2017-09-15,916.359985
GOOG_Low,2017-09-18,910.599976
GOOG_Low,2017-09-19,912.549988
GOOG_Low,2017-09-20,922
GOOG_Low,2017-09-21,923.830017
GOOG_Low,2017-09-22,926.47998
GOOG_Low,2017-09-25,909.700012
GOOG_Low,2017-09-26,921.140015
GOOG_Low,2017-09-27,927.73999
GOOG_Low,2017-09-28,940.549988
GOOG_Low,2017-09-29,951.51001
GOOG_Low,2017-10-02,947.840027
GOOG_Low,2017-10-03,949.140015
GOOG_Low,2017-10-04,950.690002
GOOG_Low,2017-10-05,955.179993
GOOG_Low,2017-10-06,963.359985
GOOG_Low,2017-10-09,976.109985
GOOG_Low,2017-10-10,966.080017
GOOG_Low,2017-10-11,972.25
GOOG_Low,2017-10-12,985
GOOG_Low,2017-10-13,989
GOOG_Low,2017-10-16,984
GOOG_Low,2017-10-17,988.590027
GOOG_Low,2017-10-18,986.974976
GOOG_Low,2017-10-19,978.390015
GOOG_Low,2017-10-20,984.580017
GOOG_Low,2017-10-23,966.119995
GOOG_Low,2017-10-24,961
GOOG_Low,2017-10-25,960.52002
GOOG_Low,2017-10-26,972.200012
GOOG_Low,2017-10-27,1008.200012
GOOG_Low,2017-10-30,1007.5
GOOG_Low,2017-10-31,1010.419983
GOOG_Low,2017-11-01,1016.950012
GOOG_Low,2017-11-02,1013.01001
GOOG_Low,2017-11-03,1020.309998
GOOG_Low,2017-11-06,1025
GOOG_Low,2017-11-07,1025.130005
GOOG_Low,2017-11-08,1028.449951
GOOG_Low,2017-11-09,1019.666016
GOOG_Low,2017-11-10,1025.280029
GOOG_Low,2017-11-13,1022.570007
GOOG_Low,2017-11-14,1014.150024
GOOG_Low,2017-11-15,1015.419983
GOOG_Low,2017-11-16,1022.52002
GOOG_Low,2017-11-17,1017.75
GOOG_Low,2017-11-20,1017.5
GOOG_Low,2017-11-21,1022.655029
GOOG_Low,2017-11-22,1031.430054
GOOG_Low,2017-11-24,1035
GOOG_Low,2017-11-27,1038.439941
GOOG_Low,2017-11-28,1040
GOOG_Low,2017-11-29,1015.650024
GOOG_Low,2017-11-30,1015
GOOG_Low,2017-12-01,1002.02002
GOOG_Low,2017-12-04,995.570007
GOOG_Low,2017-12-05,988.280029
GOOG_Low,2017-12-06,1001.140015
GOOG_Low,2017-12-07,1018.070984
GOOG_Low,2017-12-08,1032.521973
GOOG_Low,2017-12-11,1032.050049
GOOG_Low,2017-12-12,1033.689941
GOOG_Low,2017-12-13,1038.380005
GOOG_Low,2017-12-14,1043.109985
GOOG_Low,2017-12-15,1049.5
GOOG_Low,2017-12-18,1062
GOOG_Low,2017-12-19,1063.550049
GOOG_Low,2017-12-20,1061.52002
GOOG_Low,2017-12-21,1061.793945
GOOG_Low,2017-12-22,1059.439941
GOOG_Low,2017-12-26,1050.199951
GOOG_Low,2017-12-27,1048.050049
GOOG_Low,2017-12-28,1044.77002
GOOG_Low,2017-12-29,1044.900024
GOOG_Low,2018-01-02,1045.22998
GOOG_Low,2018-01-03,1063.209961
GOOG_Low,2018-01-04,1084.001953
GOOG_Low,2018-01-05,1092
GOOG_Low,2018-01-08,1101.619995
GOOG_Low,2018-01-09,1101.230957
GOOG_Low,2018-01-10,1096.109985
GOOG_Low,2018-01-11,1099.589966
GOOG_Low,2018-01-12,1101.150024
GOOG_Low,2018-01-16,1117.832031
GOOG_Low,2018-01-17,1117.01001
GOOG_Low,2018-01-18,1117.5
GOOG_Low,2018-01-19,1128.300049
GOOG_Low,2018-01-22,1135.109985
GOOG_Low,2018-01-23,1158.75
GOOG_Low,2018-01-24,1161.050049
GOOG_Low,2018-01-25,1162.76001
GOOG_Low,2018-01-26,1158.109985
GOOG_Low,2018-01-29,1171.97998
GOOG_Low,2018-01-30,1163.52002
GOOG_Low,2018-01-31,1159.130005
GOOG_Low,2018-02-01,1157.52002
GOOG_Low,2018-02-02,1107.277954
GOOG_Low,2018-02-05,1052.030029
GOOG_Low,2018-02-06,1023.137024
GOOG_Low,2018-02-07,1048.26001
GOOG_Low,2018-02-08,1000.659973
GOOG_Low,2018-02-09,992.559998
GOOG_Low,2018-02-12,1040.927979
GOOG_Low,2018-02-13,1044.087036
GOOG_Low,2018-02-14,1046.75
GOOG_Low,2018-02-15,1064.339966
GOOG_Low,2018-02-16,1088.312988
GOOG_Low,2018-02-20,1088.52002
GOOG_Low,2018-02-21,1106.329956
GOOG_Low,2018-02-22,1102.589966
GOOG_Low,2018-02-23,1104.713989
GOOG_Low,2018-02-26,1126.694946
GOOG_Low,2018-02-27,1118
GOOG_Low,2018-02-28,1103.23999
GOOG_Low,2018-03-01,1067.000977
GOOG_Low,2018-03-02,1048.11499
GOOG_Low,2018-03-05,1069
GOOG_Low,2018-03-06,1089.775024
GOOG_Low,2018-03-07,1085.482056
GOOG_Low,2018-03-08,1112.800049
GOOG_Low,2018-03-09,1132.46106
GOOG_Low,2018-03-12,1157.420044
GOOG_Low,2018-03-13,1133.329956
GOOG_Low,2018-03-14,1141.439941
GOOG_Low,2018-03-15,1134.540039
GOOG_Low,2018-03-16,1131.959961
GOOG_Low,2018-03-19,1089.01001
GOOG_Low,2018-03-20,1083.459961
GOOG_Low,2018-03-21,1085.150024
GOOG_Low,2018-03-22,1045.910034
GOOG_Low,2018-03-23,1021.219971
GOOG_Low,2018-03-26,1008.400024
GOOG_Low,2018-03-27,996.919983
GOOG_Low,2018-03-28,980.640015
GOOG_Low,2018-03-29,1002.900024
GOOG_Low,2018-04-02,990.369995
GOOG_Low,2018-04-03,994.070007
GOOG_Low,2018-04-04,993
GOOG_Low,2018-04-05,1020.130981
GOOG_Low,2018-04-06,1003.030029
GOOG_Low,2018-04-09,1014.080017
GOOG_Low,2018-04-10,1011.340027
GOOG_Low,2018-04-11,1015.869995
GOOG_Low,2018-04-12,1021.434998
GOOG_Low,2018-04-13,1022.97998
GOOG_Low,2018-04-16,1026.73999
GOOG_Low,2018-04-17,1048.26001
GOOG_Low,2018-04-18,1066.224976
GOOG_Low,2018-04-19,1068.180054
GOOG_Low,2018-04-20,1069.569946
GOOG_Low,2018-04-23,1060.699951
GOOG_Low,2018-04-24,1010.590027
GOOG_Low,2018-04-25,1015.309998
GOOG_Low,2018-04-26,1018.190002
GOOG_Low,2018-04-27,1025.589966
GOOG_Low,2018-04-30,1016.849976
GOOG_Low,2018-05-01,1008.210022
GOOG_Low,2018-05-02,1022.869995
GOOG_Low,2018-05-03,1006.289978
GOOG_Low,2018-05-04,1016.900024
GOOG_Low,2018-05-07,1047.099976
GOOG_Low,2018-05-08,1047.14502
GOOG_Low,2018-05-09,1056.36499
GOOG_Low,2018-05-10,1085.640015
GOOG_Low,2018-05-11,1090.910034
GOOG_Low,2018-05-14,1099.109985
GOOG_Low,2018-05-15,1073.469971
GOOG_Low,2018-05-16,1076.26001
GOOG_Low,2018-05-17,1073.5
GOOG_Low,2018-05-18,1060.680054
GOOG_Low,2018-05-21,1073.650024
GOOG_Low,2018-05-22,1066.689941
GOOG_Low,2018-05-23,1061.709961
GOOG_Low,2018-05-24,1066.150024
GOOG_Low,2018-05-25,1073.775024
GOOG_Low,2018-05-29,1055.219971
GOOG_Low,2018-05-30,1056.829956
GOOG_Low,2018-05-31,1067.560059
GOOG_Low,2018-06-01,1098.5
GOOG_Low,2018-06-04,1122.005005
GOOG_Low,2018-06-05,1133.189941
GOOG_Low,2018-06-06,1125.743042
GOOG_Low,2018-06-07,1116.52002
GOOG_Low,2018-06-08,1112.150024
GOOG_Low,2018-06-11,1118.599976
GOOG_Low,2018-06-12,1130.734985
GOOG_Low,2018-06-13,1133.380005
GOOG_Low,2018-06-14,1140.640015
GOOG_Low,2018-06-15,1143.484985
GOOG_Low,2018-06-18,1143.589966
GOOG_Low,2018-06-19,1154.01001
GOOG_Low,2018-06-20,1169.160034
GOOG_Low,2018-06-21,1152.232056
GOOG_Low,2018-06-22,1147.26001
GOOG_Low,2018-06-25,1112.780029
GOOG_Low,2018-06-26,1116.659058
GOOG_Low,2018-06-27,1103.619995
GOOG_Low,2018-06-28,1096.01001
GOOG_Low,2018-06-29,1115
GOOG_Low,2018-07-02,1093.800049
GOOG_Low,2018-07-03,1100.02002
GOOG_Low,2018-07-05,1108.47998
GOOG_Low,2018-07-06,1120.737061
GOOG_Low,2018-07-09,1143.420044
GOOG_Low,2018-07-10,1149.589966
GOOG_Low,2018-07-11,1141
GOOG_Low,2018-07-12,1155.935059
GOOG_Low,2018-07-13,1180
GOOG_Low,2018-07-16,1179.280029
GOOG_Low,2018-07-17,1170.599976
GOOG_Low,2018-07-18,1190.339966
GOOG_Low,2018-07-19,1183.319946
GOOG_Low,2018-07-20,1184.219971
GOOG_Low,2018-07-23,1181
GOOG_Low,2018-07-24,1235.560059
GOOG_Low,2018-07-25,1239.130005
GOOG_Low,2018-07-26,1249.02002
GOOG_Low,2018-07-27,1231
GOOG_Low,2018-07-30,1211.469971
GOOG_Low,2018-07-31,1205.599976
GOOG_Low,2018-08-01,1210.209961
GOOG_Low,2018-08-02,1204.790039
GOOG_Low,2018-08-03,1215.060059
GOOG_Low,2018-08-06,1215.796997
GOOG_Low,2018-08-07,1236.170044
GOOG_Low,2018-08-08,1238.008057
GOOG_Low,2018-08-09,1246.01001
GOOG_Low,2018-08-10,1232
GOOG_Low,2018-08-13,1233.640991
GOOG_Low,2018-08-14,1225.109985
GOOG_Low,2018-08-15,1209.51001
GOOG_Low,2018-08-16,1202.550049
GOOG_Low,2018-08-17,1188.23999
GOOG_Low,2018-08-20,1194.625977
GOOG_Low,2018-08-21,1200.354004
GOOG_Low,2018-08-22,1199
GOOG_Low,2018-08-23,1204.23999
GOOG_Low,2018-08-24,1206.359009
GOOG_Low,2018-08-27,1225.715942
GOOG_Low,2018-08-28,1228.689941
GOOG_Low,2018-08-29,1236.359009
GOOG_Low,2018-08-30,1232.589966
GOOG_Low,2018-08-31,1211.285034
GOOG_Low,2018-09-04,1192.5
GOOG_Low,2018-09-05,1162
GOOG_Low,2018-09-06,1152
GOOG_Low,2018-09-07,1157.214966
GOOG_Low,2018-09-10,1160.109985
GOOG_Low,2018-09-11,1156.23999
GOOG_Low,2018-09-12,1158.359985
GOOG_Low,2018-09-13,1162.849976
GOOG_Low,2018-09-14,1168.329956
GOOG_Low,2018-09-17,1154.030029
GOOG_Low,2018-09-18,1157.089966
GOOG_Low,2018-09-19,1154.579956
GOOG_Low,2018-09-20,1173.359985
GOOG_Low,2018-09-21,1166.040039
GOOG_Low,2018-09-24,1146.910034
GOOG_Low,2018-09-25,1168
GOOG_Low,2018-09-26,1174.765015
GOOG_Low,2018-09-27,1183.630005
GOOG_Low,2018-09-28,1184.5
GOOG_Low,2018-10-01,1190.300049
GOOG_Low,2018-10-02,1186.630005
GOOG_Low,2018-10-03,1193.829956
GOOG_Low,2018-10-04,1155.57605
GOOG_Low,2018-10-05,1145.119995
GOOG_Low,2018-10-08,1127.364014
GOOG_Low,2018-10-09,1137.572021
GOOG_Low,2018-10-10,1081.130005
GOOG_Low,2018-10-11,1068.27002
GOOG_Low,2018-10-12,1086.401978
GOOG_Low,2018-10-15,1089
GOOG_Low,2018-10-16,1102.5
GOOG_Low,2018-10-17,1102.189941
GOOG_Low,2018-10-18,1077.089966
GOOG_Low,2018-10-19,1087.75
GOOG_Low,2018-10-22,1091
GOOG_Low,2018-10-23,1070
GOOG_Low,2018-10-24,1048.73999
GOOG_Low,2018-10-25,1069.550049
GOOG_Low,2018-10-26,1034.089966
GOOG_Low,2018-10-29,995.830017
GOOG_Low,2018-10-30,1000.75
GOOG_Low,2018-10-31,1057
GOOG_Low,2018-11-01,1062.459961
GOOG_Low,2018-11-02,1054.609985
GOOG_Low,2018-11-05,1021.23999
GOOG_Low,2018-11-06,1038.069946
GOOG_Low,2018-11-07,1065.900024
GOOG_Low,2018-11-08,1072.204956
GOOG_Low,2018-11-09,1053.109985
GOOG_Low,2018-11-12,1031
GOOG_Low,2018-11-13,1031.150024
GOOG_Low,2018-11-14,1031
GOOG_Low,2018-11-15,1031.780029
GOOG_Low,2018-11-16,1048.97998
GOOG_Low,2018-11-19,1016.26001
GOOG_Low,2018-11-20,996.02002
GOOG_Low,2018-11-21,1033.469971
GOOG_Low,2018-11-23,1022.398987
GOOG_Low,2018-11-26,1033.910034
GOOG_Low,2018-11-27,1038.48999
GOOG_Low,2018-11-28,1035.76001
GOOG_Low,2018-11-29,1076
GOOG_Low,2018-11-30,1077.880005
GOOG_Low,2018-12-03,1103.665039
GOOG_Low,2018-12-04,1049.97998
GOOG_Low,2018-12-06,1030.77002
GOOG_Low,2018-12-07,1028.5
GOOG_Low,2018-12-10,1023.289978
GOOG_Low,2018-12-11,1039.839966
GOOG_Low,2018-12-12,1062.790039
GOOG_Low,2018-12-13,1053.930054
GOOG_Low,2018-12-14,1040.790039
GOOG_Low,2018-12-17,1007.900024
GOOG_Low,2018-12-18,1021.440002
GOOG_Low,2018-12-19,1008.049988
GOOG_Low,2018-12-20,996.359985
GOOG_Low,2018-12-21,973.690002
GOOG_Low,2018-12-24,970.109985
GOOG_Low,2018-12-26,983
GOOG_Low,2018-12-27,997
GOOG_Low,2018-12-28,1033.099976
GOOG_Low,2018-12-31,1023.590027
AAPL_Close,2014-01-02,79.01857
AAPL_Close,2014-01-03,77.28286
AAPL_Close,2014-01-06,77.704285
AAPL_Close,2014-01-07,77.148575
AAPL_Close,2014-01-08,77.637146
AAPL_Close,2014-01-09,76.645714
AAPL_Close,2014-01-10,76.134285
AAPL_Close,2014-01-13,76.53286
AAPL_Close,2014-01-14,78.055717
AAPL_Close,2014-01-15,79.622856
AAPL_Close,2014-01-16,79.178574
AAPL_Close,2014-01-17,77.238571
AAPL_Close,2014-01-21,78.438568
AAPL_Close,2014-01-22,78.78714
AAPL_Close,2014-01-23,79.454285
AAPL_Close,2014-01-24,78.010002
AAPL_Close,2014-01-27,78.64286
AAPL_Close,2014-01-28,72.35714
AAPL_Close,2014-01-29,71.535713
AAPL_Close,2014-01-30,71.397141
AAPL_Close,2014-01-31,71.514282
AAPL_Close,2014-02-03,71.647141
AAPL_Close,2014-02-04,72.684288
AAPL_Close,2014-02-05,73.227142
AAPL_Close,2014-02-06,73.215714
AAPL_Close,2014-02-07,74.239998
AAPL_Close,2014-02-10,75.57
AAPL_Close,2014-02-11,76.565712
AAPL_Close,2014-02-12,76.559998
AAPL_Close,2014-02-13,77.775711
AAPL_Close,2014-02-14,77.71286
AAPL_Close,2014-02-18,77.998573
AAPL_Close,2014-02-19,76.767143
AAPL_Close,2014-02-20,75.878571
AAPL_Close,2014-02-21,75.035713
AAPL_Close,2014-02-24,75.364288
AAPL_Close,2014-02-25,74.580002
AAPL_Close,2014-02-26,73.907143
AAPL_Close,2014-02-27,75.381432
AAPL_Close,2014-02-28,75.177139
AAPL_Close,2014-03-03,75.394287
AAPL_Close,2014-03-04,75.891426
AAPL_Close,2014-03-05,76.05143
AAPL_Close,2014-03-06,75.821426
AAPL_Close,2014-03-07,75.777145
AAPL_Close,2014-03-10,75.845711
AAPL_Close,2014-03-11,76.584282
AAPL_Close,2014-03-12,76.658569
AAPL_Close,2014-03-13,75.807144
AAPL_Close,2014-03-14,74.955711
AAPL_Close,2014-03-17,75.248573
AAPL_Close,2014-03-18,75.914284
AAPL_Close,2014-03-19,75.894287
AAPL_Close,2014-03-20,75.528572
AAPL_Close,2014-03-21,76.124283
AAPL_Close,2014-03-24,77.027145
AAPL_Close,2014-03-25,77.855713
AAPL_Close,2014-03-26,77.111427
AAPL_Close,2014-03-27,76.779999
AAPL_Close,2014-03-28,76.694283
AAPL_Close,2014-03-31,76.677139
AAPL_Close,2014-04-01,77.378571
AAPL_Close,2014-04-02,77.507141
AAPL_Close,2014-04-03,76.970001
AAPL_Close,2014-04-04,75.974289
AAPL_Close,2014-04-07,74.781425
AAPL_Close,2014-04-08,74.777145
AAPL_Close,2014-04-09,75.760002
AAPL_Close,2014-04-10,74.78286
AAPL_Close,2014-04-11,74.230003
AAPL_Close,2014-04-14,74.525711
AAPL_Close,2014-04-15,73.994286
AAPL_Close,2014-04-16,74.144287
AAPL_Close,2014-04-17,74.991432
AAPL_Close,2014-04-21,75.881432
AAPL_Close,2014-04-22,75.957146
AAPL_Close,2014-04-23,74.964287
AAPL_Close,2014-04-24,81.110001
AAPL_Close,2014-04-25,81.705711
AAPL_Close,2014-04-28,84.870003
AAPL_Close,2014-04-29,84.618568
AAPL_Close,2014-04-30,84.298569
AAPL_Close,2014-05-01,84.497147
AAPL_Close,2014-05-02,84.654289
AAPL_Close,2014-05-05,85.851425
AAPL_Close,2014-05-06,84.915718
AAPL_Close,2014-05-07,84.618568
AAPL_Close,2014-05-08,83.998573
AAPL_Close,2014-05-09,83.648575
AAPL_Close,2014-05-12,84.690002
AAPL_Close,2014-05-13,84.822861
AAPL_Close,2014-05-14,84.83857
AAPL_Close,2014-05-15,84.117142
AAPL_Close,2014-05-16,85.358574
AAPL_Close,2014-05-19,86.370003
AAPL_Close,2014-05-20,86.387146
AAPL_Close,2014-05-21,86.615715
AAPL_Close,2014-05-22,86.752853
AAPL_Close,2014-05-23,87.732857
AAPL_Close,2014-05-27,89.375717
AAPL_Close,2014-05-28,89.144287
AAPL_Close,2014-05-29,90.76857
AAPL_Close,2014-05-30,90.428574
AAPL_Close,2014-06-02,89.807144
AAPL_Close,2014-06-03,91.077141
AAPL_Close,2014-06-04,92.117142
AAPL_Close,2014-06-05,92.478569
AAPL_Close,2014-06-06,92.224289
AAPL_Close,2014-06-09,93.699997
AAPL_Close,2014-06-10,94.25
AAPL_Close,2014-06-11,93.860001
AAPL_Close,2014-06-12,92.290001
AAPL_Close,2014-06-13,91.279999
AAPL_Close,2014-06-16,92.199997
AAPL_Close,2014-06-17,92.080002
AAPL_Close,2014-06-18,92.18
AAPL_Close,2014-06-19,91.860001
AAPL_Close,2014-06-20,90.910004
AAPL_Close,2014-06-23,90.830002
AAPL_Close,2014-06-24,90.279999
AAPL_Close,2014-06-25,90.360001
AAPL_Close,2014-06-26,90.900002
AAPL_Close,2014-06-27,91.980003
AAPL_Close,2014-06-30,92.93
AAPL_Close,2014-07-01,93.519997
AAPL_Close,2014-07-02,93.480003
AAPL_Close,2014-07-03,94.029999
AAPL_Close,2014-07-07,95.970001
AAPL_Close,2014-07-08,95.349998
AAPL_Close,2014-07-09,95.389999
AAPL_Close,2014-07-10,95.040001
AAPL_Close,2014-07-11,95.220001
AAPL_Close,2014-07-14,96.449997
AAPL_Close,2014-07-15,95.32
AAPL_Close,2014-07-16,94.779999
AAPL_Close,2014-07-17,93.089996
AAPL_Close,2014-07-18,94.43
AAPL_Close,2014-07-21,93.940002
AAPL_Close,2014-07-22,94.720001
AAPL_Close,2014-07-23,97.190002
AAPL_Close,2014-07-24,97.029999
AAPL_Close,2014-07-25,97.669998
AAPL_Close,2014-07-28,99.019997
AAPL_Close,2014-07-29,98.379997
AAPL_Close,2014-07-30,98.150002
AAPL_Close,2014-07-31,95.599998
AAPL_Close,2014-08-01,96.129997
AAPL_Close,2014-08-04,95.589996
AAPL_Close,2014-08-05,95.120003
AAPL_Close,2014-08-06,94.959999
AAPL_Close,2014-08-07,94.480003
AAPL_Close,2014-08-08,94.739998
AAPL_Close,2014-08-11,95.989998
AAPL_Close,2014-08-12,95.970001
AAPL_Close,2014-08-13,97.239998
AAPL_Close,2014-08-14,97.5
AAPL_Close,2014-08-15,97.980003
AAPL_Close,2014-08-18,99.160004
AAPL_Close,2014-08-19,100.529999
AAPL_Close,2014-08-20,100.57
AAPL_Close,2014-08-21,100.580002
AAPL_Close,2014-08-22,101.32
AAPL_Close,2014-08-25,101.540001
AAPL_Close,2014-08-26,100.889999
AAPL_Close,2014-08-27,102.129997
AAPL_Close,2014-08-28,102.25
AAPL_Close,2014-08-29,102.5
AAPL_Close,2014-09-02,103.300003
AAPL_Close,2014-09-03,98.940002
AAPL_Close,2014-09-04,98.120003
AAPL_Close,2014-09-05,98.970001
AAPL_Close,2014-09-08,98.360001
AAPL_Close,2014-09-09,97.989998
AAPL_Close,2014-09-10,101
AAPL_Close,2014-09-11,101.43
AAPL_Close,2014-09-12,101.660004
AAPL_Close,2014-09-15,101.629997
AAPL_Close,2014-09-16,100.860001
AAPL_Close,2014-09-17,101.580002
AAPL_Close,2014-09-18,101.790001
AAPL_Close,2014-09-19,100.959999
AAPL_Close,2014-09-22,101.059998
AAPL_Close,2014-09-23,102.639999
AAPL_Close,2014-09-24,101.75
AAPL_Close,2014-09-25,97.870003
AAPL_Close,2014-09-26,100.75
AAPL_Close,2014-09-29,100.110001
AAPL_Close,2014-09-30,100.75
AAPL_Close,2014-10-01,99.18
AAPL_Close,2014-10-02,99.900002
AAPL_Close,2014-10-03,99.620003
AAPL_Close,2014-10-06,99.620003
AAPL_Close,2014-10-07,98.75
AAPL_Close,2014-10-08,100.800003
AAPL_Close,2014-10-09,101.019997
AAPL_Close,2014-10-10,100.730003
AAPL_Close,2014-10-13,99.809998
AAPL_Close,2014-10-14,98.75
AAPL_Close,2014-10-15,97.540001
AAPL_Close,2014-10-16,96.260002
AAPL_Close,2014-10-17,97.669998
AAPL_Close,2014-10-20,99.760002
AAPL_Close,2014-10-21,102.470001
AAPL_Close,2014-10-22,102.989998
AAPL_Close,2014-10-23,104.830002
AAPL_Close,2014-10-24,105.220001
AAPL_Close,2014-10-27,105.110001
AAPL_Close,2014-10-28,106.739998
AAPL_Close,2014-10-29,107.339996
AAPL_Close,2014-10-30,106.980003
AAPL_Close,2014-10-31,108
AAPL_Close,2014-11-03,109.400002
AAPL_Close,2014-11-04,108.599998
AAPL_Close,2014-11-05,108.860001
AAPL_Close,2014-11-06,108.699997
AAPL_Close,2014-11-07,109.010002
AAPL_Close,2014-11-10,108.830002
AAPL_Close,2014-11-11,109.699997
AAPL_Close,2014-11-12,111.25
AAPL_Close,2014-11-13,112.82
AAPL_Close,2014-11-14,114.18
AAPL_Close,2014-11-17,113.989998
AAPL_Close,2014-11-18,115.470001
AAPL_Close,2014-11-19,114.669998
AAPL_Close,2014-11-20,116.309998
AAPL_Close,2014-11-21,116.470001
AAPL_Close,2014-11-24,118.629997
AAPL_Close,2014-11-25,117.599998
AAPL_Close,2014-11-26,119
AAPL_Close,2014-11-28,118.93
AAPL_Close,2014-12-01,115.07
AAPL_Close,2014-12-02,114.629997
AAPL_Close,2014-12-03,115.93
AAPL_Close,2014-12-04,115.489998
AAPL_Close,2014-12-05,115
AAPL_Close,2014-12-08,112.400002
AAPL_Close,2014-12-09,114.120003
AAPL_Close,2014-12-10,111.949997
AAPL_Close,2014-12-11,111.620003
AAPL_Close,2014-12-12,109.730003
AAPL_Close,2014-12-15,108.230003
AAPL_Close,2014-12-16,106.75
AAPL_Close,2014-12-17,109.410004
AAPL_Close,2014-12-18,112.650002
AAPL_Close,2014-12-19,111.779999
AAPL_Close,2014-12-22,112.940002
AAPL_Close,2014-12-23,112.540001
AAPL_Close,2014-12-24,112.010002
AAPL_Close,2014-12-26,113.989998
AAPL_Close,2014-12-29,113.910004
AAPL_Close,2014-12-30,112.519997
AAPL_Close,2014-12-31,110.379997
AAPL_Close,2015-01-02,109.330002
AAPL_Close,2015-01-05,106.25
AAPL_Close,2015-01-06,106.260002
AAPL_Close,2015-01-07,107.75
AAPL_Close,2015-01-08,111.889999
AAPL_Close,2015-01-09,112.010002
AAPL_Close,2015-01-12,109.25
AAPL_Close,2015-01-13,110.220001
AAPL_Close,2015-01-14,109.800003
AAPL_Close,2015-01-15,106.82
AAPL_Close,2015-01-16,105.989998
AAPL_Close,2015-01-20,108.720001
AAPL_Close,2015-01-21,109.550003
AAPL_Close,2015-01-22,112.400002
AAPL_Close,2015-01-23,112.980003
AAPL_Close,2015-01-26,113.099998
AAPL_Close,2015-01-27,109.139999
AAPL_Close,2015-01-28,115.309998
AAPL_Close,2015-01-29,118.900002
AAPL_Close,2015-01-30,117.160004
AAPL_Close,2015-02-02,118.629997
AAPL_Close,2015-02-03,118.650002
AAPL_Close,2015-02-04,119.559998
AAPL_Close,2015-02-05,119.940002
AAPL_Close,2015-02-06,118.93
AAPL_Close,2015-02-09,119.720001
AAPL_Close,2015-02-10,122.019997
AAPL_Close,2015-02-11,124.879997
AAPL_Close,2015-02-12,126.459999
AAPL_Close,2015-02-13,127.080002
AAPL_Close,2015-02-17,127.830002
AAPL_Close,2015-02-18,128.720001
AAPL_Close,2015-02-19,128.449997
AAPL_Close,2015-02-20,129.5
AAPL_Close,2015-02-23,133
AAPL_Close,2015-02-24,132.169998
AAPL_Close,2015-02-25,128.789993
AAPL_Close,2015-02-26,130.419998
AAPL_Close,2015-02-27,128.460007
AAPL_Close,2015-03-02,129.089996
AAPL_Close,2015-03-03,129.360001
AAPL_Close,2015-03-04,128.539993
AAPL_Close,2015-03-05,126.410004
AAPL_Close,2015-03-06,126.599998
AAPL_Close,2015-03-09,127.139999
AAPL_Close,2015-03-10,124.510002
AAPL_Close,2015-03-11,122.239998
AAPL_Close,2015-03-12,124.449997
AAPL_Close,2015-03-13,123.589996
AAPL_Close,2015-03-16,124.949997
AAPL_Close,2015-03-17,127.040001
AAPL_Close,2015-03-18,128.470001
AAPL_Close,2015-03-19,127.5
AAPL_Close,2015-03-20,125.900002
AAPL_Close,2015-03-23,127.209999
AAPL_Close,2015-03-24,126.690002
AAPL_Close,2015-03-25,123.379997
AAPL_Close,2015-03-26,124.239998
AAPL_Close,2015-03-27,123.25
AAPL_Close,2015-03-30,126.370003
AAPL_Close,2015-03-31,124.43
AAPL_Close,2015-04-01,124.25
AAPL_Close,2015-04-02,125.32
AAPL_Close,2015-04-06,127.349998
AAPL_Close,2015-04-07,126.010002
AAPL_Close,2015-04-08,125.599998
AAPL_Close,2015-04-09,126.559998
AAPL_Close,2015-04-10,127.099998
AAPL_Close,2015-04-13,126.849998
AAPL_Close,2015-04-14,126.300003
AAPL_Close,2015-04-15,126.779999
AAPL_Close,2015-04-16,126.169998
AAPL_Close,2015-04-17,124.75
AAPL_Close,2015-04-20,127.599998
AAPL_Close,2015-04-21,126.910004
AAPL_Close,2015-04-22,128.619995
AAPL_Close,2015-04-23,129.669998
AAPL_Close,2015-04-24,130.279999
AAPL_Close,2015-04-27,132.649994
AAPL_Close,2015-04-28,130.559998
AAPL_Close,2015-04-29,128.639999
AAPL_Close,2015-04-30,125.150002
AAPL_Close,2015-05-01,128.949997
AAPL_Close,2015-05-04,128.699997
AAPL_Close,2015-05-05,125.800003
AAPL_Close,2015-05-06,125.010002
AAPL_Close,2015-05-07,125.260002
AAPL_Close,2015-05-08,127.620003
AAPL_Close,2015-05-11,126.32
AAPL_Close,2015-05-12,125.870003
AAPL_Close,2015-05-13,126.010002
AAPL_Close,2015-05-14,128.949997
AAPL_Close,2015-05-15,128.770004
AAPL_Close,2015-05-18,130.190002
AAPL_Close,2015-05-19,130.070007
AAPL_Close,2015-05-20,130.059998
AAPL_Close,2015-05-21,131.389999
AAPL_Close,2015-05-22,132.539993
AAPL_Close,2015-05-26,129.619995
AAPL_Close,2015-05-27,132.039993
AAPL_Close,2015-05-28,131.779999
AAPL_Close,2015-05-29,130.279999
AAPL_Close,2015-06-01,130.539993
AAPL_Close,2015-06-02,129.960007
AAPL_Close,2015-06-03,130.119995
AAPL_Close,2015-06-04,129.360001
AAPL_Close,2015-06-05,128.649994
AAPL_Close,2015-06-08,127.800003
AAPL_Close,2015-06-09,127.419998
AAPL_Close,2015-06-10,128.880005
AAPL_Close,2015-06-11,128.589996
AAPL_Close,2015-06-12,127.169998
AAPL_Close,2015-06-15,126.919998
AAPL_Close,2015-06-16,127.599998
AAPL_Close,2015-06-17,127.300003
AAPL_Close,2015-06-18,127.879997
AAPL_Close,2015-06-19,126.599998
AAPL_Close,2015-06-22,127.610001
AAPL_Close,2015-06-23,127.029999
AAPL_Close,2015-06-24,128.110001
AAPL_Close,2015-06-25,127.5
AAPL_Close,2015-06-26,126.75
AAPL_Close,2015-06-29,124.529999
AAPL_Close,2015-06-30,125.43
AAPL_Close,2015-07-01,126.599998
AAPL_Close,2015-07-02,126.440002
AAPL_Close,2015-07-06,126
AAPL_Close,2015-07-07,125.690002
AAPL_Close,2015-07-08,122.57
AAPL_Close,2015-07-09,120.07
AAPL_Close,2015-07-10,123.279999
AAPL_Close,2015-07-13,125.660004
AAPL_Close,2015-07-14,125.610001
AAPL_Close,2015-07-15,126.82
AAPL_Close,2015-07-16,128.509995
AAPL_Close,2015-07-17,129.619995
AAPL_Close,2015-07-20,132.070007
AAPL_Close,2015-07-21,130.75
AAPL_Close,2015-07-22,125.220001
AAPL_Close,2015-07-23,125.160004
AAPL_Close,2015-07-24,124.5
AAPL_Close,2015-07-27,122.769997
AAPL_Close,2015-07-28,123.379997
AAPL_Close,2015-07-29,122.989998
AAPL_Close,2015-07-30,122.370003
AAPL_Close,2015-07-31,121.300003
AAPL_Close,2015-08-03,118.440002
AAPL_Close,2015-08-04,114.639999
AAPL_Close,2015-08-05,115.400002
AAPL_Close,2015-08-06,115.129997
AAPL_Close,2015-08-07,115.519997
AAPL_Close,2015-08-10,119.720001
AAPL_Close,2015-08-11,113.489998
AAPL_Close,2015-08-12,115.239998
AAPL_Close,2015-08-13,115.150002
AAPL_Close,2015-08-14,115.959999
AAPL_Close,2015-08-17,117.160004
AAPL_Close,2015-08-18,116.5
AAPL_Close,2015-08-19,115.010002
AAPL_Close,2015-08-20,112.650002
AAPL_Close,2015-08-21,105.760002
AAPL_Close,2015-08-24,103.120003
AAPL_Close,2015-08-25,103.739998
AAPL_Close,2015-08-26,109.690002
AAPL_Close,2015-08-27,112.919998
AAPL_Close,2015-08-28,113.290001
AAPL_Close,2015-08-31,112.760002
AAPL_Close,2015-09-01,107.720001
AAPL_Close,2015-09-02,112.339996
AAPL_Close,2015-09-03,110.370003
AAPL_Close,2015-09-04,109.269997
AAPL_Close,2015-09-08,112.309998
AAPL_Close,2015-09-09,110.150002
AAPL_Close,2015-09-10,112.57
AAPL_Close,2015-09-11,114.209999
AAPL_Close,2015-09-14,115.309998
AAPL_Close,2015-09-15,116.279999
AAPL_Close,2015-09-16,116.410004
AAPL_Close,2015-09-17,113.919998
AAPL_Close,2015-09-18,113.449997
AAPL_Close,2015-09-21,115.209999
AAPL_Close,2015-09-22,113.400002
AAPL_Close,2015-09-23,114.32
AAPL_Close,2015-09-24,115
AAPL_Close,2015-09-25,114.709999
AAPL_Close,2015-09-28,112.440002
AAPL_Close,2015-09-29,109.059998
AAPL_Close,2015-09-30,110.300003
AAPL_Close,2015-10-01,109.580002
AAPL_Close,2015-10-02,110.379997
AAPL_Close,2015-10-05,110.779999
AAPL_Close,2015-10-06,111.309998
AAPL_Close,2015-10-07,110.779999
AAPL_Close,2015-10-08,109.5
AAPL_Close,2015-10-09,112.120003
AAPL_Close,2015-10-12,111.599998
AAPL_Close,2015-10-13,111.790001
AAPL_Close,2015-10-14,110.209999
AAPL_Close,2015-10-15,111.860001
AAPL_Close,2015-10-16,111.040001
AAPL_Close,2015-10-19,111.730003
AAPL_Close,2015-10-20,113.769997
AAPL_Close,2015-10-21,113.760002
AAPL_Close,2015-10-22,115.5
AAPL_Close,2015-10-23,119.080002
AAPL_Close,2015-10-26,115.279999
AAPL_Close,2015-10-27,114.550003
AAPL_Close,2015-10-28,119.269997
AAPL_Close,2015-10-29,120.529999
AAPL_Close,2015-10-30,119.5
AAPL_Close,2015-11-02,121.18
AAPL_Close,2015-11-03,122.57
AAPL_Close,2015-11-04,122
AAPL_Close,2015-11-05,120.919998
AAPL_Close,2015-11-06,121.059998
AAPL_Close,2015-11-09,120.57
AAPL_Close,2015-11-10,116.769997
AAPL_Close,2015-11-11,116.110001
AAPL_Close,2015-11-12,115.720001
AAPL_Close,2015-11-13,112.339996
AAPL_Close,2015-11-16,114.18
AAPL_Close,2015-11-17,113.690002
AAPL_Close,2015-11-18,117.290001
AAPL_Close,2015-11-19,118.779999
AAPL_Close,2015-11-20,119.300003
AAPL_Close,2015-11-23,117.75
AAPL_Close,2015-11-24,118.879997
AAPL_Close,2015-11-25,118.029999
AAPL_Close,2015-11-27,117.809998
AAPL_Close,2015-11-30,118.300003
AAPL_Close,2015-12-01,117.339996
AAPL_Close,2015-12-02,116.279999
AAPL_Close,2015-12-03,115.199997
AAPL_Close,2015-12-04,119.029999
AAPL_Close,2015-12-07,118.279999
AAPL_Close,2015-12-08,118.230003
AAPL_Close,2015-12-09,115.620003
AAPL_Close,2015-12-10,116.169998
AAPL_Close,2015-12-11,113.18
AAPL_Close,2015-12-14,112.480003
AAPL_Close,2015-12-15,110.489998
AAPL_Close,2015-12-16,111.339996
AAPL_Close,2015-12-17,108.980003
AAPL_Close,2015-12-18,106.029999
AAPL_Close,2015-12-21,107.330002
AAPL_Close,2015-12-22,107.230003
AAPL_Close,2015-12-23,108.610001
AAPL_Close,2015-12-24,108.029999
AAPL_Close,2015-12-28,106.82
AAPL_Close,2015-12-29,108.739998
AAPL_Close,2015-12-30,107.32
AAPL_Close,2015-12-31,105.260002
AAPL_Close,2016-01-04,105.349998
AAPL_Close,2016-01-05,102.709999
AAPL_Close,2016-01-06,100.699997
AAPL_Close,2016-01-07,96.449997
AAPL_Close,2016-01-08,96.959999
AAPL_Close,2016-01-11,98.529999
AAPL_Close,2016-01-12,99.959999
AAPL_Close,2016-01-13,97.389999
AAPL_Close,2016-01-14,99.519997
AAPL_Close,2016-01-15,97.129997
AAPL_Close,2016-01-19,96.660004
AAPL_Close,2016-01-20,96.790001
AAPL_Close,2016-01-21,96.300003
AAPL_Close,2016-01-22,101.419998
AAPL_Close,2016-01-25,99.440002
AAPL_Close,2016-01-26,99.989998
AAPL_Close,2016-01-27,93.419998
AAPL_Close,2016-01-28,94.089996
AAPL_Close,2016-01-29,97.339996
AAPL_Close,2016-02-01,96.43
AAPL_Close,2016-02-02,94.480003
AAPL_Close,2016-02-03,96.349998
AAPL_Close,2016-02-04,96.599998
AAPL_Close,2016-02-05,94.019997
AAPL_Close,2016-02-08,95.010002
AAPL_Close,2016-02-09,94.989998
AAPL_Close,2016-02-10,94.269997
AAPL_Close,2016-02-11,93.699997
AAPL_Close,2016-02-12,93.989998
AAPL_Close,2016-02-16,96.639999
AAPL_Close,2016-02-17,98.120003
AAPL_Close,2016-02-18,96.260002
AAPL_Close,2016-02-19,96.040001
AAPL_Close,2016-02-22,96.879997
AAPL_Close,2016-02-23,94.690002
AAPL_Close,2016-02-24,96.099998
AAPL_Close,2016-02-25,96.760002
AAPL_Close,2016-02-26,96.910004
AAPL_Close,2016-02-29,96.690002
AAPL_Close,2016-03-01,100.529999
AAPL_Close,2016-03-02,100.75
AAPL_Close,2016-03-03,101.5
AAPL_Close,2016-03-04,103.010002
AAPL_Close,2016-03-07,101.870003
AAPL_Close,2016-03-08,101.029999
AAPL_Close,2016-03-09,101.120003
AAPL_Close,2016-03-10,101.169998
AAPL_Close,2016-03-11,102.260002
AAPL_Close,2016-03-14,102.519997
AAPL_Close,2016-03-15,104.580002
AAPL_Close,2016-03-16,105.970001
AAPL_Close,2016-03-17,105.800003
AAPL_Close,2016-03-18,105.919998
AAPL_Close,2016-03-21,105.910004
AAPL_Close,2016-03-22,106.720001
AAPL_Close,2016-03-23,106.129997
AAPL_Close,2016-03-24,105.669998
AAPL_Close,2016-03-28,105.190002
AAPL_Close,2016-03-29,107.68
AAPL_Close,2016-03-30,109.559998
AAPL_Close,2016-03-31,108.989998
AAPL_Close,2016-04-01,109.989998
AAPL_Close,2016-04-04,111.120003
AAPL_Close,2016-04-05,109.809998
AAPL_Close,2016-04-06,110.959999
AAPL_Close,2016-04-07,108.540001
AAPL_Close,2016-04-08,108.660004
AAPL_Close,2016-04-11,109.019997
AAPL_Close,2016-04-12,110.440002
AAPL_Close,2016-04-13,112.040001
AAPL_Close,2016-04-14,112.099998
AAPL_Close,2016-04-15,109.849998
AAPL_Close,2016-04-18,107.480003
AAPL_Close,2016-04-19,106.910004
AAPL_Close,2016-04-20,107.129997
AAPL_Close,2016-04-21,105.970001
AAPL_Close,2016-04-22,105.68
AAPL_Close,2016-04-25,105.080002
AAPL_Close,2016-04-26,104.349998
AAPL_Close,2016-04-27,97.82
AAPL_Close,2016-04-28,94.830002
AAPL_Close,2016-04-29,93.739998
AAPL_Close,2016-05-02,93.639999
AAPL_Close,2016-05-03,95.18
AAPL_Close,2016-05-04,94.190002
AAPL_Close,2016-05-05,93.239998
AAPL_Close,2016-05-06,92.720001
AAPL_Close,2016-05-09,92.790001
AAPL_Close,2016-05-10,93.419998
AAPL_Close,2016-05-11,92.510002
AAPL_Close,2016-05-12,90.339996
AAPL_Close,2016-05-13,90.519997
AAPL_Close,2016-05-16,93.879997
AAPL_Close,2016-05-17,93.489998
AAPL_Close,2016-05-18,94.559998
AAPL_Close,2016-05-19,94.199997
AAPL_Close,2016-05-20,95.220001
AAPL_Close,2016-05-23,96.43
AAPL_Close,2016-05-24,97.900002
AAPL_Close,2016-05-25,99.620003
AAPL_Close,2016-05-26,100.410004
AAPL_Close,2016-05-27,100.349998
AAPL_Close,2016-05-31,99.860001
AAPL_Close,2016-06-01,98.459999
AAPL_Close,2016-06-02,97.720001
AAPL_Close,2016-06-03,97.919998
AAPL_Close,2016-06-06,98.629997
AAPL_Close,2016-06-07,99.029999
AAPL_Close,2016-06-08,98.940002
AAPL_Close,2016-06-09,99.650002
AAPL_Close,2016-06-10,98.830002
AAPL_Close,2016-06-13,97.339996
AAPL_Close,2016-06-14,97.459999
AAPL_Close,2016-06-15,97.139999
AAPL_Close,2016-06-16,97.550003
AAPL_Close,2016-06-17,95.330002
AAPL_Close,2016-06-20,95.099998
AAPL_Close,2016-06-21,95.910004
AAPL_Close,2016-06-22,95.550003
AAPL_Close,2016-06-23,96.099998
AAPL_Close,2016-06-24,93.400002
AAPL_Close,2016-06-27,92.040001
AAPL_Close,2016-06-28,93.589996
AAPL_Close,2016-06-29,94.400002
AAPL_Close,2016-06-30,95.599998
AAPL_Close,2016-07-01,95.889999
AAPL_Close,2016-07-05,94.989998
AAPL_Close,2016-07-06,95.529999
AAPL_Close,2016-07-07,95.940002
AAPL_Close,2016-07-08,96.68
AAPL_Close,2016-07-11,96.980003
AAPL_Close,2016-07-12,97.419998
AAPL_Close,2016-07-13,96.870003
AAPL_Close,2016-07-14,98.790001
AAPL_Close,2016-07-15,98.779999
AAPL_Close,2016-07-18,99.830002
AAPL_Close,2016-07-19,99.870003
AAPL_Close,2016-07-20,99.959999
AAPL_Close,2016-07-21,99.43
AAPL_Close,2016-07-22,98.660004
AAPL_Close,2016-07-25,97.339996
AAPL_Close,2016-07-26,96.669998
AAPL_Close,2016-07-27,102.949997
AAPL_Close,2016-07-28,104.339996
AAPL_Close,2016-07-29,104.209999
AAPL_Close,2016-08-01,106.050003
AAPL_Close,2016-08-02,104.480003
AAPL_Close,2016-08-03,105.790001
AAPL_Close,2016-08-04,105.870003
AAPL_Close,2016-08-05,107.480003
AAPL_Close,2016-08-08,108.370003
AAPL_Close,2016-08-09,108.809998
AAPL_Close,2016-08-10,108
AAPL_Close,2016-08-11,107.93
AAPL_Close,2016-08-12,108.18
AAPL_Close,2016-08-15,109.480003
AAPL_Close,2016-08-16,109.379997
AAPL_Close,2016-08-17,109.220001
AAPL_Close,2016-08-18,109.080002
AAPL_Close,2016-08-19,109.360001
AAPL_Close,2016-08-22,108.510002
AAPL_Close,2016-08-23,108.849998
AAPL_Close,2016-08-24,108.029999
AAPL_Close,2016-08-25,107.57
AAPL_Close,2016-08-26,106.940002
AAPL_Close,2016-08-29,106.82
AAPL_Close,2016-08-30,106
AAPL_Close,2016-08-31,106.099998
AAPL_Close,2016-09-01,106.730003
AAPL_Close,2016-09-02,107.730003
AAPL_Close,2016-09-06,107.699997
AAPL_Close,2016-09-07,108.360001
AAPL_Close,2016-09-08,105.519997
AAPL_Close,2016-09-09,103.129997
AAPL_Close,2016-09-12,105.440002
AAPL_Close,2016-09-13,107.949997
AAPL_Close,2016-09-14,111.769997
AAPL_Close,2016-09-15,115.57
AAPL_Close,2016-09-16,114.919998
AAPL_Close,2016-09-19,113.580002
AAPL_Close,2016-09-20,113.57
AAPL_Close,2016-09-21,113.550003
AAPL_Close,2016-09-22,114.620003
AAPL_Close,2016-09-23,112.709999
AAPL_Close,2016-09-26,112.879997
AAPL_Close,2016-09-27,113.089996
AAPL_Close,2016-09-28,113.949997
AAPL_Close,2016-09-29,112.18
AAPL_Close,2016-09-30,113.050003
AAPL_Close,2016-10-03,112.519997
AAPL_Close,2016-10-04,113
AAPL_Close,2016-10-05,113.050003
AAPL_Close,2016-10-06,113.889999
AAPL_Close,2016-10-07,114.059998
AAPL_Close,2016-10-10,116.050003
AAPL_Close,2016-10-11,116.300003
AAPL_Close,2016-10-12,117.339996
AAPL_Close,2016-10-13,116.980003
AAPL_Close,2016-10-14,117.629997
AAPL_Close,2016-10-17,117.550003
AAPL_Close,2016-10-18,117.470001
AAPL_Close,2016-10-19,117.120003
AAPL_Close,2016-10-20,117.059998
AAPL_Close,2016-10-21,116.599998
AAPL_Close,2016-10-24,117.650002
AAPL_Close,2016-10-25,118.25
AAPL_Close,2016-10-26,115.589996
AAPL_Close,2016-10-27,114.480003
AAPL_Close,2016-10-28,113.720001
AAPL_Close,2016-10-31,113.540001
AAPL_Close,2016-11-01,111.489998
AAPL_Close,2016-11-02,111.589996
AAPL_Close,2016-11-03,109.830002
AAPL_Close,2016-11-04,108.839996
AAPL_Close,2016-11-07,110.410004
AAPL_Close,2016-11-08,111.059998
AAPL_Close,2016-11-09,110.879997
AAPL_Close,2016-11-10,107.790001
AAPL_Close,2016-11-11,108.43
AAPL_Close,2016-11-14,105.709999
AAPL_Close,2016-11-15,107.110001
AAPL_Close,2016-11-16,109.989998
AAPL_Close,2016-11-17,109.949997
AAPL_Close,2016-11-18,110.059998
AAPL_Close,2016-11-21,111.730003
AAPL_Close,2016-11-22,111.800003
AAPL_Close,2016-11-23,111.230003
AAPL_Close,2016-11-25,111.790001
AAPL_Close,2016-11-28,111.57
AAPL_Close,2016-11-29,111.459999
AAPL_Close,2016-11-30,110.519997
AAPL_Close,2016-12-01,109.489998
AAPL_Close,2016-12-02,109.900002
AAPL_Close,2016-12-05,109.110001
AAPL_Close,2016-12-06,109.949997
AAPL_Close,2016-12-07,111.029999
AAPL_Close,2016-12-08,112.120003
AAPL_Close,2016-12-09,113.949997
AAPL_Close,2016-12-12,113.300003
AAPL_Close,2016-12-13,115.190002
AAPL_Close,2016-12-14,115.190002
AAPL_Close,2016-12-15,115.82
AAPL_Close,2016-12-16,115.970001
AAPL_Close,2016-12-19,116.639999
AAPL_Close,2016-12-20,116.949997
AAPL_Close,2016-12-21,117.059998
AAPL_Close,2016-12-22,116.290001
AAPL_Close,2016-12-23,116.519997
AAPL_Close,2016-12-27,117.260002
AAPL_Close,2016-12-28,116.760002
AAPL_Close,2016-12-29,116.730003
AAPL_Close,2016-12-30,115.82
AAPL_Close,2017-01-03,116.150002
AAPL_Close,2017-01-04,116.019997
AAPL_Close,2017-01-05,116.610001
AAPL_Close,2017-01-06,117.910004
AAPL_Close,2017-01-09,118.989998
AAPL_Close,2017-01-10,119.110001
AAPL_Close,2017-01-11,119.75
AAPL_Close,2017-01-12,119.25
AAPL_Close,2017-01-13,119.040001
AAPL_Close,2017-01-17,120
AAPL_Close,2017-01-18,119.989998
AAPL_Close,2017-01-19,119.779999
AAPL_Close,2017-01-20,120
AAPL_Close,2017-01-23,120.080002
AAPL_Close,2017-01-24,119.970001
AAPL_Close,2017-01-25,121.879997
AAPL_Close,2017-01-26,121.940002
AAPL_Close,2017-01-27,121.949997
AAPL_Close,2017-01-30,121.629997
AAPL_Close,2017-01-31,121.349998
AAPL_Close,2017-02-01,128.75
AAPL_Close,2017-02-02,128.529999
AAPL_Close,2017-02-03,129.080002
AAPL_Close,2017-02-06,130.289993
AAPL_Close,2017-02-07,131.529999
AAPL_Close,2017-02-08,132.039993
AAPL_Close,2017-02-09,132.419998
AAPL_Close,2017-02-10,132.119995
AAPL_Close,2017-02-13,133.289993
AAPL_Close,2017-02-14,135.020004
AAPL_Close,2017-02-15,135.509995
AAPL_Close,2017-02-16,135.350006
AAPL_Close,2017-02-17,135.720001
AAPL_Close,2017-02-21,136.699997
AAPL_Close,2017-02-22,137.110001
AAPL_Close,2017-02-23,136.529999
AAPL_Close,2017-02-24,136.660004
AAPL_Close,2017-02-27,136.929993
AAPL_Close,2017-02-28,136.990005
AAPL_Close,2017-03-01,139.789993
AAPL_Close,2017-03-02,138.960007
AAPL_Close,2017-03-03,139.779999
AAPL_Close,2017-03-06,139.339996
AAPL_Close,2017-03-07,139.520004
AAPL_Close,2017-03-08,139
AAPL_Close,2017-03-09,138.679993
AAPL_Close,2017-03-10,139.139999
AAPL_Close,2017-03-13,139.199997
AAPL_Close,2017-03-14,138.990005
AAPL_Close,2017-03-15,140.460007
AAPL_Close,2017-03-16,140.690002
AAPL_Close,2017-03-17,139.990005
AAPL_Close,2017-03-20,141.460007
AAPL_Close,2017-03-21,139.839996
AAPL_Close,2017-03-22,141.419998
AAPL_Close,2017-03-23,140.919998
AAPL_Close,2017-03-24,140.639999
AAPL_Close,2017-03-27,140.880005
AAPL_Close,2017-03-28,143.800003
AAPL_Close,2017-03-29,144.119995
AAPL_Close,2017-03-30,143.929993
AAPL_Close,2017-03-31,143.660004
AAPL_Close,2017-04-03,143.699997
AAPL_Close,2017-04-04,144.770004
AAPL_Close,2017-04-05,144.020004
AAPL_Close,2017-04-06,143.660004
AAPL_Close,2017-04-07,143.339996
AAPL_Close,2017-04-10,143.169998
AAPL_Close,2017-04-11,141.630005
AAPL_Close,2017-04-12,141.800003
AAPL_Close,2017-04-13,141.050003
AAPL_Close,2017-04-17,141.830002
AAPL_Close,2017-04-18,141.199997
AAPL_Close,2017-04-19,140.679993
AAPL_Close,2017-04-20,142.440002
AAPL_Close,2017-04-21,142.270004
AAPL_Close,2017-04-24,143.639999
AAPL_Close,2017-04-25,144.529999
AAPL_Close,2017-04-26,143.679993
AAPL_Close,2017-04-27,143.789993
AAPL_Close,2017-04-28,143.649994
AAPL_Close,2017-05-01,146.580002
AAPL_Close,2017-05-02,147.509995
AAPL_Close,2017-05-03,147.059998
AAPL_Close,2017-05-04,146.529999
AAPL_Close,2017-05-05,148.960007
AAPL_Close,2017-05-08,153.009995
AAPL_Close,2017-05-09,153.990005
AAPL_Close,2017-05-10,153.259995
AAPL_Close,2017-05-11,153.949997
AAPL_Close,2017-05-12,156.100006
AAPL_Close,2017-05-15,155.699997
AAPL_Close,2017-05-16,155.470001
AAPL_Close,2017-05-17,150.25
AAPL_Close,2017-05-18,152.539993
AAPL_Close,2017-05-19,153.059998
AAPL_Close,2017-05-22,153.990005
AAPL_Close,2017-05-23,153.800003
AAPL_Close,2017-05-24,153.339996
AAPL_Close,2017-05-25,153.869995
AAPL_Close,2017-05-26,153.610001
AAPL_Close,2017-05-30,153.669998
AAPL_Close,2017-05-31,152.759995
AAPL_Close,2017-06-01,153.179993
AAPL_Close,2017-06-02,155.449997
AAPL_Close,2017-06-05,153.929993
AAPL_Close,2017-06-06,154.449997
AAPL_Close,2017-06-07,155.369995
AAPL_Close,2017-06-08,154.990005
AAPL_Close,2017-06-09,148.979996
AAPL_Close,2017-06-12,145.419998
AAPL_Close,2017-06-13,146.589996
AAPL_Close,2017-06-14,145.160004
AAPL_Close,2017-06-15,144.289993
AAPL_Close,2017-06-16,142.270004
AAPL_Close,2017-06-19,146.339996
AAPL_Close,2017-06-20,145.009995
AAPL_Close,2017-06-21,145.869995
AAPL_Close,2017-06-22,145.630005
AAPL_Close,2017-06-23,146.279999
AAPL_Close,2017-06-26,145.820007
AAPL_Close,2017-06-27,143.729996
AAPL_Close,2017-06-28,145.830002
AAPL_Close,2017-06-29,143.679993
AAPL_Close,2017-06-30,144.020004
AAPL_Close,2017-07-03,143.5
AAPL_Close,2017-07-05,144.089996
AAPL_Close,2017-07-06,142.729996
AAPL_Close,2017-07-07,144.179993
AAPL_Close,2017-07-10,145.059998
AAPL_Close,2017-07-11,145.529999
AAPL_Close,2017-07-12,145.740005
AAPL_Close,2017-07-13,147.770004
AAPL_Close,2017-07-14,149.039993
AAPL_Close,2017-07-17,149.559998
AAPL_Close,2017-07-18,150.080002
AAPL_Close,2017-07-19,151.020004
AAPL_Close,2017-07-20,150.339996
AAPL_Close,2017-07-21,150.270004
AAPL_Close,2017-07-24,152.089996
AAPL_Close,2017-07-25,152.740005
AAPL_Close,2017-07-26,153.460007
AAPL_Close,2017-07-27,150.559998
AAPL_Close,2017-07-28,149.5
AAPL_Close,2017-07-31,148.729996
AAPL_Close,2017-08-01,150.050003
AAPL_Close,2017-08-02,157.139999
AAPL_Close,2017-08-03,155.570007
AAPL_Close,2017-08-04,156.389999
AAPL_Close,2017-08-07,158.809998
AAPL_Close,2017-08-08,160.080002
AAPL_Close,2017-08-09,161.059998
AAPL_Close,2017-08-10,155.320007
AAPL_Close,2017-08-11,157.479996
AAPL_Close,2017-08-14,159.850006
AAPL_Close,2017-08-15,161.600006
AAPL_Close,2017-08-16,160.949997
AAPL_Close,2017-08-17,157.860001
AAPL_Close,2017-08-18,157.5
AAPL_Close,2017-08-21,157.210007
AAPL_Close,2017-08-22,159.779999
AAPL_Close,2017-08-23,159.979996
AAPL_Close,2017-08-24,159.270004
AAPL_Close,2017-08-25,159.860001
AAPL_Close,2017-08-28,161.470001
AAPL_Close,2017-08-29,162.910004
AAPL_Close,2017-08-30,163.350006
AAPL_Close,2017-08-31,164
AAPL_Close,2017-09-01,164.050003
AAPL_Close,2017-09-05,162.080002
AAPL_Close,2017-09-06,161.910004
AAPL_Close,2017-09-07,161.259995
AAPL_Close,2017-09-08,158.630005
AAPL_Close,2017-09-11,161.5
AAPL_Close,2017-09-12,160.860001
AAPL_Close,2017-09-13,159.649994
AAPL_Close,2017-09-14,158.279999
AAPL_Close,2017-09-15,159.880005
AAPL_Close,2017-09-18,158.669998
AAPL_Close,2017-09-19,158.729996
AAPL_Close,2017-09-20,156.070007
AAPL_Close,2017-09-21,153.389999
AAPL_Close,2017-09-22,151.889999
AAPL_Close,2017-09-25,150.550003
AAPL_Close,2017-09-26,153.139999
AAPL_Close,2017-09-27,154.229996
AAPL_Close,2017-09-28,153.279999
AAPL_Close,2017-09-29,154.119995
AAPL_Close,2017-10-02,153.809998
AAPL_Close,2017-10-03,154.479996
AAPL_Close,2017-10-04,153.479996
AAPL_Close,2017-10-05,155.389999
AAPL_Close,2017-10-06,155.300003
AAPL_Close,2017-10-09,155.839996
AAPL_Close,2017-10-10,155.899994
AAPL_Close,2017-10-11,156.550003
AAPL_Close,2017-10-12,156
AAPL_Close,2017-10-13,156.990005
AAPL_Close,2017-10-16,159.880005
AAPL_Close,2017-10-17,160.470001
AAPL_Close,2017-10-18,159.759995
AAPL_Close,2017-10-19,155.979996
AAPL_Close,2017-10-20,156.25
AAPL_Close,2017-10-23,156.169998
AAPL_Close,2017-10-24,157.100006
AAPL_Close,2017-10-25,156.410004
AAPL_Close,2017-10-26,157.410004
AAPL_Close,2017-10-27,163.050003
AAPL_Close,2017-10-30,166.720001
AAPL_Close,2017-10-31,169.039993
AAPL_Close,2017-11-01,166.889999
AAPL_Close,2017-11-02,168.110001
AAPL_Close,2017-11-03,172.5
AAPL_Close,2017-11-06,174.25
AAPL_Close,2017-11-07,174.809998
AAPL_Close,2017-11-08,176.240005
AAPL_Close,2017-11-09,175.880005
AAPL_Close,2017-11-10,174.669998
AAPL_Close,2017-11-13,173.970001
AAPL_Close,2017-11-14,171.339996
AAPL_Close,2017-11-15,169.080002
AAPL_Close,2017-11-16,171.100006
AAPL_Close,2017-11-17,170.149994
AAPL_Close,2017-11-20,169.979996
AAPL_Close,2017-11-21,173.139999
AAPL_Close,2017-11-22,174.960007
AAPL_Close,2017-11-24,174.970001
AAPL_Close,2017-11-27,174.089996
AAPL_Close,2017-11-28,173.070007
AAPL_Close,2017-11-29,169.479996
AAPL_Close,2017-11-30,171.850006
AAPL_Close,2017-12-01,171.050003
AAPL_Close,2017-12-04,169.800003
AAPL_Close,2017-12-05,169.639999
AAPL_Close,2017-12-06,169.009995
AAPL_Close,2017-12-07,169.320007
AAPL_Close,2017-12-08,169.369995
AAPL_Close,2017-12-11,172.669998
AAPL_Close,2017-12-12,171.699997
AAPL_Close,2017-12-13,172.270004
AAPL_Close,2017-12-14,172.220001
AAPL_Close,2017-12-15,173.970001
AAPL_Close,2017-12-18,176.419998
AAPL_Close,2017-12-19,174.539993
AAPL_Close,2017-12-20,174.350006
AAPL_Close,2017-12-21,175.009995
AAPL_Close,2017-12-22,175.009995
AAPL_Close,2017-12-26,170.570007
AAPL_Close,2017-12-27,170.600006
AAPL_Close,2017-12-28,171.080002
AAPL_Close,2017-12-29,169.229996
AAPL_Close,2018-01-02,172.259995
AAPL_Close,2018-01-03,172.229996
AAPL_Close,2018-01-04,173.029999
AAPL_Close,2018-01-05,175
AAPL_Close,2018-01-08,174.350006
AAPL_Close,2018-01-09,174.330002
AAPL_Close,2018-01-10,174.289993
AAPL_Close,2018-01-11,175.279999
AAPL_Close,2018-01-12,177.089996
AAPL_Close,2018-01-16,176.190002
AAPL_Close,2018-01-17,179.100006
AAPL_Close,2018-01-18,179.259995
AAPL_Close,2018-01-19,178.460007
AAPL_Close,2018-01-22,177
AAPL_Close,2018-01-23,177.039993
AAPL_Close,2018-01-24,174.220001
AAPL_Close,2018-01-25,171.110001
AAPL_Close,2018-01-26,171.509995
AAPL_Close,2018-01-29,167.960007
AAPL_Close,2018-01-30,166.970001
AAPL_Close,2018-01-31,167.429993
AAPL_Close,2018-02-01,167.779999
AAPL_Close,2018-02-02,160.5
AAPL_Close,2018-02-05,156.490005
AAPL_Close,2018-02-06,163.029999
AAPL_Close,2018-02-07,159.539993
AAPL_Close,2018-02-08,155.149994
AAPL_Close,2018-02-09,156.410004
AAPL_Close,2018-02-12,162.710007
AAPL_Close,2018-02-13,164.339996
AAPL_Close,2018-02-14,167.369995
AAPL_Close,2018-02-15,172.990005
AAPL_Close,2018-02-16,172.429993
AAPL_Close,2018-02-20,171.850006
AAPL_Close,2018-02-21,171.070007
AAPL_Close,2018-02-22,172.5
AAPL_Close,2018-02-23,175.5
AAPL_Close,2018-02-26,178.970001
AAPL_Close,2018-02-27,178.389999
AAPL_Close,2018-02-28,178.119995
AAPL_Close,2018-03-01,175
AAPL_Close,2018-03-02,176.210007
AAPL_Close,2018-03-05,176.820007
AAPL_Close,2018-03-06,176.669998
AAPL_Close,2018-03-07,175.029999
AAPL_Close,2018-03-08,176.940002
AAPL_Close,2018-03-09,179.979996
AAPL_Close,2018-03-12,181.720001
AAPL_Close,2018-03-13,179.970001
AAPL_Close,2018-03-14,178.440002
AAPL_Close,2018-03-15,178.649994
AAPL_Close,2018-03-16,178.020004
AAPL_Close,2018-03-19,175.300003
AAPL_Close,2018-03-20,175.240005
AAPL_Close,2018-03-21,171.270004
AAPL_Close,2018-03-22,168.850006
AAPL_Close,2018-03-23,164.940002
AAPL_Close,2018-03-26,172.770004
AAPL_Close,2018-03-27,168.339996
AAPL_Close,2018-03-28,166.479996
AAPL_Close,2018-03-29,167.779999
AAPL_Close,2018-04-02,166.679993
AAPL_Close,2018-04-03,168.389999
AAPL_Close,2018-04-04,171.610001
AAPL_Close,2018-04-05,172.800003
AAPL_Close,2018-04-06,168.380005
AAPL_Close,2018-04-09,170.050003
AAPL_Close,2018-04-10,173.25
AAPL_Close,2018-04-11,172.440002
AAPL_Close,2018-04-12,174.139999
AAPL_Close,2018-04-13,174.729996
AAPL_Close,2018-04-16,175.820007
AAPL_Close,2018-04-17,178.240005
AAPL_Close,2018-04-18,177.839996
AAPL_Close,2018-04-19,172.800003
AAPL_Close,2018-04-20,165.720001
AAPL_Close,2018-04-23,165.240005
AAPL_Close,2018-04-24,162.940002
AAPL_Close,2018-04-25,163.649994
AAPL_Close,2018-04-26,164.220001
AAPL_Close,2018-04-27,162.320007
AAPL_Close,2018-04-30,165.259995
AAPL_Close,2018-05-01,169.100006
AAPL_Close,2018-05-02,176.570007
AAPL_Close,2018-05-03,176.889999
AAPL_Close,2018-05-04,183.830002
AAPL_Close,2018-05-07,185.160004
AAPL_Close,2018-05-08,186.050003
AAPL_Close,2018-05-09,187.360001
AAPL_Close,2018-05-10,190.039993
AAPL_Close,2018-05-11,188.589996
AAPL_Close,2018-05-14,188.149994
AAPL_Close,2018-05-15,186.440002
AAPL_Close,2018-05-16,188.179993
AAPL_Close,2018-05-17,186.990005
AAPL_Close,2018-05-18,186.309998
AAPL_Close,2018-05-21,187.630005
AAPL_Close,2018-05-22,187.160004
AAPL_Close,2018-05-23,188.360001
AAPL_Close,2018-05-24,188.149994
AAPL_Close,2018-05-25,188.580002
AAPL_Close,2018-05-29,187.899994
AAPL_Close,2018-05-30,187.5
AAPL_Close,2018-05-31,186.869995
AAPL_Close,2018-06-01,190.240005
AAPL_Close,2018-06-04,191.830002
AAPL_Close,2018-06-05,193.309998
AAPL_Close,2018-06-06,193.979996
AAPL_Close,2018-06-07,193.460007
AAPL_Close,2018-06-08,191.699997
AAPL_Close,2018-06-11,191.229996
AAPL_Close,2018-06-12,192.279999
AAPL_Close,2018-06-13,190.699997
AAPL_Close,2018-06-14,190.800003
AAPL_Close,2018-06-15,188.839996
AAPL_Close,2018-06-18,188.740005
AAPL_Close,2018-06-19,185.690002
AAPL_Close,2018-06-20,186.5
AAPL_Close,2018-06-21,185.460007
AAPL_Close,2018-06-22,184.919998
AAPL_Close,2018-06-25,182.169998
AAPL_Close,2018-06-26,184.429993
AAPL_Close,2018-06-27,184.160004
AAPL_Close,2018-06-28,185.5
AAPL_Close,2018-06-29,185.110001
AAPL_Close,2018-07-02,187.179993
AAPL_Close,2018-07-03,183.919998
AAPL_Close,2018-07-05,185.399994
AAPL_Close,2018-07-06,187.970001
AAPL_Close,2018-07-09,190.580002
AAPL_Close,2018-07-10,190.350006
AAPL_Close,2018-07-11,187.880005
AAPL_Close,2018-07-12,191.029999
AAPL_Close,2018-07-13,191.330002
AAPL_Close,2018-07-16,190.910004
AAPL_Close,2018-07-17,191.449997
AAPL_Close,2018-07-18,190.399994
AAPL_Close,2018-07-19,191.880005
AAPL_Close,2018-07-20,191.440002
AAPL_Close,2018-07-23,191.610001
AAPL_Close,2018-07-24,193
AAPL_Close,2018-07-25,194.820007
AAPL_Close,2018-07-26,194.210007
AAPL_Close,2018-07-27,190.979996
AAPL_Close,2018-07-30,189.910004
AAPL_Close,2018-07-31,190.289993
AAPL_Close,2018-08-01,201.5
AAPL_Close,2018-08-02,207.389999
AAPL_Close,2018-08-03,207.990005
AAPL_Close,2018-08-06,209.070007
AAPL_Close,2018-08-07,207.110001
AAPL_Close,2018-08-08,207.25
AAPL_Close,2018-08-09,208.880005
AAPL_Close,2018-08-10,207.529999
AAPL_Close,2018-08-13,208.869995
AAPL_Close,2018-08-14,209.75
AAPL_Close,2018-08-15,210.240005
AAPL_Close,2018-08-16,213.320007
AAPL_Close,2018-08-17,217.580002
AAPL_Close,2018-08-20,215.460007
AAPL_Close,2018-08-21,215.039993
AAPL_Close,2018-08-22,215.050003
AAPL_Close,2018-08-23,215.490005
AAPL_Close,2018-08-24,216.160004
AAPL_Close,2018-08-27,217.940002
AAPL_Close,2018-08-28,219.699997
AAPL_Close,2018-08-29,222.979996
AAPL_Close,2018-08-30,225.029999
AAPL_Close,2018-08-31,227.630005
AAPL_Close,2018-09-04,228.360001
AAPL_Close,2018-09-05,226.869995
AAPL_Close,2018-09-06,223.100006
AAPL_Close,2018-09-07,221.300003
AAPL_Close,2018-09-10,218.330002
AAPL_Close,2018-09-11,223.850006
AAPL_Close,2018-09-12,221.070007
AAPL_Close,2018-09-13,226.410004
AAPL_Close,2018-09-14,223.839996
AAPL_Close,2018-09-17,217.880005
AAPL_Close,2018-09-18,218.240005
AAPL_Close,2018-09-19,218.369995
AAPL_Close,2018-09-20,220.029999
AAPL_Close,2018-09-21,217.660004
AAPL_Close,2018-09-24,220.789993
AAPL_Close,2018-09-25,222.190002
AAPL_Close,2018-09-26,220.419998
AAPL_Close,2018-09-27,224.949997
AAPL_Close,2018-09-28,225.740005
AAPL_Close,2018-10-01,227.259995
AAPL_Close,2018-10-02,229.279999
AAPL_Close,2018-10-03,232.070007
AAPL_Close,2018-10-04,227.990005
AAPL_Close,2018-10-05,224.289993
AAPL_Close,2018-10-08,223.770004
AAPL_Close,2018-10-09,226.869995
AAPL_Close,2018-10-10,216.360001
AAPL_Close,2018-10-11,214.449997
AAPL_Close,2018-10-12,222.110001
AAPL_Close,2018-10-15,217.360001
AAPL_Close,2018-10-16,222.149994
AAPL_Close,2018-10-17,221.190002
AAPL_Close,2018-10-18,216.020004
AAPL_Close,2018-10-19,219.309998
AAPL_Close,2018-10-22,220.649994
AAPL_Close,2018-10-23,222.729996
AAPL_Close,2018-10-24,215.089996
AAPL_Close,2018-10-25,219.800003
AAPL_Close,2018-10-26,216.300003
AAPL_Close,2018-10-29,212.240005
AAPL_Close,2018-10-30,213.300003
AAPL_Close,2018-10-31,218.860001
AAPL_Close,2018-11-01,222.220001
AAPL_Close,2018-11-02,207.479996
AAPL_Close,2018-11-05,201.589996
AAPL_Close,2018-11-06,203.770004
AAPL_Close,2018-11-07,209.949997
AAPL_Close,2018-11-08,208.490005
AAPL_Close,2018-11-09,204.470001
AAPL_Close,2018-11-12,194.169998
AAPL_Close,2018-11-13,192.229996
AAPL_Close,2018-11-14,186.800003
AAPL_Close,2018-11-15,191.410004
AAPL_Close,2018-11-16,193.529999
AAPL_Close,2018-11-19,185.860001
AAPL_Close,2018-11-20,176.979996
AAPL_Close,2018-11-21,176.779999
AAPL_Close,2018-11-23,172.289993
AAPL_Close,2018-11-26,174.619995
AAPL_Close,2018-11-27,174.240005
AAPL_Close,2018-11-28,180.940002
AAPL_Close,2018-11-29,179.550003
AAPL_Close,2018-11-30,178.580002
AAPL_Close,2018-12-03,184.820007
AAPL_Close,2018-12-04,176.690002
AAPL_Close,2018-12-06,174.720001
AAPL_Close,2018-12-07,168.490005
AAPL_Close,2018-12-10,169.600006
AAPL_Close,2018-12-11,168.630005
AAPL_Close,2018-12-12,169.100006
AAPL_Close,2018-12-13,170.949997
AAPL_Close,2018-12-14,165.479996
AAPL_Close,2018-12-17,163.940002
AAPL_Close,2018-12-18,166.070007
AAPL_Close,2018-12-19,160.889999
AAPL_Close,2018-12-20,156.830002
AAPL_Close,2018-12-21,150.729996
AAPL_Close,2018-12-24,146.830002
AAPL_Close,2018-12-26,157.169998
AAPL_Close,2018-12-27,156.149994
AAPL_Close,2018-12-28,156.229996
AAPL_Close,2018-12-31,157.740005
AMZN_Close,2014-01-02,397.970001
AMZN_Close,2014-01-03,396.440002
AMZN_Close,2014-01-06,393.630005
AMZN_Close,2014-01-07,398.029999
AMZN_Close,2014-01-08,401.920013
AMZN_Close,2014-01-09,401.01001
AMZN_Close,2014-01-10,397.660004
AMZN_Close,2014-01-13,390.980011
AMZN_Close,2014-01-14,397.540009
AMZN_Close,2014-01-15,395.869995
AMZN_Close,2014-01-16,395.799988
AMZN_Close,2014-01-17,399.609985
AMZN_Close,2014-01-21,407.049988
AMZN_Close,2014-01-22,404.540009
AMZN_Close,2014-01-23,399.869995
AMZN_Close,2014-01-24,387.600006
AMZN_Close,2014-01-27,386.279999
AMZN_Close,2014-01-28,394.429993
AMZN_Close,2014-01-29,384.200012
AMZN_Close,2014-01-30,403.01001
AMZN_Close,2014-01-31,358.690002
AMZN_Close,2014-02-03,346.149994
AMZN_Close,2014-02-04,347.950012
AMZN_Close,2014-02-05,346.450012
AMZN_Close,2014-02-06,354.589996
AMZN_Close,2014-02-07,361.079987
AMZN_Close,2014-02-10,360.869995
AMZN_Close,2014-02-11,361.790009
AMZN_Close,2014-02-12,349.25
AMZN_Close,2014-02-13,357.200012
AMZN_Close,2014-02-14,357.350006
AMZN_Close,2014-02-18,353.649994
AMZN_Close,2014-02-19,347.380005
AMZN_Close,2014-02-20,349.799988
AMZN_Close,2014-02-21,346.76001
AMZN_Close,2014-02-24,351.779999
AMZN_Close,2014-02-25,358.320007
AMZN_Close,2014-02-26,359.799988
AMZN_Close,2014-02-27,360.130005
AMZN_Close,2014-02-28,362.100006
AMZN_Close,2014-03-03,359.779999
AMZN_Close,2014-03-04,363.899994
AMZN_Close,2014-03-05,372.369995
AMZN_Close,2014-03-06,372.160004
AMZN_Close,2014-03-07,372.059998
AMZN_Close,2014-03-10,370.529999
AMZN_Close,2014-03-11,368.820007
AMZN_Close,2014-03-12,370.640015
AMZN_Close,2014-03-13,371.51001
AMZN_Close,2014-03-14,373.73999
AMZN_Close,2014-03-17,375.040009
AMZN_Close,2014-03-18,378.769989
AMZN_Close,2014-03-19,373.230011
AMZN_Close,2014-03-20,368.970001
AMZN_Close,2014-03-21,360.619995
AMZN_Close,2014-03-24,351.850006
AMZN_Close,2014-03-25,354.709991
AMZN_Close,2014-03-26,343.410004
AMZN_Close,2014-03-27,338.470001
AMZN_Close,2014-03-28,338.290009
AMZN_Close,2014-03-31,336.369995
AMZN_Close,2014-04-01,342.98999
AMZN_Close,2014-04-02,341.959991
AMZN_Close,2014-04-03,333.619995
AMZN_Close,2014-04-04,323
AMZN_Close,2014-04-07,317.76001
AMZN_Close,2014-04-08,327.070007
AMZN_Close,2014-04-09,331.809998
AMZN_Close,2014-04-10,317.109985
AMZN_Close,2014-04-11,311.730011
AMZN_Close,2014-04-14,315.910004
AMZN_Close,2014-04-15,316.079987
AMZN_Close,2014-04-16,323.679993
AMZN_Close,2014-04-17,324.910004
AMZN_Close,2014-04-21,330.869995
AMZN_Close,2014-04-22,329.320007
AMZN_Close,2014-04-23,324.579987
AMZN_Close,2014-04-24,337.149994
AMZN_Close,2014-04-25,303.829987
AMZN_Close,2014-04-28,296.579987
AMZN_Close,2014-04-29,300.380005
AMZN_Close,2014-04-30,304.130005
AMZN_Close,2014-05-01,307.890015
AMZN_Close,2014-05-02,308.01001
AMZN_Close,2014-05-05,310.049988
AMZN_Close,2014-05-06,297.380005
AMZN_Close,2014-05-07,292.709991
AMZN_Close,2014-05-08,288.320007
AMZN_Close,2014-05-09,292.23999
AMZN_Close,2014-05-12,302.859985
AMZN_Close,2014-05-13,304.640015
AMZN_Close,2014-05-14,297.619995
AMZN_Close,2014-05-15,295.190002
AMZN_Close,2014-05-16,297.700012
AMZN_Close,2014-05-19,296.76001
AMZN_Close,2014-05-20,301.190002
AMZN_Close,2014-05-21,305.01001
AMZN_Close,2014-05-22,304.910004
AMZN_Close,2014-05-23,312.23999
AMZN_Close,2014-05-27,310.820007
AMZN_Close,2014-05-28,310.160004
AMZN_Close,2014-05-29,313.779999
AMZN_Close,2014-05-30,312.549988
AMZN_Close,2014-06-02,308.839996
AMZN_Close,2014-06-03,307.190002
AMZN_Close,2014-06-04,306.779999
AMZN_Close,2014-06-05,323.570007
AMZN_Close,2014-06-06,329.670013
AMZN_Close,2014-06-09,327.5
AMZN_Close,2014-06-10,332.410004
AMZN_Close,2014-06-11,335.200012
AMZN_Close,2014-06-12,325.910004
AMZN_Close,2014-06-13,326.269989
AMZN_Close,2014-06-16,327.619995
AMZN_Close,2014-06-17,325.619995
AMZN_Close,2014-06-18,334.380005
AMZN_Close,2014-06-19,327
AMZN_Close,2014-06-20,324.200012
AMZN_Close,2014-06-23,327.23999
AMZN_Close,2014-06-24,324.160004
AMZN_Close,2014-06-25,327.440002
AMZN_Close,2014-06-26,325.690002
AMZN_Close,2014-06-27,324.570007
AMZN_Close,2014-06-30,324.779999
AMZN_Close,2014-07-01,332.390015
AMZN_Close,2014-07-02,332.850006
AMZN_Close,2014-07-03,337.48999
AMZN_Close,2014-07-07,333.549988
AMZN_Close,2014-07-08,323.809998
AMZN_Close,2014-07-09,329.970001
AMZN_Close,2014-07-10,327.920013
AMZN_Close,2014-07-11,346.200012
AMZN_Close,2014-07-14,355.320007
AMZN_Close,2014-07-15,354.440002
AMZN_Close,2014-07-16,355.899994
AMZN_Close,2014-07-17,352.450012
AMZN_Close,2014-07-18,358.660004
AMZN_Close,2014-07-21,359.76001
AMZN_Close,2014-07-22,360.839996
AMZN_Close,2014-07-23,358.140015
AMZN_Close,2014-07-24,358.609985
AMZN_Close,2014-07-25,324.01001
AMZN_Close,2014-07-28,320.410004
AMZN_Close,2014-07-29,320
AMZN_Close,2014-07-30,322.51001
AMZN_Close,2014-07-31,312.98999
AMZN_Close,2014-08-01,307.059998
AMZN_Close,2014-08-04,313.649994
AMZN_Close,2014-08-05,312.320007
AMZN_Close,2014-08-06,313.890015
AMZN_Close,2014-08-07,311.450012
AMZN_Close,2014-08-08,316.799988
AMZN_Close,2014-08-11,318.329987
AMZN_Close,2014-08-12,319.320007
AMZN_Close,2014-08-13,326.279999
AMZN_Close,2014-08-14,333.209991
AMZN_Close,2014-08-15,333.630005
AMZN_Close,2014-08-18,334.529999
AMZN_Close,2014-08-19,335.130005
AMZN_Close,2014-08-20,335.779999
AMZN_Close,2014-08-21,332.910004
AMZN_Close,2014-08-22,331.589996
AMZN_Close,2014-08-25,334.019989
AMZN_Close,2014-08-26,341.829987
AMZN_Close,2014-08-27,343.179993
AMZN_Close,2014-08-28,340.019989
AMZN_Close,2014-08-29,339.040009
AMZN_Close,2014-09-02,342.380005
AMZN_Close,2014-09-03,339
AMZN_Close,2014-09-04,345.950012
AMZN_Close,2014-09-05,346.380005
AMZN_Close,2014-09-08,342.339996
AMZN_Close,2014-09-09,329.75
AMZN_Close,2014-09-10,331.329987
AMZN_Close,2014-09-11,330.519989
AMZN_Close,2014-09-12,331.190002
AMZN_Close,2014-09-15,323.890015
AMZN_Close,2014-09-16,327.76001
AMZN_Close,2014-09-17,324
AMZN_Close,2014-09-18,325
AMZN_Close,2014-09-19,331.320007
AMZN_Close,2014-09-22,324.5
AMZN_Close,2014-09-23,323.630005
AMZN_Close,2014-09-24,328.209991
AMZN_Close,2014-09-25,321.929993
AMZN_Close,2014-09-26,323.209991
AMZN_Close,2014-09-29,321.820007
AMZN_Close,2014-09-30,322.440002
AMZN_Close,2014-10-01,317.459991
AMZN_Close,2014-10-02,318.410004
AMZN_Close,2014-10-03,322.73999
AMZN_Close,2014-10-06,322.200012
AMZN_Close,2014-10-07,316.980011
AMZN_Close,2014-10-08,322.700012
AMZN_Close,2014-10-09,315.369995
AMZN_Close,2014-10-10,311.390015
AMZN_Close,2014-10-13,306.450012
AMZN_Close,2014-10-14,308.309998
AMZN_Close,2014-10-15,305.970001
AMZN_Close,2014-10-16,302.859985
AMZN_Close,2014-10-17,303.640015
AMZN_Close,2014-10-20,306.209991
AMZN_Close,2014-10-21,315.329987
AMZN_Close,2014-10-22,312.970001
AMZN_Close,2014-10-23,313.179993
AMZN_Close,2014-10-24,287.059998
AMZN_Close,2014-10-27,289.970001
AMZN_Close,2014-10-28,295.589996
AMZN_Close,2014-10-29,294.119995
AMZN_Close,2014-10-30,299.070007
AMZN_Close,2014-10-31,305.459991
AMZN_Close,2014-11-03,305.720001
AMZN_Close,2014-11-04,302.809998
AMZN_Close,2014-11-05,296.519989
AMZN_Close,2014-11-06,296.640015
AMZN_Close,2014-11-07,299.859985
AMZN_Close,2014-11-10,305.109985
AMZN_Close,2014-11-11,312.01001
AMZN_Close,2014-11-12,311.51001
AMZN_Close,2014-11-13,316.480011
AMZN_Close,2014-11-14,327.820007
AMZN_Close,2014-11-17,323.049988
AMZN_Close,2014-11-18,324.929993
AMZN_Close,2014-11-19,326.540009
AMZN_Close,2014-11-20,330.540009
AMZN_Close,2014-11-21,332.630005
AMZN_Close,2014-11-24,335.640015
AMZN_Close,2014-11-25,335.040009
AMZN_Close,2014-11-26,333.570007
AMZN_Close,2014-11-28,338.640015
AMZN_Close,2014-12-01,326
AMZN_Close,2014-12-02,326.309998
AMZN_Close,2014-12-03,316.5
AMZN_Close,2014-12-04,316.929993
AMZN_Close,2014-12-05,312.630005
AMZN_Close,2014-12-08,306.640015
AMZN_Close,2014-12-09,312.5
AMZN_Close,2014-12-10,305.839996
AMZN_Close,2014-12-11,307.359985
AMZN_Close,2014-12-12,307.320007
AMZN_Close,2014-12-15,306.070007
AMZN_Close,2014-12-16,295.059998
AMZN_Close,2014-12-17,298.880005
AMZN_Close,2014-12-18,297.730011
AMZN_Close,2014-12-19,299.899994
AMZN_Close,2014-12-22,306.540009
AMZN_Close,2014-12-23,306.290009
AMZN_Close,2014-12-24,303.029999
AMZN_Close,2014-12-26,309.089996
AMZN_Close,2014-12-29,312.040009
AMZN_Close,2014-12-30,310.299988
AMZN_Close,2014-12-31,310.350006
AMZN_Close,2015-01-02,308.519989
AMZN_Close,2015-01-05,302.190002
AMZN_Close,2015-01-06,295.290009
AMZN_Close,2015-01-07,298.420013
AMZN_Close,2015-01-08,300.459991
AMZN_Close,2015-01-09,296.929993
AMZN_Close,2015-01-12,291.410004
AMZN_Close,2015-01-13,294.73999
AMZN_Close,2015-01-14,293.269989
AMZN_Close,2015-01-15,286.950012
AMZN_Close,2015-01-16,290.73999
AMZN_Close,2015-01-20,289.440002
AMZN_Close,2015-01-21,297.25
AMZN_Close,2015-01-22,310.320007
AMZN_Close,2015-01-23,312.390015
AMZN_Close,2015-01-26,309.660004
AMZN_Close,2015-01-27,306.75
AMZN_Close,2015-01-28,303.910004
AMZN_Close,2015-01-29,311.779999
AMZN_Close,2015-01-30,354.529999
AMZN_Close,2015-02-02,364.470001
AMZN_Close,2015-02-03,363.549988
AMZN_Close,2015-02-04,364.75
AMZN_Close,2015-02-05,373.890015
AMZN_Close,2015-02-06,374.279999
AMZN_Close,2015-02-09,370.559998
AMZN_Close,2015-02-10,373
AMZN_Close,2015-02-11,375.140015
AMZN_Close,2015-02-12,377.170013
AMZN_Close,2015-02-13,381.829987
AMZN_Close,2015-02-17,375.429993
AMZN_Close,2015-02-18,373.369995
AMZN_Close,2015-02-19,379
AMZN_Close,2015-02-20,383.660004
AMZN_Close,2015-02-23,380.140015
AMZN_Close,2015-02-24,378.589996
AMZN_Close,2015-02-25,385.369995
AMZN_Close,2015-02-26,384.799988
AMZN_Close,2015-02-27,380.160004
AMZN_Close,2015-03-02,385.660004
AMZN_Close,2015-03-03,384.609985
AMZN_Close,2015-03-04,382.720001
AMZN_Close,2015-03-05,387.829987
AMZN_Close,2015-03-06,380.089996
AMZN_Close,2015-03-09,378.559998
AMZN_Close,2015-03-10,369.51001
AMZN_Close,2015-03-11,366.369995
AMZN_Close,2015-03-12,374.23999
AMZN_Close,2015-03-13,370.579987
AMZN_Close,2015-03-16,373.350006
AMZN_Close,2015-03-17,371.920013
AMZN_Close,2015-03-18,375.140015
AMZN_Close,2015-03-19,373.23999
AMZN_Close,2015-03-20,378.48999
AMZN_Close,2015-03-23,375.109985
AMZN_Close,2015-03-24,374.089996
AMZN_Close,2015-03-25,370.959991
AMZN_Close,2015-03-26,367.350006
AMZN_Close,2015-03-27,370.559998
AMZN_Close,2015-03-30,374.589996
AMZN_Close,2015-03-31,372.100006
AMZN_Close,2015-04-01,370.26001
AMZN_Close,2015-04-02,372.25
AMZN_Close,2015-04-06,377.040009
AMZN_Close,2015-04-07,374.410004
AMZN_Close,2015-04-08,381.200012
AMZN_Close,2015-04-09,383.540009
AMZN_Close,2015-04-10,382.649994
AMZN_Close,2015-04-13,382.359985
AMZN_Close,2015-04-14,385.109985
AMZN_Close,2015-04-15,383.450012
AMZN_Close,2015-04-16,386.040009
AMZN_Close,2015-04-17,375.559998
AMZN_Close,2015-04-20,389.51001
AMZN_Close,2015-04-21,391.179993
AMZN_Close,2015-04-22,389.799988
AMZN_Close,2015-04-23,389.98999
AMZN_Close,2015-04-24,445.100006
AMZN_Close,2015-04-27,438.559998
AMZN_Close,2015-04-28,429.309998
AMZN_Close,2015-04-29,429.369995
AMZN_Close,2015-04-30,421.779999
AMZN_Close,2015-05-01,422.869995
AMZN_Close,2015-05-04,423.040009
AMZN_Close,2015-05-05,421.190002
AMZN_Close,2015-05-06,419.100006
AMZN_Close,2015-05-07,426.880005
AMZN_Close,2015-05-08,433.690002
AMZN_Close,2015-05-11,432.850006
AMZN_Close,2015-05-12,431.019989
AMZN_Close,2015-05-13,426.869995
AMZN_Close,2015-05-14,432.279999
AMZN_Close,2015-05-15,426
AMZN_Close,2015-05-18,425.23999
AMZN_Close,2015-05-19,421.709991
AMZN_Close,2015-05-20,423.859985
AMZN_Close,2015-05-21,431.630005
AMZN_Close,2015-05-22,427.630005
AMZN_Close,2015-05-26,425.470001
AMZN_Close,2015-05-27,431.420013
AMZN_Close,2015-05-28,426.570007
AMZN_Close,2015-05-29,429.230011
AMZN_Close,2015-06-01,430.920013
AMZN_Close,2015-06-02,430.98999
AMZN_Close,2015-06-03,436.589996
AMZN_Close,2015-06-04,430.779999
AMZN_Close,2015-06-05,426.950012
AMZN_Close,2015-06-08,423.5
AMZN_Close,2015-06-09,425.480011
AMZN_Close,2015-06-10,430.769989
AMZN_Close,2015-06-11,432.970001
AMZN_Close,2015-06-12,429.920013
AMZN_Close,2015-06-15,423.670013
AMZN_Close,2015-06-16,427.26001
AMZN_Close,2015-06-17,427.809998
AMZN_Close,2015-06-18,439.390015
AMZN_Close,2015-06-19,434.920013
AMZN_Close,2015-06-22,436.290009
AMZN_Close,2015-06-23,445.98999
AMZN_Close,2015-06-24,440.839996
AMZN_Close,2015-06-25,440.100006
AMZN_Close,2015-06-26,438.100006
AMZN_Close,2015-06-29,429.859985
AMZN_Close,2015-06-30,434.089996
AMZN_Close,2015-07-01,437.390015
AMZN_Close,2015-07-02,437.709991
AMZN_Close,2015-07-06,436.040009
AMZN_Close,2015-07-07,436.720001
AMZN_Close,2015-07-08,429.700012
AMZN_Close,2015-07-09,434.390015
AMZN_Close,2015-07-10,443.51001
AMZN_Close,2015-07-13,455.570007
AMZN_Close,2015-07-14,465.570007
AMZN_Close,2015-07-15,461.190002
AMZN_Close,2015-07-16,475.480011
AMZN_Close,2015-07-17,483.01001
AMZN_Close,2015-07-20,488.100006
AMZN_Close,2015-07-21,488
AMZN_Close,2015-07-22,488.269989
AMZN_Close,2015-07-23,482.179993
AMZN_Close,2015-07-24,529.419983
AMZN_Close,2015-07-27,531.409973
AMZN_Close,2015-07-28,526.030029
AMZN_Close,2015-07-29,529
AMZN_Close,2015-07-30,536.76001
AMZN_Close,2015-07-31,536.150024
AMZN_Close,2015-08-03,535.030029
AMZN_Close,2015-08-04,531.900024
AMZN_Close,2015-08-05,537.01001
AMZN_Close,2015-08-06,529.460022
AMZN_Close,2015-08-07,522.619995
AMZN_Close,2015-08-10,524
AMZN_Close,2015-08-11,527.460022
AMZN_Close,2015-08-12,525.909973
AMZN_Close,2015-08-13,529.659973
AMZN_Close,2015-08-14,531.52002
AMZN_Close,2015-08-17,535.219971
AMZN_Close,2015-08-18,535.02002
AMZN_Close,2015-08-19,532.919983
AMZN_Close,2015-08-20,515.780029
AMZN_Close,2015-08-21,494.470001
AMZN_Close,2015-08-24,463.369995
AMZN_Close,2015-08-25,466.369995
AMZN_Close,2015-08-26,500.769989
AMZN_Close,2015-08-27,518.369995
AMZN_Close,2015-08-28,518.01001
AMZN_Close,2015-08-31,512.890015
AMZN_Close,2015-09-01,496.540009
AMZN_Close,2015-09-02,510.549988
AMZN_Close,2015-09-03,504.720001
AMZN_Close,2015-09-04,499
AMZN_Close,2015-09-08,517.539978
AMZN_Close,2015-09-09,516.890015
AMZN_Close,2015-09-10,522.23999
AMZN_Close,2015-09-11,529.440002
AMZN_Close,2015-09-14,521.380005
AMZN_Close,2015-09-15,522.369995
AMZN_Close,2015-09-16,527.390015
AMZN_Close,2015-09-17,538.869995
AMZN_Close,2015-09-18,540.26001
AMZN_Close,2015-09-21,548.390015
AMZN_Close,2015-09-22,538.400024
AMZN_Close,2015-09-23,536.070007
AMZN_Close,2015-09-24,533.75
AMZN_Close,2015-09-25,524.25
AMZN_Close,2015-09-28,504.059998
AMZN_Close,2015-09-29,496.070007
AMZN_Close,2015-09-30,511.890015
AMZN_Close,2015-10-01,520.719971
AMZN_Close,2015-10-02,532.539978
AMZN_Close,2015-10-05,543.679993
AMZN_Close,2015-10-06,537.47998
AMZN_Close,2015-10-07,541.940002
AMZN_Close,2015-10-08,533.159973
AMZN_Close,2015-10-09,539.799988
AMZN_Close,2015-10-12,550.190002
AMZN_Close,2015-10-13,548.900024
AMZN_Close,2015-10-14,544.830017
AMZN_Close,2015-10-15,562.440002
AMZN_Close,2015-10-16,570.76001
AMZN_Close,2015-10-19,573.150024
AMZN_Close,2015-10-20,560.880005
AMZN_Close,2015-10-21,555.77002
AMZN_Close,2015-10-22,563.909973
AMZN_Close,2015-10-23,599.030029
AMZN_Close,2015-10-26,608.609985
AMZN_Close,2015-10-27,611.01001
AMZN_Close,2015-10-28,617.099976
AMZN_Close,2015-10-29,626.549988
AMZN_Close,2015-10-30,625.900024
AMZN_Close,2015-11-02,628.349976
AMZN_Close,2015-11-03,625.309998
AMZN_Close,2015-11-04,640.950012
AMZN_Close,2015-11-05,655.650024
AMZN_Close,2015-11-06,659.369995
AMZN_Close,2015-11-09,655.48999
AMZN_Close,2015-11-10,659.679993
AMZN_Close,2015-11-11,673.25
AMZN_Close,2015-11-12,665.599976
AMZN_Close,2015-11-13,642.349976
AMZN_Close,2015-11-16,647.809998
AMZN_Close,2015-11-17,643.299988
AMZN_Close,2015-11-18,663.539978
AMZN_Close,2015-11-19,661.27002
AMZN_Close,2015-11-20,668.450012
AMZN_Close,2015-11-23,678.98999
AMZN_Close,2015-11-24,671.150024
AMZN_Close,2015-11-25,675.340027
AMZN_Close,2015-11-27,673.26001
AMZN_Close,2015-11-30,664.799988
AMZN_Close,2015-12-01,679.059998
AMZN_Close,2015-12-02,676.01001
AMZN_Close,2015-12-03,666.25
AMZN_Close,2015-12-04,672.640015
AMZN_Close,2015-12-07,669.830017
AMZN_Close,2015-12-08,677.330017
AMZN_Close,2015-12-09,664.789978
AMZN_Close,2015-12-10,662.320007
AMZN_Close,2015-12-11,640.150024
AMZN_Close,2015-12-14,657.909973
AMZN_Close,2015-12-15,658.640015
AMZN_Close,2015-12-16,675.77002
AMZN_Close,2015-12-17,670.650024
AMZN_Close,2015-12-18,664.140015
AMZN_Close,2015-12-21,664.51001
AMZN_Close,2015-12-22,663.150024
AMZN_Close,2015-12-23,663.700012
AMZN_Close,2015-12-24,662.789978
AMZN_Close,2015-12-28,675.200012
AMZN_Close,2015-12-29,693.969971
AMZN_Close,2015-12-30,689.070007
AMZN_Close,2015-12-31,675.890015
AMZN_Close,2016-01-04,636.98999
AMZN_Close,2016-01-05,633.789978
AMZN_Close,2016-01-06,632.650024
AMZN_Close,2016-01-07,607.940002
AMZN_Close,2016-01-08,607.049988
AMZN_Close,2016-01-11,617.73999
AMZN_Close,2016-01-12,617.890015
AMZN_Close,2016-01-13,581.809998
AMZN_Close,2016-01-14,593
AMZN_Close,2016-01-15,570.179993
AMZN_Close,2016-01-19,574.47998
AMZN_Close,2016-01-20,571.77002
AMZN_Close,2016-01-21,575.02002
AMZN_Close,2016-01-22,596.380005
AMZN_Close,2016-01-25,596.530029
AMZN_Close,2016-01-26,601.25
AMZN_Close,2016-01-27,583.349976
AMZN_Close,2016-01-28,635.349976
AMZN_Close,2016-01-29,587
AMZN_Close,2016-02-01,574.809998
AMZN_Close,2016-02-02,552.099976
AMZN_Close,2016-02-03,531.070007
AMZN_Close,2016-02-04,536.26001
AMZN_Close,2016-02-05,502.130005
AMZN_Close,2016-02-08,488.100006
AMZN_Close,2016-02-09,482.070007
AMZN_Close,2016-02-10,490.480011
AMZN_Close,2016-02-11,503.820007
AMZN_Close,2016-02-12,507.079987
AMZN_Close,2016-02-16,521.099976
AMZN_Close,2016-02-17,534.099976
AMZN_Close,2016-02-18,525
AMZN_Close,2016-02-19,534.900024
AMZN_Close,2016-02-22,559.5
AMZN_Close,2016-02-23,552.940002
AMZN_Close,2016-02-24,554.039978
AMZN_Close,2016-02-25,555.150024
AMZN_Close,2016-02-26,555.22998
AMZN_Close,2016-02-29,552.52002
AMZN_Close,2016-03-01,579.039978
AMZN_Close,2016-03-02,580.210022
AMZN_Close,2016-03-03,577.48999
AMZN_Close,2016-03-04,575.140015
AMZN_Close,2016-03-07,562.799988
AMZN_Close,2016-03-08,560.26001
AMZN_Close,2016-03-09,559.469971
AMZN_Close,2016-03-10,558.929993
AMZN_Close,2016-03-11,569.609985
AMZN_Close,2016-03-14,573.369995
AMZN_Close,2016-03-15,577.02002
AMZN_Close,2016-03-16,574.27002
AMZN_Close,2016-03-17,559.440002
AMZN_Close,2016-03-18,552.080017
AMZN_Close,2016-03-21,553.97998
AMZN_Close,2016-03-22,560.47998
AMZN_Close,2016-03-23,569.630005
AMZN_Close,2016-03-24,582.950012
AMZN_Close,2016-03-28,579.869995
AMZN_Close,2016-03-29,593.859985
AMZN_Close,2016-03-30,598.690002
AMZN_Close,2016-03-31,593.640015
AMZN_Close,2016-04-01,598.5
AMZN_Close,2016-04-04,593.190002
AMZN_Close,2016-04-05,586.140015
AMZN_Close,2016-04-06,602.080017
AMZN_Close,2016-04-07,591.429993
AMZN_Close,2016-04-08,594.599976
AMZN_Close,2016-04-11,595.929993
AMZN_Close,2016-04-12,603.169983
AMZN_Close,2016-04-13,614.820007
AMZN_Close,2016-04-14,620.75
AMZN_Close,2016-04-15,625.890015
AMZN_Close,2016-04-18,635.349976
AMZN_Close,2016-04-19,627.900024
AMZN_Close,2016-04-20,632.98999
AMZN_Close,2016-04-21,631
AMZN_Close,2016-04-22,620.5
AMZN_Close,2016-04-25,626.200012
AMZN_Close,2016-04-26,616.880005
AMZN_Close,2016-04-27,606.570007
AMZN_Close,2016-04-28,602
AMZN_Close,2016-04-29,659.590027
AMZN_Close,2016-05-02,683.849976
AMZN_Close,2016-05-03,671.320007
AMZN_Close,2016-05-04,670.900024
AMZN_Close,2016-05-05,659.090027
AMZN_Close,2016-05-06,673.950012
AMZN_Close,2016-05-09,679.75
AMZN_Close,2016-05-10,703.070007
AMZN_Close,2016-05-11,713.22998
AMZN_Close,2016-05-12,717.929993
AMZN_Close,2016-05-13,709.919983
AMZN_Close,2016-05-16,710.659973
AMZN_Close,2016-05-17,695.27002
AMZN_Close,2016-05-18,697.450012
AMZN_Close,2016-05-19,698.52002
AMZN_Close,2016-05-20,702.799988
AMZN_Close,2016-05-23,696.75
AMZN_Close,2016-05-24,704.200012
AMZN_Close,2016-05-25,708.349976
AMZN_Close,2016-05-26,714.909973
AMZN_Close,2016-05-27,712.23999
AMZN_Close,2016-05-31,722.789978
AMZN_Close,2016-06-01,719.440002
AMZN_Close,2016-06-02,728.23999
AMZN_Close,2016-06-03,725.539978
AMZN_Close,2016-06-06,726.72998
AMZN_Close,2016-06-07,723.73999
AMZN_Close,2016-06-08,726.640015
AMZN_Close,2016-06-09,727.650024
AMZN_Close,2016-06-10,717.909973
AMZN_Close,2016-06-13,715.23999
AMZN_Close,2016-06-14,719.299988
AMZN_Close,2016-06-15,714.26001
AMZN_Close,2016-06-16,717.51001
AMZN_Close,2016-06-17,706.390015
AMZN_Close,2016-06-20,714.01001
AMZN_Close,2016-06-21,715.820007
AMZN_Close,2016-06-22,710.599976
AMZN_Close,2016-06-23,722.080017
AMZN_Close,2016-06-24,698.960022
AMZN_Close,2016-06-27,691.359985
AMZN_Close,2016-06-28,707.950012
AMZN_Close,2016-06-29,715.599976
AMZN_Close,2016-06-30,715.619995
AMZN_Close,2016-07-01,725.679993
AMZN_Close,2016-07-05,728.099976
AMZN_Close,2016-07-06,737.609985
AMZN_Close,2016-07-07,736.570007
AMZN_Close,2016-07-08,745.809998
AMZN_Close,2016-07-11,753.780029
AMZN_Close,2016-07-12,748.210022
AMZN_Close,2016-07-13,742.630005
AMZN_Close,2016-07-14,741.200012
AMZN_Close,2016-07-15,735.440002
AMZN_Close,2016-07-18,736.070007
AMZN_Close,2016-07-19,739.950012
AMZN_Close,2016-07-20,745.719971
AMZN_Close,2016-07-21,744.429993
AMZN_Close,2016-07-22,744.859985
AMZN_Close,2016-07-25,739.609985
AMZN_Close,2016-07-26,735.590027
AMZN_Close,2016-07-27,736.669983
AMZN_Close,2016-07-28,752.609985
AMZN_Close,2016-07-29,758.809998
AMZN_Close,2016-08-01,767.73999
AMZN_Close,2016-08-02,760.580017
AMZN_Close,2016-08-03,754.640015
AMZN_Close,2016-08-04,760.77002
AMZN_Close,2016-08-05,765.97998
AMZN_Close,2016-08-08,766.559998
AMZN_Close,2016-08-09,768.309998
AMZN_Close,2016-08-10,768.559998
AMZN_Close,2016-08-11,771.23999
AMZN_Close,2016-08-12,772.559998
AMZN_Close,2016-08-15,768.48999
AMZN_Close,2016-08-16,764.039978
AMZN_Close,2016-08-17,764.630005
AMZN_Close,2016-08-18,764.460022
AMZN_Close,2016-08-19,757.309998
AMZN_Close,2016-08-22,759.47998
AMZN_Close,2016-08-23,762.450012
AMZN_Close,2016-08-24,757.25
AMZN_Close,2016-08-25,759.219971
AMZN_Close,2016-08-26,769
AMZN_Close,2016-08-29,771.289978
AMZN_Close,2016-08-30,767.580017
AMZN_Close,2016-08-31,769.159973
AMZN_Close,2016-09-01,770.619995
AMZN_Close,2016-09-02,772.440002
AMZN_Close,2016-09-06,788.869995
AMZN_Close,2016-09-07,784.47998
AMZN_Close,2016-09-08,784.059998
AMZN_Close,2016-09-09,760.140015
AMZN_Close,2016-09-12,771.48999
AMZN_Close,2016-09-13,761.01001
AMZN_Close,2016-09-14,761.090027
AMZN_Close,2016-09-15,769.690002
AMZN_Close,2016-09-16,778.52002
AMZN_Close,2016-09-19,775.099976
AMZN_Close,2016-09-20,780.219971
AMZN_Close,2016-09-21,789.73999
AMZN_Close,2016-09-22,804.700012
AMZN_Close,2016-09-23,805.75
AMZN_Close,2016-09-26,799.159973
AMZN_Close,2016-09-27,816.109985
AMZN_Close,2016-09-28,828.719971
AMZN_Close,2016-09-29,829.049988
AMZN_Close,2016-09-30,837.309998
AMZN_Close,2016-10-03,836.73999
AMZN_Close,2016-10-04,834.030029
AMZN_Close,2016-10-05,844.359985
AMZN_Close,2016-10-06,841.659973
AMZN_Close,2016-10-07,839.429993
AMZN_Close,2016-10-10,841.710022
AMZN_Close,2016-10-11,831
AMZN_Close,2016-10-12,834.090027
AMZN_Close,2016-10-13,829.280029
AMZN_Close,2016-10-14,822.960022
AMZN_Close,2016-10-17,812.950012
AMZN_Close,2016-10-18,817.650024
AMZN_Close,2016-10-19,817.690002
AMZN_Close,2016-10-20,810.320007
AMZN_Close,2016-10-21,818.98999
AMZN_Close,2016-10-24,838.090027
AMZN_Close,2016-10-25,835.179993
AMZN_Close,2016-10-26,822.590027
AMZN_Close,2016-10-27,818.359985
AMZN_Close,2016-10-28,776.320007
AMZN_Close,2016-10-31,789.820007
AMZN_Close,2016-11-01,785.409973
AMZN_Close,2016-11-02,765.559998
AMZN_Close,2016-11-03,767.030029
AMZN_Close,2016-11-04,755.049988
AMZN_Close,2016-11-07,784.929993
AMZN_Close,2016-11-08,787.75
AMZN_Close,2016-11-09,771.880005
AMZN_Close,2016-11-10,742.380005
AMZN_Close,2016-11-11,739.01001
AMZN_Close,2016-11-14,719.070007
AMZN_Close,2016-11-15,743.23999
AMZN_Close,2016-11-16,746.48999
AMZN_Close,2016-11-17,756.400024
AMZN_Close,2016-11-18,760.159973
AMZN_Close,2016-11-21,780
AMZN_Close,2016-11-22,785.330017
AMZN_Close,2016-11-23,780.119995
AMZN_Close,2016-11-25,780.369995
AMZN_Close,2016-11-28,766.77002
AMZN_Close,2016-11-29,762.52002
AMZN_Close,2016-11-30,750.570007
AMZN_Close,2016-12-01,743.650024
AMZN_Close,2016-12-02,740.340027
AMZN_Close,2016-12-05,759.359985
AMZN_Close,2016-12-06,764.719971
AMZN_Close,2016-12-07,770.419983
AMZN_Close,2016-12-08,767.330017
AMZN_Close,2016-12-09,768.659973
AMZN_Close,2016-12-12,760.119995
AMZN_Close,2016-12-13,774.340027
AMZN_Close,2016-12-14,768.820007
AMZN_Close,2016-12-15,761
AMZN_Close,2016-12-16,757.77002
AMZN_Close,2016-12-19,766
AMZN_Close,2016-12-20,771.219971
AMZN_Close,2016-12-21,770.599976
AMZN_Close,2016-12-22,766.340027
AMZN_Close,2016-12-23,760.590027
AMZN_Close,2016-12-27,771.400024
AMZN_Close,2016-12-28,772.130005
AMZN_Close,2016-12-29,765.150024
AMZN_Close,2016-12-30,749.869995
AMZN_Close,2017-01-03,753.669983
AMZN_Close,2017-01-04,757.179993
AMZN_Close,2017-01-05,780.450012
AMZN_Close,2017-01-06,795.98999
AMZN_Close,2017-01-09,796.919983
AMZN_Close,2017-01-10,795.900024
AMZN_Close,2017-01-11,799.02002
AMZN_Close,2017-01-12,813.640015
AMZN_Close,2017-01-13,817.140015
AMZN_Close,2017-01-17,809.719971
AMZN_Close,2017-01-18,807.47998
AMZN_Close,2017-01-19,809.039978
AMZN_Close,2017-01-20,808.330017
AMZN_Close,2017-01-23,817.880005
AMZN_Close,2017-01-24,822.440002
AMZN_Close,2017-01-25,836.52002
AMZN_Close,2017-01-26,839.150024
AMZN_Close,2017-01-27,835.77002
AMZN_Close,2017-01-30,830.380005
AMZN_Close,2017-01-31,823.47998
AMZN_Close,2017-02-01,832.349976
AMZN_Close,2017-02-02,839.950012
AMZN_Close,2017-02-03,810.200012
AMZN_Close,2017-02-06,807.640015
AMZN_Close,2017-02-07,812.5
AMZN_Close,2017-02-08,819.710022
AMZN_Close,2017-02-09,821.359985
AMZN_Close,2017-02-10,827.460022
AMZN_Close,2017-02-13,836.530029
AMZN_Close,2017-02-14,836.390015
AMZN_Close,2017-02-15,842.700012
AMZN_Close,2017-02-16,844.140015
AMZN_Close,2017-02-17,845.070007
AMZN_Close,2017-02-21,856.440002
AMZN_Close,2017-02-22,855.609985
AMZN_Close,2017-02-23,852.190002
AMZN_Close,2017-02-24,845.23999
AMZN_Close,2017-02-27,848.640015
AMZN_Close,2017-02-28,845.039978
AMZN_Close,2017-03-01,853.080017
AMZN_Close,2017-03-02,848.909973
AMZN_Close,2017-03-03,849.880005
AMZN_Close,2017-03-06,846.609985
AMZN_Close,2017-03-07,846.02002
AMZN_Close,2017-03-08,850.5
AMZN_Close,2017-03-09,853
AMZN_Close,2017-03-10,852.460022
AMZN_Close,2017-03-13,854.590027
AMZN_Close,2017-03-14,852.530029
AMZN_Close,2017-03-15,852.969971
AMZN_Close,2017-03-16,853.419983
AMZN_Close,2017-03-17,852.309998
AMZN_Close,2017-03-20,856.969971
AMZN_Close,2017-03-21,843.200012
AMZN_Close,2017-03-22,848.059998
AMZN_Close,2017-03-23,847.380005
AMZN_Close,2017-03-24,845.609985
AMZN_Close,2017-03-27,846.820007
AMZN_Close,2017-03-28,856
AMZN_Close,2017-03-29,874.320007
AMZN_Close,2017-03-30,876.340027
AMZN_Close,2017-03-31,886.539978
AMZN_Close,2017-04-03,891.51001
AMZN_Close,2017-04-04,906.830017
AMZN_Close,2017-04-05,909.280029
AMZN_Close,2017-04-06,898.280029
AMZN_Close,2017-04-07,894.880005
AMZN_Close,2017-04-10,907.039978
AMZN_Close,2017-04-11,902.359985
AMZN_Close,2017-04-12,896.22998
AMZN_Close,2017-04-13,884.669983
AMZN_Close,2017-04-17,901.98999
AMZN_Close,2017-04-18,903.780029
AMZN_Close,2017-04-19,899.200012
AMZN_Close,2017-04-20,902.059998
AMZN_Close,2017-04-21,898.530029
AMZN_Close,2017-04-24,907.409973
AMZN_Close,2017-04-25,907.619995
AMZN_Close,2017-04-26,909.289978
AMZN_Close,2017-04-27,918.380005
AMZN_Close,2017-04-28,924.98999
AMZN_Close,2017-05-01,948.22998
AMZN_Close,2017-05-02,946.940002
AMZN_Close,2017-05-03,941.030029
AMZN_Close,2017-05-04,937.530029
AMZN_Close,2017-05-05,934.150024
AMZN_Close,2017-05-08,949.039978
AMZN_Close,2017-05-09,952.820007
AMZN_Close,2017-05-10,948.950012
AMZN_Close,2017-05-11,947.619995
AMZN_Close,2017-05-12,961.349976
AMZN_Close,2017-05-15,957.969971
AMZN_Close,2017-05-16,966.070007
AMZN_Close,2017-05-17,944.76001
AMZN_Close,2017-05-18,958.48999
AMZN_Close,2017-05-19,959.840027
AMZN_Close,2017-05-22,970.669983
AMZN_Close,2017-05-23,971.539978
AMZN_Close,2017-05-24,980.349976
AMZN_Close,2017-05-25,993.380005
AMZN_Close,2017-05-26,995.780029
AMZN_Close,2017-05-30,996.700012
AMZN_Close,2017-05-31,994.619995
AMZN_Close,2017-06-01,995.950012
AMZN_Close,2017-06-02,1006.72998
AMZN_Close,2017-06-05,1011.340027
AMZN_Close,2017-06-06,1003
AMZN_Close,2017-06-07,1010.070007
AMZN_Close,2017-06-08,1010.27002
AMZN_Close,2017-06-09,978.309998
AMZN_Close,2017-06-12,964.909973
AMZN_Close,2017-06-13,980.789978
AMZN_Close,2017-06-14,976.469971
AMZN_Close,2017-06-15,964.169983
AMZN_Close,2017-06-16,987.710022
AMZN_Close,2017-06-19,995.169983
AMZN_Close,2017-06-20,992.590027
AMZN_Close,2017-06-21,1002.22998
AMZN_Close,2017-06-22,1001.299988
AMZN_Close,2017-06-23,1003.73999
AMZN_Close,2017-06-26,993.97998
AMZN_Close,2017-06-27,976.780029
AMZN_Close,2017-06-28,990.330017
AMZN_Close,2017-06-29,975.929993
AMZN_Close,2017-06-30,968
AMZN_Close,2017-07-03,953.659973
AMZN_Close,2017-07-05,971.400024
AMZN_Close,2017-07-06,965.140015
AMZN_Close,2017-07-07,978.76001
AMZN_Close,2017-07-10,996.469971
AMZN_Close,2017-07-11,994.130005
AMZN_Close,2017-07-12,1006.51001
AMZN_Close,2017-07-13,1000.630005
AMZN_Close,2017-07-14,1001.809998
AMZN_Close,2017-07-17,1010.039978
AMZN_Close,2017-07-18,1024.449951
AMZN_Close,2017-07-19,1026.869995
AMZN_Close,2017-07-20,1028.699951
AMZN_Close,2017-07-21,1025.670044
AMZN_Close,2017-07-24,1038.949951
AMZN_Close,2017-07-25,1039.869995
AMZN_Close,2017-07-26,1052.800049
AMZN_Close,2017-07-27,1046
AMZN_Close,2017-07-28,1020.039978
AMZN_Close,2017-07-31,987.780029
AMZN_Close,2017-08-01,996.190002
AMZN_Close,2017-08-02,995.890015
AMZN_Close,2017-08-03,986.919983
AMZN_Close,2017-08-04,987.580017
AMZN_Close,2017-08-07,992.27002
AMZN_Close,2017-08-08,989.840027
AMZN_Close,2017-08-09,982.01001
AMZN_Close,2017-08-10,956.919983
AMZN_Close,2017-08-11,967.98999
AMZN_Close,2017-08-14,983.299988
AMZN_Close,2017-08-15,982.73999
AMZN_Close,2017-08-16,978.179993
AMZN_Close,2017-08-17,960.570007
AMZN_Close,2017-08-18,958.469971
AMZN_Close,2017-08-21,953.289978
AMZN_Close,2017-08-22,966.900024
AMZN_Close,2017-08-23,958
AMZN_Close,2017-08-24,952.450012
AMZN_Close,2017-08-25,945.26001
AMZN_Close,2017-08-28,946.02002
AMZN_Close,2017-08-29,954.059998
AMZN_Close,2017-08-30,967.590027
AMZN_Close,2017-08-31,980.599976
AMZN_Close,2017-09-01,978.25
AMZN_Close,2017-09-05,965.27002
AMZN_Close,2017-09-06,967.799988
AMZN_Close,2017-09-07,979.469971
AMZN_Close,2017-09-08,965.900024
AMZN_Close,2017-09-11,977.960022
AMZN_Close,2017-09-12,982.580017
AMZN_Close,2017-09-13,999.599976
AMZN_Close,2017-09-14,992.210022
AMZN_Close,2017-09-15,986.789978
AMZN_Close,2017-09-18,974.190002
AMZN_Close,2017-09-19,969.859985
AMZN_Close,2017-09-20,973.210022
AMZN_Close,2017-09-21,964.650024
AMZN_Close,2017-09-22,955.099976
AMZN_Close,2017-09-25,939.789978
AMZN_Close,2017-09-26,938.599976
AMZN_Close,2017-09-27,950.869995
AMZN_Close,2017-09-28,956.400024
AMZN_Close,2017-09-29,961.349976
AMZN_Close,2017-10-02,959.190002
AMZN_Close,2017-10-03,957.099976
AMZN_Close,2017-10-04,965.450012
AMZN_Close,2017-10-05,980.849976
AMZN_Close,2017-10-06,989.580017
AMZN_Close,2017-10-09,990.98999
AMZN_Close,2017-10-10,987.200012
AMZN_Close,2017-10-11,995
AMZN_Close,2017-10-12,1000.929993
AMZN_Close,2017-10-13,1002.940002
AMZN_Close,2017-10-16,1006.340027
AMZN_Close,2017-10-17,1009.130005
AMZN_Close,2017-10-18,997
AMZN_Close,2017-10-19,986.609985
AMZN_Close,2017-10-20,982.909973
AMZN_Close,2017-10-23,966.299988
AMZN_Close,2017-10-24,975.900024
AMZN_Close,2017-10-25,972.909973
AMZN_Close,2017-10-26,972.429993
AMZN_Close,2017-10-27,1100.949951
AMZN_Close,2017-10-30,1110.849976
AMZN_Close,2017-10-31,1105.280029
AMZN_Close,2017-11-01,1103.680054
AMZN_Close,2017-11-02,1094.219971
AMZN_Close,2017-11-03,1111.599976
AMZN_Close,2017-11-06,1120.660034
AMZN_Close,2017-11-07,1123.170044
AMZN_Close,2017-11-08,1132.880005
AMZN_Close,2017-11-09,1129.130005
AMZN_Close,2017-11-10,1125.349976
AMZN_Close,2017-11-13,1129.170044
AMZN_Close,2017-11-14,1136.839966
AMZN_Close,2017-11-15,1126.689941
AMZN_Close,2017-11-16,1137.290039
AMZN_Close,2017-11-17,1129.880005
AMZN_Close,2017-11-20,1126.310059
AMZN_Close,2017-11-21,1139.48999
AMZN_Close,2017-11-22,1156.160034
AMZN_Close,2017-11-24,1186
AMZN_Close,2017-11-27,1195.829956
AMZN_Close,2017-11-28,1193.599976
AMZN_Close,2017-11-29,1161.27002
AMZN_Close,2017-11-30,1176.75
AMZN_Close,2017-12-01,1162.349976
AMZN_Close,2017-12-04,1133.949951
AMZN_Close,2017-12-05,1141.569946
AMZN_Close,2017-12-06,1152.349976
AMZN_Close,2017-12-07,1159.790039
AMZN_Close,2017-12-08,1162
AMZN_Close,2017-12-11,1168.920044
AMZN_Close,2017-12-12,1165.079956
AMZN_Close,2017-12-13,1164.130005
AMZN_Close,2017-12-14,1174.26001
AMZN_Close,2017-12-15,1179.140015
AMZN_Close,2017-12-18,1190.579956
AMZN_Close,2017-12-19,1187.380005
AMZN_Close,2017-12-20,1177.619995
AMZN_Close,2017-12-21,1174.76001
AMZN_Close,2017-12-22,1168.359985
AMZN_Close,2017-12-26,1176.76001
AMZN_Close,2017-12-27,1182.26001
AMZN_Close,2017-12-28,1186.099976
AMZN_Close,2017-12-29,1169.469971
AMZN_Close,2018-01-02,1189.01001
AMZN_Close,2018-01-03,1204.199951
AMZN_Close,2018-01-04,1209.589966
AMZN_Close,2018-01-05,1229.140015
AMZN_Close,2018-01-08,1246.869995
AMZN_Close,2018-01-09,1252.699951
AMZN_Close,2018-01-10,1254.329956
AMZN_Close,2018-01-11,1276.680054
AMZN_Close,2018-01-12,1305.199951
AMZN_Close,2018-01-16,1304.859985
AMZN_Close,2018-01-17,1295
AMZN_Close,2018-01-18,1293.319946
AMZN_Close,2018-01-19,1294.579956
AMZN_Close,2018-01-22,1327.310059
AMZN_Close,2018-01-23,1362.540039
AMZN_Close,2018-01-24,1357.51001
AMZN_Close,2018-01-25,1377.949951
AMZN_Close,2018-01-26,1402.050049
AMZN_Close,2018-01-29,1417.680054
AMZN_Close,2018-01-30,1437.819946
AMZN_Close,2018-01-31,1450.890015
AMZN_Close,2018-02-01,1390
AMZN_Close,2018-02-02,1429.949951
AMZN_Close,2018-02-05,1390
AMZN_Close,2018-02-06,1442.839966
AMZN_Close,2018-02-07,1416.780029
AMZN_Close,2018-02-08,1350.5
AMZN_Close,2018-02-09,1339.599976
AMZN_Close,2018-02-12,1386.22998
AMZN_Close,2018-02-13,1414.51001
AMZN_Close,2018-02-14,1451.050049
AMZN_Close,2018-02-15,1461.76001
AMZN_Close,2018-02-16,1448.689941
AMZN_Close,2018-02-20,1468.349976
AMZN_Close,2018-02-21,1482.920044
AMZN_Close,2018-02-22,1485.339966
AMZN_Close,2018-02-23,1500
AMZN_Close,2018-02-26,1521.949951
AMZN_Close,2018-02-27,1511.97998
AMZN_Close,2018-02-28,1512.449951
AMZN_Close,2018-03-01,1493.449951
AMZN_Close,2018-03-02,1500.25
AMZN_Close,2018-03-05,1523.609985
AMZN_Close,2018-03-06,1537.640015
AMZN_Close,2018-03-07,1545
AMZN_Close,2018-03-08,1551.859985
AMZN_Close,2018-03-09,1578.890015
AMZN_Close,2018-03-12,1598.390015
AMZN_Close,2018-03-13,1588.180054
AMZN_Close,2018-03-14,1591
AMZN_Close,2018-03-15,1582.319946
AMZN_Close,2018-03-16,1571.680054
AMZN_Close,2018-03-19,1544.930054
AMZN_Close,2018-03-20,1586.51001
AMZN_Close,2018-03-21,1581.859985
AMZN_Close,2018-03-22,1544.920044
AMZN_Close,2018-03-23,1495.560059
AMZN_Close,2018-03-26,1555.859985
AMZN_Close,2018-03-27,1497.050049
AMZN_Close,2018-03-28,1431.420044
AMZN_Close,2018-03-29,1447.339966
AMZN_Close,2018-04-02,1371.98999
AMZN_Close,2018-04-03,1392.050049
AMZN_Close,2018-04-04,1410.569946
AMZN_Close,2018-04-05,1451.75
AMZN_Close,2018-04-06,1405.22998
AMZN_Close,2018-04-09,1406.079956
AMZN_Close,2018-04-10,1436.219971
AMZN_Close,2018-04-11,1427.050049
AMZN_Close,2018-04-12,1448.5
AMZN_Close,2018-04-13,1430.790039
AMZN_Close,2018-04-16,1441.5
AMZN_Close,2018-04-17,1503.829956
AMZN_Close,2018-04-18,1527.839966
AMZN_Close,2018-04-19,1556.910034
AMZN_Close,2018-04-20,1527.48999
AMZN_Close,2018-04-23,1517.859985
AMZN_Close,2018-04-24,1460.089966
AMZN_Close,2018-04-25,1460.170044
AMZN_Close,2018-04-26,1517.959961
AMZN_Close,2018-04-27,1572.619995
AMZN_Close,2018-04-30,1566.130005
AMZN_Close,2018-05-01,1582.26001
AMZN_Close,2018-05-02,1569.680054
AMZN_Close,2018-05-03,1572.079956
AMZN_Close,2018-05-04,1580.949951
AMZN_Close,2018-05-07,1600.140015
AMZN_Close,2018-05-08,1592.390015
AMZN_Close,2018-05-09,1608
AMZN_Close,2018-05-10,1609.079956
AMZN_Close,2018-05-11,1602.910034
AMZN_Close,2018-05-14,1601.540039
AMZN_Close,2018-05-15,1576.119995
AMZN_Close,2018-05-16,1587.280029
AMZN_Close,2018-05-17,1581.76001
AMZN_Close,2018-05-18,1574.369995
AMZN_Close,2018-05-21,1585.459961
AMZN_Close,2018-05-22,1581.400024
AMZN_Close,2018-05-23,1601.859985
AMZN_Close,2018-05-24,1603.069946
AMZN_Close,2018-05-25,1610.150024
AMZN_Close,2018-05-29,1612.869995
AMZN_Close,2018-05-30,1624.890015
AMZN_Close,2018-05-31,1629.619995
AMZN_Close,2018-06-01,1641.540039
AMZN_Close,2018-06-04,1665.27002
AMZN_Close,2018-06-05,1696.349976
AMZN_Close,2018-06-06,1695.75
AMZN_Close,2018-06-07,1689.300049
AMZN_Close,2018-06-08,1683.98999
AMZN_Close,2018-06-11,1689.119995
AMZN_Close,2018-06-12,1698.75
AMZN_Close,2018-06-13,1704.859985
AMZN_Close,2018-06-14,1723.859985
AMZN_Close,2018-06-15,1715.969971
AMZN_Close,2018-06-18,1723.790039
AMZN_Close,2018-06-19,1734.780029
AMZN_Close,2018-06-20,1750.079956
AMZN_Close,2018-06-21,1730.219971
AMZN_Close,2018-06-22,1715.670044
AMZN_Close,2018-06-25,1663.150024
AMZN_Close,2018-06-26,1691.089966
AMZN_Close,2018-06-27,1660.51001
AMZN_Close,2018-06-28,1701.449951
AMZN_Close,2018-06-29,1699.800049
AMZN_Close,2018-07-02,1713.780029
AMZN_Close,2018-07-03,1693.959961
AMZN_Close,2018-07-05,1699.72998
AMZN_Close,2018-07-06,1710.630005
AMZN_Close,2018-07-09,1739.02002
AMZN_Close,2018-07-10,1743.069946
AMZN_Close,2018-07-11,1755
AMZN_Close,2018-07-12,1796.619995
AMZN_Close,2018-07-13,1813.030029
AMZN_Close,2018-07-16,1822.48999
AMZN_Close,2018-07-17,1843.930054
AMZN_Close,2018-07-18,1842.920044
AMZN_Close,2018-07-19,1812.969971
AMZN_Close,2018-07-20,1813.699951
AMZN_Close,2018-07-23,1802
AMZN_Close,2018-07-24,1829.23999
AMZN_Close,2018-07-25,1863.609985
AMZN_Close,2018-07-26,1808
AMZN_Close,2018-07-27,1817.27002
AMZN_Close,2018-07-30,1779.219971
AMZN_Close,2018-07-31,1777.439941
AMZN_Close,2018-08-01,1797.170044
AMZN_Close,2018-08-02,1834.329956
AMZN_Close,2018-08-03,1823.290039
AMZN_Close,2018-08-06,1847.75
AMZN_Close,2018-08-07,1862.47998
AMZN_Close,2018-08-08,1886.52002
AMZN_Close,2018-08-09,1898.52002
AMZN_Close,2018-08-10,1886.300049
AMZN_Close,2018-08-13,1896.199951
AMZN_Close,2018-08-14,1919.650024
AMZN_Close,2018-08-15,1882.619995
AMZN_Close,2018-08-16,1886.52002
AMZN_Close,2018-08-17,1882.219971
AMZN_Close,2018-08-20,1876.709961
AMZN_Close,2018-08-21,1883.420044
AMZN_Close,2018-08-22,1904.900024
AMZN_Close,2018-08-23,1902.900024
AMZN_Close,2018-08-24,1905.390015
AMZN_Close,2018-08-27,1927.680054
AMZN_Close,2018-08-28,1932.819946
AMZN_Close,2018-08-29,1998.099976
AMZN_Close,2018-08-30,2002.380005
AMZN_Close,2018-08-31,2012.709961
AMZN_Close,2018-09-04,2039.51001
AMZN_Close,2018-09-05,1994.819946
AMZN_Close,2018-09-06,1958.310059
AMZN_Close,2018-09-07,1952.069946
AMZN_Close,2018-09-10,1939.01001
AMZN_Close,2018-09-11,1987.150024
AMZN_Close,2018-09-12,1990
AMZN_Close,2018-09-13,1989.869995
AMZN_Close,2018-09-14,1970.189941
AMZN_Close,2018-09-17,1908.030029
AMZN_Close,2018-09-18,1941.050049
AMZN_Close,2018-09-19,1926.420044
AMZN_Close,2018-09-20,1944.300049
AMZN_Close,2018-09-21,1915.01001
AMZN_Close,2018-09-24,1934.359985
AMZN_Close,2018-09-25,1974.550049
AMZN_Close,2018-09-26,1974.849976
AMZN_Close,2018-09-27,2012.97998
AMZN_Close,2018-09-28,2003
AMZN_Close,2018-10-01,2004.359985
AMZN_Close,2018-10-02,1971.310059
AMZN_Close,2018-10-03,1952.76001
AMZN_Close,2018-10-04,1909.420044
AMZN_Close,2018-10-05,1889.650024
AMZN_Close,2018-10-08,1864.420044
AMZN_Close,2018-10-09,1870.319946
AMZN_Close,2018-10-10,1755.25
AMZN_Close,2018-10-11,1719.359985
AMZN_Close,2018-10-12,1788.609985
AMZN_Close,2018-10-15,1760.949951
AMZN_Close,2018-10-16,1819.959961
AMZN_Close,2018-10-17,1831.72998
AMZN_Close,2018-10-18,1770.719971
AMZN_Close,2018-10-19,1764.030029
AMZN_Close,2018-10-22,1789.300049
AMZN_Close,2018-10-23,1768.699951
AMZN_Close,2018-10-24,1664.199951
AMZN_Close,2018-10-25,1782.170044
AMZN_Close,2018-10-26,1642.810059
AMZN_Close,2018-10-29,1538.880005
AMZN_Close,2018-10-30,1530.420044
AMZN_Close,2018-10-31,1598.01001
AMZN_Close,2018-11-01,1665.530029
AMZN_Close,2018-11-02,1665.530029
AMZN_Close,2018-11-05,1627.800049
AMZN_Close,2018-11-06,1642.810059
AMZN_Close,2018-11-07,1755.48999
AMZN_Close,2018-11-08,1754.910034
AMZN_Close,2018-11-09,1712.430054
AMZN_Close,2018-11-12,1636.849976
AMZN_Close,2018-11-13,1631.170044
AMZN_Close,2018-11-14,1599.01001
AMZN_Close,2018-11-15,1619.439941
AMZN_Close,2018-11-16,1593.410034
AMZN_Close,2018-11-19,1512.290039
AMZN_Close,2018-11-20,1495.459961
AMZN_Close,2018-11-21,1516.72998
AMZN_Close,2018-11-23,1502.060059
AMZN_Close,2018-11-26,1581.329956
AMZN_Close,2018-11-27,1581.420044
AMZN_Close,2018-11-28,1677.75
AMZN_Close,2018-11-29,1673.569946
AMZN_Close,2018-11-30,1690.170044
AMZN_Close,2018-12-03,1772.359985
AMZN_Close,2018-12-04,1668.400024
AMZN_Close,2018-12-06,1699.189941
AMZN_Close,2018-12-07,1629.130005
AMZN_Close,2018-12-10,1641.030029
AMZN_Close,2018-12-11,1643.23999
AMZN_Close,2018-12-12,1663.540039
AMZN_Close,2018-12-13,1658.380005
AMZN_Close,2018-12-14,1591.910034
AMZN_Close,2018-12-17,1520.910034
AMZN_Close,2018-12-18,1551.47998
AMZN_Close,2018-12-19,1495.079956
AMZN_Close,2018-12-20,1460.829956
AMZN_Close,2018-12-21,1377.449951
AMZN_Close,2018-12-24,1343.959961
AMZN_Close,2018-12-26,1470.900024
AMZN_Close,2018-12-27,1461.640015
AMZN_Close,2018-12-28,1478.02002
AMZN_Close,2018-12-31,1501.969971
FB_Close,2014-01-02,54.709999
FB_Close,2014-01-03,54.560001
FB_Close,2014-01-06,57.200001
FB_Close,2014-01-07,57.919998
FB_Close,2014-01-08,58.23
FB_Close,2014-01-09,57.220001
FB_Close,2014-01-10,57.939999
FB_Close,2014-01-13,55.91
FB_Close,2014-01-14,57.740002
FB_Close,2014-01-15,57.599998
FB_Close,2014-01-16,57.189999
FB_Close,2014-01-17,56.299999
FB_Close,2014-01-21,58.509998
FB_Close,2014-01-22,57.509998
FB_Close,2014-01-23,56.630001
FB_Close,2014-01-24,54.450001
FB_Close,2014-01-27,53.549999
FB_Close,2014-01-28,55.139999
FB_Close,2014-01-29,53.529999
FB_Close,2014-01-30,61.080002
FB_Close,2014-01-31,62.57
FB_Close,2014-02-03,61.48
FB_Close,2014-02-04,62.75
FB_Close,2014-02-05,62.189999
FB_Close,2014-02-06,62.16
FB_Close,2014-02-07,64.32
FB_Close,2014-02-10,63.549999
FB_Close,2014-02-11,64.849998
FB_Close,2014-02-12,64.449997
FB_Close,2014-02-13,67.330002
FB_Close,2014-02-14,67.089996
FB_Close,2014-02-18,67.300003
FB_Close,2014-02-19,68.059998
FB_Close,2014-02-20,69.629997
FB_Close,2014-02-21,68.589996
FB_Close,2014-02-24,70.779999
FB_Close,2014-02-25,69.849998
FB_Close,2014-02-26,69.260002
FB_Close,2014-02-27,68.940002
FB_Close,2014-02-28,68.459999
FB_Close,2014-03-03,67.410004
FB_Close,2014-03-04,68.800003
FB_Close,2014-03-05,71.57
FB_Close,2014-03-06,70.839996
FB_Close,2014-03-07,69.800003
FB_Close,2014-03-10,72.029999
FB_Close,2014-03-11,70.099998
FB_Close,2014-03-12,70.879997
FB_Close,2014-03-13,68.830002
FB_Close,2014-03-14,67.720001
FB_Close,2014-03-17,68.739998
FB_Close,2014-03-18,69.190002
FB_Close,2014-03-19,68.239998
FB_Close,2014-03-20,66.970001
FB_Close,2014-03-21,67.239998
FB_Close,2014-03-24,64.099998
FB_Close,2014-03-25,64.889999
FB_Close,2014-03-26,60.389999
FB_Close,2014-03-27,60.970001
FB_Close,2014-03-28,60.009998
FB_Close,2014-03-31,60.240002
FB_Close,2014-04-01,62.619999
FB_Close,2014-04-02,62.720001
FB_Close,2014-04-03,59.490002
FB_Close,2014-04-04,56.75
FB_Close,2014-04-07,56.950001
FB_Close,2014-04-08,58.189999
FB_Close,2014-04-09,62.41
FB_Close,2014-04-10,59.16
FB_Close,2014-04-11,58.529999
FB_Close,2014-04-14,58.889999
FB_Close,2014-04-15,59.09
FB_Close,2014-04-16,59.720001
FB_Close,2014-04-17,58.939999
FB_Close,2014-04-21,61.240002
FB_Close,2014-04-22,63.029999
FB_Close,2014-04-23,61.360001
FB_Close,2014-04-24,60.869999
FB_Close,2014-04-25,57.709999
FB_Close,2014-04-28,56.139999
FB_Close,2014-04-29,58.150002
FB_Close,2014-04-30,59.779999
FB_Close,2014-05-01,61.150002
FB_Close,2014-05-02,60.459999
FB_Close,2014-05-05,61.220001
FB_Close,2014-05-06,58.529999
FB_Close,2014-05-07,57.389999
FB_Close,2014-05-08,56.759998
FB_Close,2014-05-09,57.240002
FB_Close,2014-05-12,59.830002
FB_Close,2014-05-13,59.830002
FB_Close,2014-05-14,59.23
FB_Close,2014-05-15,57.919998
FB_Close,2014-05-16,58.02
FB_Close,2014-05-19,59.209999
FB_Close,2014-05-20,58.560001
FB_Close,2014-05-21,60.490002
FB_Close,2014-05-22,60.52
FB_Close,2014-05-23,61.349998
FB_Close,2014-05-27,63.48
FB_Close,2014-05-28,63.509998
FB_Close,2014-05-29,63.830002
FB_Close,2014-05-30,63.299999
FB_Close,2014-06-02,63.080002
FB_Close,2014-06-03,62.869999
FB_Close,2014-06-04,63.34
FB_Close,2014-06-05,63.189999
FB_Close,2014-06-06,62.5
FB_Close,2014-06-09,62.880001
FB_Close,2014-06-10,65.769997
FB_Close,2014-06-11,65.779999
FB_Close,2014-06-12,64.290001
FB_Close,2014-06-13,64.5
FB_Close,2014-06-16,64.190002
FB_Close,2014-06-17,64.400002
FB_Close,2014-06-18,65.599998
FB_Close,2014-06-19,64.339996
FB_Close,2014-06-20,64.5
FB_Close,2014-06-23,65.370003
FB_Close,2014-06-24,65.720001
FB_Close,2014-06-25,67.440002
FB_Close,2014-06-26,67.129997
FB_Close,2014-06-27,67.599998
FB_Close,2014-06-30,67.290001
FB_Close,2014-07-01,68.059998
FB_Close,2014-07-02,66.449997
FB_Close,2014-07-03,66.290001
FB_Close,2014-07-07,65.290001
FB_Close,2014-07-08,62.759998
FB_Close,2014-07-09,64.970001
FB_Close,2014-07-10,64.870003
FB_Close,2014-07-11,66.339996
FB_Close,2014-07-14,67.900002
FB_Close,2014-07-15,67.169998
FB_Close,2014-07-16,67.660004
FB_Close,2014-07-17,66.410004
FB_Close,2014-07-18,68.419998
FB_Close,2014-07-21,69.400002
FB_Close,2014-07-22,69.269997
FB_Close,2014-07-23,71.290001
FB_Close,2014-07-24,74.980003
FB_Close,2014-07-25,75.190002
FB_Close,2014-07-28,74.919998
FB_Close,2014-07-29,73.709999
FB_Close,2014-07-30,74.68
FB_Close,2014-07-31,72.650002
FB_Close,2014-08-01,72.360001
FB_Close,2014-08-04,73.510002
FB_Close,2014-08-05,72.690002
FB_Close,2014-08-06,72.470001
FB_Close,2014-08-07,73.169998
FB_Close,2014-08-08,73.059998
FB_Close,2014-08-11,73.440002
FB_Close,2014-08-12,72.830002
FB_Close,2014-08-13,73.769997
FB_Close,2014-08-14,74.300003
FB_Close,2014-08-15,73.629997
FB_Close,2014-08-18,74.589996
FB_Close,2014-08-19,75.290001
FB_Close,2014-08-20,74.809998
FB_Close,2014-08-21,74.57
FB_Close,2014-08-22,74.57
FB_Close,2014-08-25,75.019997
FB_Close,2014-08-26,75.959999
FB_Close,2014-08-27,74.629997
FB_Close,2014-08-28,73.860001
FB_Close,2014-08-29,74.82
FB_Close,2014-09-02,76.68
FB_Close,2014-09-03,75.830002
FB_Close,2014-09-04,75.949997
FB_Close,2014-09-05,77.260002
FB_Close,2014-09-08,77.889999
FB_Close,2014-09-09,76.669998
FB_Close,2014-09-10,77.43
FB_Close,2014-09-11,77.919998
FB_Close,2014-09-12,77.480003
FB_Close,2014-09-15,74.580002
FB_Close,2014-09-16,76.080002
FB_Close,2014-09-17,76.43
FB_Close,2014-09-18,77
FB_Close,2014-09-19,77.910004
FB_Close,2014-09-22,76.800003
FB_Close,2014-09-23,78.290001
FB_Close,2014-09-24,78.540001
FB_Close,2014-09-25,77.220001
FB_Close,2014-09-26,78.790001
FB_Close,2014-09-29,79
FB_Close,2014-09-30,79.040001
FB_Close,2014-10-01,76.550003
FB_Close,2014-10-02,77.080002
FB_Close,2014-10-03,77.440002
FB_Close,2014-10-06,77.559998
FB_Close,2014-10-07,76.290001
FB_Close,2014-10-08,77.519997
FB_Close,2014-10-09,75.910004
FB_Close,2014-10-10,72.910004
FB_Close,2014-10-13,72.989998
FB_Close,2014-10-14,73.589996
FB_Close,2014-10-15,73.209999
FB_Close,2014-10-16,72.629997
FB_Close,2014-10-17,75.949997
FB_Close,2014-10-20,76.949997
FB_Close,2014-10-21,78.690002
FB_Close,2014-10-22,78.370003
FB_Close,2014-10-23,80.040001
FB_Close,2014-10-24,80.669998
FB_Close,2014-10-27,80.279999
FB_Close,2014-10-28,80.769997
FB_Close,2014-10-29,75.860001
FB_Close,2014-10-30,74.110001
FB_Close,2014-10-31,74.989998
FB_Close,2014-11-03,73.879997
FB_Close,2014-11-04,75.760002
FB_Close,2014-11-05,74.830002
FB_Close,2014-11-06,75.260002
FB_Close,2014-11-07,75.599998
FB_Close,2014-11-10,75
FB_Close,2014-11-11,74.610001
FB_Close,2014-11-12,74.720001
FB_Close,2014-11-13,74.25
FB_Close,2014-11-14,74.879997
FB_Close,2014-11-17,74.239998
FB_Close,2014-11-18,74.339996
FB_Close,2014-11-19,73.330002
FB_Close,2014-11-20,73.599998
FB_Close,2014-11-21,73.75
FB_Close,2014-11-24,74.010002
FB_Close,2014-11-25,75.629997
FB_Close,2014-11-26,77.620003
FB_Close,2014-11-28,77.699997
FB_Close,2014-12-01,75.099998
FB_Close,2014-12-02,75.459999
FB_Close,2014-12-03,74.879997
FB_Close,2014-12-04,75.239998
FB_Close,2014-12-05,76.360001
FB_Close,2014-12-08,76.519997
FB_Close,2014-12-09,76.839996
FB_Close,2014-12-10,76.18
FB_Close,2014-12-11,77.730003
FB_Close,2014-12-12,77.830002
FB_Close,2014-12-15,76.989998
FB_Close,2014-12-16,74.690002
FB_Close,2014-12-17,76.110001
FB_Close,2014-12-18,78.400002
FB_Close,2014-12-19,79.879997
FB_Close,2014-12-22,81.449997
FB_Close,2014-12-23,80.610001
FB_Close,2014-12-24,80.769997
FB_Close,2014-12-26,80.779999
FB_Close,2014-12-29,80.019997
FB_Close,2014-12-30,79.220001
FB_Close,2014-12-31,78.019997
FB_Close,2015-01-02,78.449997
FB_Close,2015-01-05,77.190002
FB_Close,2015-01-06,76.150002
FB_Close,2015-01-07,76.150002
FB_Close,2015-01-08,78.18
FB_Close,2015-01-09,77.739998
FB_Close,2015-01-12,76.720001
FB_Close,2015-01-13,76.449997
FB_Close,2015-01-14,76.279999
FB_Close,2015-01-15,74.050003
FB_Close,2015-01-16,75.18
FB_Close,2015-01-20,76.239998
FB_Close,2015-01-21,76.739998
FB_Close,2015-01-22,77.650002
FB_Close,2015-01-23,77.830002
FB_Close,2015-01-26,77.5
FB_Close,2015-01-27,75.779999
FB_Close,2015-01-28,76.239998
FB_Close,2015-01-29,78
FB_Close,2015-01-30,75.910004
FB_Close,2015-02-02,74.989998
FB_Close,2015-02-03,75.400002
FB_Close,2015-02-04,75.629997
FB_Close,2015-02-05,75.610001
FB_Close,2015-02-06,74.470001
FB_Close,2015-02-09,74.440002
FB_Close,2015-02-10,75.190002
FB_Close,2015-02-11,76.510002
FB_Close,2015-02-12,76.230003
FB_Close,2015-02-13,75.739998
FB_Close,2015-02-17,75.599998
FB_Close,2015-02-18,76.709999
FB_Close,2015-02-19,79.419998
FB_Close,2015-02-20,79.900002
FB_Close,2015-02-23,78.839996
FB_Close,2015-02-24,78.449997
FB_Close,2015-02-25,79.559998
FB_Close,2015-02-26,80.410004
FB_Close,2015-02-27,78.970001
FB_Close,2015-03-02,79.75
FB_Close,2015-03-03,79.599998
FB_Close,2015-03-04,80.900002
FB_Close,2015-03-05,81.209999
FB_Close,2015-03-06,80.010002
FB_Close,2015-03-09,79.440002
FB_Close,2015-03-10,77.550003
FB_Close,2015-03-11,77.57
FB_Close,2015-03-12,78.93
FB_Close,2015-03-13,78.050003
FB_Close,2015-03-16,78.07
FB_Close,2015-03-17,79.360001
FB_Close,2015-03-18,80.910004
FB_Close,2015-03-19,82.75
FB_Close,2015-03-20,83.800003
FB_Close,2015-03-23,84.43
FB_Close,2015-03-24,85.309998
FB_Close,2015-03-25,82.919998
FB_Close,2015-03-26,83.010002
FB_Close,2015-03-27,83.300003
FB_Close,2015-03-30,83.199997
FB_Close,2015-03-31,82.220001
FB_Close,2015-04-01,81.669998
FB_Close,2015-04-02,81.559998
FB_Close,2015-04-06,82.440002
FB_Close,2015-04-07,82.32
FB_Close,2015-04-08,82.279999
FB_Close,2015-04-09,82.169998
FB_Close,2015-04-10,82.040001
FB_Close,2015-04-13,83.010002
FB_Close,2015-04-14,83.519997
FB_Close,2015-04-15,82.709999
FB_Close,2015-04-16,82.309998
FB_Close,2015-04-17,80.779999
FB_Close,2015-04-20,83.089996
FB_Close,2015-04-21,83.620003
FB_Close,2015-04-22,84.629997
FB_Close,2015-04-23,82.410004
FB_Close,2015-04-24,81.529999
FB_Close,2015-04-27,81.910004
FB_Close,2015-04-28,80.68
FB_Close,2015-04-29,80.470001
FB_Close,2015-04-30,78.769997
FB_Close,2015-05-01,78.989998
FB_Close,2015-05-04,78.809998
FB_Close,2015-05-05,77.559998
FB_Close,2015-05-06,78.099998
FB_Close,2015-05-07,78.43
FB_Close,2015-05-08,78.510002
FB_Close,2015-05-11,78.010002
FB_Close,2015-05-12,77.459999
FB_Close,2015-05-13,78.440002
FB_Close,2015-05-14,81.370003
FB_Close,2015-05-15,80.419998
FB_Close,2015-05-18,80.879997
FB_Close,2015-05-19,80.629997
FB_Close,2015-05-20,80.550003
FB_Close,2015-05-21,80.480003
FB_Close,2015-05-22,80.540001
FB_Close,2015-05-26,79.330002
FB_Close,2015-05-27,80.550003
FB_Close,2015-05-28,80.150002
FB_Close,2015-05-29,79.190002
FB_Close,2015-06-01,80.290001
FB_Close,2015-06-02,80.440002
FB_Close,2015-06-03,82.440002
FB_Close,2015-06-04,82.050003
FB_Close,2015-06-05,82.139999
FB_Close,2015-06-08,80.669998
FB_Close,2015-06-09,80.669998
FB_Close,2015-06-10,82.160004
FB_Close,2015-06-11,81.830002
FB_Close,2015-06-12,81.529999
FB_Close,2015-06-15,80.709999
FB_Close,2015-06-16,81.059998
FB_Close,2015-06-17,81.790001
FB_Close,2015-06-18,82.910004
FB_Close,2015-06-19,82.510002
FB_Close,2015-06-22,84.739998
FB_Close,2015-06-23,87.879997
FB_Close,2015-06-24,88.860001
FB_Close,2015-06-25,87.980003
FB_Close,2015-06-26,88.010002
FB_Close,2015-06-29,85.800003
FB_Close,2015-06-30,85.769997
FB_Close,2015-07-01,86.910004
FB_Close,2015-07-02,87.290001
FB_Close,2015-07-06,87.550003
FB_Close,2015-07-07,87.220001
FB_Close,2015-07-08,85.650002
FB_Close,2015-07-09,85.879997
FB_Close,2015-07-10,87.949997
FB_Close,2015-07-13,90.099998
FB_Close,2015-07-14,89.68
FB_Close,2015-07-15,89.760002
FB_Close,2015-07-16,90.849998
FB_Close,2015-07-17,94.970001
FB_Close,2015-07-20,97.910004
FB_Close,2015-07-21,98.389999
FB_Close,2015-07-22,97.040001
FB_Close,2015-07-23,95.440002
FB_Close,2015-07-24,96.949997
FB_Close,2015-07-27,94.169998
FB_Close,2015-07-28,95.290001
FB_Close,2015-07-29,96.989998
FB_Close,2015-07-30,95.209999
FB_Close,2015-07-31,94.010002
FB_Close,2015-08-03,94.139999
FB_Close,2015-08-04,94.059998
FB_Close,2015-08-05,96.440002
FB_Close,2015-08-06,95.120003
FB_Close,2015-08-07,94.300003
FB_Close,2015-08-10,94.150002
FB_Close,2015-08-11,93.620003
FB_Close,2015-08-12,94.190002
FB_Close,2015-08-13,93.43
FB_Close,2015-08-14,94.419998
FB_Close,2015-08-17,93.93
FB_Close,2015-08-18,95.169998
FB_Close,2015-08-19,95.309998
FB_Close,2015-08-20,90.559998
FB_Close,2015-08-21,86.059998
FB_Close,2015-08-24,82.089996
FB_Close,2015-08-25,83
FB_Close,2015-08-26,87.190002
FB_Close,2015-08-27,89.730003
FB_Close,2015-08-28,91.010002
FB_Close,2015-08-31,89.43
FB_Close,2015-09-01,87.230003
FB_Close,2015-09-02,89.889999
FB_Close,2015-09-03,88.150002
FB_Close,2015-09-04,88.260002
FB_Close,2015-09-08,89.529999
FB_Close,2015-09-09,90.440002
FB_Close,2015-09-10,91.980003
FB_Close,2015-09-11,92.050003
FB_Close,2015-09-14,92.309998
FB_Close,2015-09-15,92.900002
FB_Close,2015-09-16,93.449997
FB_Close,2015-09-17,94.339996
FB_Close,2015-09-18,94.400002
FB_Close,2015-09-21,95.550003
FB_Close,2015-09-22,92.959999
FB_Close,2015-09-23,93.970001
FB_Close,2015-09-24,94.410004
FB_Close,2015-09-25,92.769997
FB_Close,2015-09-28,89.209999
FB_Close,2015-09-29,86.669998
FB_Close,2015-09-30,89.900002
FB_Close,2015-10-01,90.949997
FB_Close,2015-10-02,92.07
FB_Close,2015-10-05,94.010002
FB_Close,2015-10-06,92.800003
FB_Close,2015-10-07,92.400002
FB_Close,2015-10-08,92.470001
FB_Close,2015-10-09,93.239998
FB_Close,2015-10-12,94.260002
FB_Close,2015-10-13,94.120003
FB_Close,2015-10-14,94.07
FB_Close,2015-10-15,95.959999
FB_Close,2015-10-16,97.540001
FB_Close,2015-10-19,98.470001
FB_Close,2015-10-20,97
FB_Close,2015-10-21,97.110001
FB_Close,2015-10-22,99.669998
FB_Close,2015-10-23,102.190002
FB_Close,2015-10-26,103.769997
FB_Close,2015-10-27,103.699997
FB_Close,2015-10-28,104.199997
FB_Close,2015-10-29,104.879997
FB_Close,2015-10-30,101.970001
FB_Close,2015-11-02,103.309998
FB_Close,2015-11-03,102.580002
FB_Close,2015-11-04,103.940002
FB_Close,2015-11-05,108.760002
FB_Close,2015-11-06,107.099998
FB_Close,2015-11-09,106.489998
FB_Close,2015-11-10,107.910004
FB_Close,2015-11-11,109.010002
FB_Close,2015-11-12,108.019997
FB_Close,2015-11-13,103.949997
FB_Close,2015-11-16,104.040001
FB_Close,2015-11-17,105.129997
FB_Close,2015-11-18,107.769997
FB_Close,2015-11-19,106.260002
FB_Close,2015-11-20,107.32
FB_Close,2015-11-23,106.949997
FB_Close,2015-11-24,105.739998
FB_Close,2015-11-25,105.410004
FB_Close,2015-11-27,105.449997
FB_Close,2015-11-30,104.239998
FB_Close,2015-12-01,107.120003
FB_Close,2015-12-02,106.07
FB_Close,2015-12-03,104.379997
FB_Close,2015-12-04,106.18
FB_Close,2015-12-07,105.610001
FB_Close,2015-12-08,106.489998
FB_Close,2015-12-09,104.599998
FB_Close,2015-12-10,105.419998
FB_Close,2015-12-11,102.120003
FB_Close,2015-12-14,104.660004
FB_Close,2015-12-15,104.550003
FB_Close,2015-12-16,106.790001
FB_Close,2015-12-17,106.220001
FB_Close,2015-12-18,104.040001
FB_Close,2015-12-21,104.769997
FB_Close,2015-12-22,105.510002
FB_Close,2015-12-23,104.629997
FB_Close,2015-12-24,105.019997
FB_Close,2015-12-28,105.93
FB_Close,2015-12-29,107.260002
FB_Close,2015-12-30,106.220001
FB_Close,2015-12-31,104.660004
FB_Close,2016-01-04,102.220001
FB_Close,2016-01-05,102.730003
FB_Close,2016-01-06,102.970001
FB_Close,2016-01-07,97.919998
FB_Close,2016-01-08,97.330002
FB_Close,2016-01-11,97.510002
FB_Close,2016-01-12,99.370003
FB_Close,2016-01-13,95.440002
FB_Close,2016-01-14,98.370003
FB_Close,2016-01-15,94.970001
FB_Close,2016-01-19,95.260002
FB_Close,2016-01-20,94.349998
FB_Close,2016-01-21,94.160004
FB_Close,2016-01-22,97.940002
FB_Close,2016-01-25,97.010002
FB_Close,2016-01-26,97.339996
FB_Close,2016-01-27,94.449997
FB_Close,2016-01-28,109.110001
FB_Close,2016-01-29,112.209999
FB_Close,2016-02-01,115.089996
FB_Close,2016-02-02,114.610001
FB_Close,2016-02-03,112.690002
FB_Close,2016-02-04,110.489998
FB_Close,2016-02-05,104.07
FB_Close,2016-02-08,99.75
FB_Close,2016-02-09,99.540001
FB_Close,2016-02-10,101
FB_Close,2016-02-11,101.910004
FB_Close,2016-02-12,102.010002
FB_Close,2016-02-16,101.610001
FB_Close,2016-02-17,105.199997
FB_Close,2016-02-18,103.470001
FB_Close,2016-02-19,104.57
FB_Close,2016-02-22,107.160004
FB_Close,2016-02-23,105.459999
FB_Close,2016-02-24,106.879997
FB_Close,2016-02-25,108.07
FB_Close,2016-02-26,107.919998
FB_Close,2016-02-29,106.919998
FB_Close,2016-03-01,109.82
FB_Close,2016-03-02,109.949997
FB_Close,2016-03-03,109.580002
FB_Close,2016-03-04,108.389999
FB_Close,2016-03-07,105.730003
FB_Close,2016-03-08,105.93
FB_Close,2016-03-09,107.510002
FB_Close,2016-03-10,107.32
FB_Close,2016-03-11,109.410004
FB_Close,2016-03-14,109.889999
FB_Close,2016-03-15,110.669998
FB_Close,2016-03-16,112.18
FB_Close,2016-03-17,111.019997
FB_Close,2016-03-18,111.449997
FB_Close,2016-03-21,111.849998
FB_Close,2016-03-22,112.25
FB_Close,2016-03-23,112.540001
FB_Close,2016-03-24,113.050003
FB_Close,2016-03-28,113.690002
FB_Close,2016-03-29,116.139999
FB_Close,2016-03-30,114.699997
FB_Close,2016-03-31,114.099998
FB_Close,2016-04-01,116.059998
FB_Close,2016-04-04,112.550003
FB_Close,2016-04-05,112.220001
FB_Close,2016-04-06,113.709999
FB_Close,2016-04-07,113.639999
FB_Close,2016-04-08,110.629997
FB_Close,2016-04-11,108.989998
FB_Close,2016-04-12,110.610001
FB_Close,2016-04-13,110.510002
FB_Close,2016-04-14,110.839996
FB_Close,2016-04-15,109.639999
FB_Close,2016-04-18,110.449997
FB_Close,2016-04-19,112.290001
FB_Close,2016-04-20,112.419998
FB_Close,2016-04-21,113.440002
FB_Close,2016-04-22,110.559998
FB_Close,2016-04-25,110.099998
FB_Close,2016-04-26,108.760002
FB_Close,2016-04-27,108.889999
FB_Close,2016-04-28,116.730003
FB_Close,2016-04-29,117.580002
FB_Close,2016-05-02,118.57
FB_Close,2016-05-03,117.43
FB_Close,2016-05-04,118.059998
FB_Close,2016-05-05,117.809998
FB_Close,2016-05-06,119.489998
FB_Close,2016-05-09,119.239998
FB_Close,2016-05-10,120.5
FB_Close,2016-05-11,119.519997
FB_Close,2016-05-12,120.279999
FB_Close,2016-05-13,119.809998
FB_Close,2016-05-16,118.669998
FB_Close,2016-05-17,117.349998
FB_Close,2016-05-18,117.650002
FB_Close,2016-05-19,116.809998
FB_Close,2016-05-20,117.349998
FB_Close,2016-05-23,115.970001
FB_Close,2016-05-24,117.699997
FB_Close,2016-05-25,117.889999
FB_Close,2016-05-26,119.470001
FB_Close,2016-05-27,119.379997
FB_Close,2016-05-31,118.809998
FB_Close,2016-06-01,118.779999
FB_Close,2016-06-02,118.93
FB_Close,2016-06-03,118.470001
FB_Close,2016-06-06,118.790001
FB_Close,2016-06-07,117.760002
FB_Close,2016-06-08,118.389999
FB_Close,2016-06-09,118.559998
FB_Close,2016-06-10,116.620003
FB_Close,2016-06-13,113.949997
FB_Close,2016-06-14,114.940002
FB_Close,2016-06-15,114.599998
FB_Close,2016-06-16,114.389999
FB_Close,2016-06-17,113.019997
FB_Close,2016-06-20,113.370003
FB_Close,2016-06-21,114.379997
FB_Close,2016-06-22,113.910004
FB_Close,2016-06-23,115.080002
FB_Close,2016-06-24,112.080002
FB_Close,2016-06-27,108.970001
FB_Close,2016-06-28,112.699997
FB_Close,2016-06-29,114.160004
FB_Close,2016-06-30,114.279999
FB_Close,2016-07-01,114.190002
FB_Close,2016-07-05,114.199997
FB_Close,2016-07-06,116.699997
FB_Close,2016-07-07,115.849998
FB_Close,2016-07-08,117.239998
FB_Close,2016-07-11,117.870003
FB_Close,2016-07-12,117.93
FB_Close,2016-07-13,116.779999
FB_Close,2016-07-14,117.290001
FB_Close,2016-07-15,116.860001
FB_Close,2016-07-18,119.370003
FB_Close,2016-07-19,120.610001
FB_Close,2016-07-20,121.919998
FB_Close,2016-07-21,120.610001
FB_Close,2016-07-22,121
FB_Close,2016-07-25,121.629997
FB_Close,2016-07-26,121.220001
FB_Close,2016-07-27,123.339996
FB_Close,2016-07-28,125
FB_Close,2016-07-29,123.940002
FB_Close,2016-08-01,124.309998
FB_Close,2016-08-02,123.089996
FB_Close,2016-08-03,122.510002
FB_Close,2016-08-04,124.360001
FB_Close,2016-08-05,125.150002
FB_Close,2016-08-08,125.260002
FB_Close,2016-08-09,125.059998
FB_Close,2016-08-10,124.879997
FB_Close,2016-08-11,124.900002
FB_Close,2016-08-12,124.879997
FB_Close,2016-08-15,123.900002
FB_Close,2016-08-16,123.300003
FB_Close,2016-08-17,124.370003
FB_Close,2016-08-18,123.910004
FB_Close,2016-08-19,123.559998
FB_Close,2016-08-22,124.150002
FB_Close,2016-08-23,124.370003
FB_Close,2016-08-24,123.480003
FB_Close,2016-08-25,123.889999
FB_Close,2016-08-26,124.959999
FB_Close,2016-08-29,126.540001
FB_Close,2016-08-30,125.839996
FB_Close,2016-08-31,126.120003
FB_Close,2016-09-01,126.169998
FB_Close,2016-09-02,126.510002
FB_Close,2016-09-06,129.729996
FB_Close,2016-09-07,131.050003
FB_Close,2016-09-08,130.270004
FB_Close,2016-09-09,127.099998
FB_Close,2016-09-12,128.690002
FB_Close,2016-09-13,127.209999
FB_Close,2016-09-14,127.769997
FB_Close,2016-09-15,128.350006
FB_Close,2016-09-16,129.070007
FB_Close,2016-09-19,128.649994
FB_Close,2016-09-20,128.639999
FB_Close,2016-09-21,129.940002
FB_Close,2016-09-22,130.080002
FB_Close,2016-09-23,127.959999
FB_Close,2016-09-26,127.309998
FB_Close,2016-09-27,128.690002
FB_Close,2016-09-28,129.229996
FB_Close,2016-09-29,128.089996
FB_Close,2016-09-30,128.270004
FB_Close,2016-10-03,128.770004
FB_Close,2016-10-04,128.190002
FB_Close,2016-10-05,128.470001
FB_Close,2016-10-06,128.740005
FB_Close,2016-10-07,128.990005
FB_Close,2016-10-10,130.240005
FB_Close,2016-10-11,128.880005
FB_Close,2016-10-12,129.050003
FB_Close,2016-10-13,127.82
FB_Close,2016-10-14,127.879997
FB_Close,2016-10-17,127.540001
FB_Close,2016-10-18,128.570007
FB_Close,2016-10-19,130.110001
FB_Close,2016-10-20,130
FB_Close,2016-10-21,132.070007
FB_Close,2016-10-24,133.279999
FB_Close,2016-10-25,132.289993
FB_Close,2016-10-26,131.039993
FB_Close,2016-10-27,129.690002
FB_Close,2016-10-28,131.289993
FB_Close,2016-10-31,130.990005
FB_Close,2016-11-01,129.5
FB_Close,2016-11-02,127.169998
FB_Close,2016-11-03,120
FB_Close,2016-11-04,120.75
FB_Close,2016-11-07,122.150002
FB_Close,2016-11-08,124.220001
FB_Close,2016-11-09,123.18
FB_Close,2016-11-10,120.800003
FB_Close,2016-11-11,119.019997
FB_Close,2016-11-14,115.080002
FB_Close,2016-11-15,117.199997
FB_Close,2016-11-16,116.339996
FB_Close,2016-11-17,117.790001
FB_Close,2016-11-18,117.019997
FB_Close,2016-11-21,121.769997
FB_Close,2016-11-22,121.470001
FB_Close,2016-11-23,120.839996
FB_Close,2016-11-25,120.379997
FB_Close,2016-11-28,120.410004
FB_Close,2016-11-29,120.870003
FB_Close,2016-11-30,118.419998
FB_Close,2016-12-01,115.099998
FB_Close,2016-12-02,115.400002
FB_Close,2016-12-05,117.43
FB_Close,2016-12-06,117.309998
FB_Close,2016-12-07,117.949997
FB_Close,2016-12-08,118.910004
FB_Close,2016-12-09,119.68
FB_Close,2016-12-12,117.769997
FB_Close,2016-12-13,120.309998
FB_Close,2016-12-14,120.209999
FB_Close,2016-12-15,120.57
FB_Close,2016-12-16,119.870003
FB_Close,2016-12-19,119.239998
FB_Close,2016-12-20,119.089996
FB_Close,2016-12-21,119.040001
FB_Close,2016-12-22,117.400002
FB_Close,2016-12-23,117.269997
FB_Close,2016-12-27,118.010002
FB_Close,2016-12-28,116.919998
FB_Close,2016-12-29,116.349998
FB_Close,2016-12-30,115.050003
FB_Close,2017-01-03,116.860001
FB_Close,2017-01-04,118.690002
FB_Close,2017-01-05,120.669998
FB_Close,2017-01-06,123.410004
FB_Close,2017-01-09,124.900002
FB_Close,2017-01-10,124.349998
FB_Close,2017-01-11,126.089996
FB_Close,2017-01-12,126.620003
FB_Close,2017-01-13,128.339996
FB_Close,2017-01-17,127.870003
FB_Close,2017-01-18,127.919998
FB_Close,2017-01-19,127.550003
FB_Close,2017-01-20,127.040001
FB_Close,2017-01-23,128.929993
FB_Close,2017-01-24,129.369995
FB_Close,2017-01-25,131.479996
FB_Close,2017-01-26,132.779999
FB_Close,2017-01-27,132.179993
FB_Close,2017-01-30,130.979996
FB_Close,2017-01-31,130.320007
FB_Close,2017-02-01,133.229996
FB_Close,2017-02-02,130.839996
FB_Close,2017-02-03,130.979996
FB_Close,2017-02-06,132.059998
FB_Close,2017-02-07,131.839996
FB_Close,2017-02-08,134.199997
FB_Close,2017-02-09,134.139999
FB_Close,2017-02-10,134.190002
FB_Close,2017-02-13,134.050003
FB_Close,2017-02-14,133.850006
FB_Close,2017-02-15,133.440002
FB_Close,2017-02-16,133.839996
FB_Close,2017-02-17,133.529999
FB_Close,2017-02-21,133.720001
FB_Close,2017-02-22,136.119995
FB_Close,2017-02-23,135.360001
FB_Close,2017-02-24,135.440002
FB_Close,2017-02-27,136.410004
FB_Close,2017-02-28,135.539993
FB_Close,2017-03-01,137.419998
FB_Close,2017-03-02,136.759995
FB_Close,2017-03-03,137.169998
FB_Close,2017-03-06,137.419998
FB_Close,2017-03-07,137.300003
FB_Close,2017-03-08,137.720001
FB_Close,2017-03-09,138.240005
FB_Close,2017-03-10,138.789993
FB_Close,2017-03-13,139.600006
FB_Close,2017-03-14,139.320007
FB_Close,2017-03-15,139.720001
FB_Close,2017-03-16,139.990005
FB_Close,2017-03-17,139.839996
FB_Close,2017-03-20,139.940002
FB_Close,2017-03-21,138.509995
FB_Close,2017-03-22,139.589996
FB_Close,2017-03-23,139.529999
FB_Close,2017-03-24,140.339996
FB_Close,2017-03-27,140.320007
FB_Close,2017-03-28,141.759995
FB_Close,2017-03-29,142.649994
FB_Close,2017-03-30,142.410004
FB_Close,2017-03-31,142.050003
FB_Close,2017-04-03,142.279999
FB_Close,2017-04-04,141.729996
FB_Close,2017-04-05,141.850006
FB_Close,2017-04-06,141.169998
FB_Close,2017-04-07,140.779999
FB_Close,2017-04-10,141.039993
FB_Close,2017-04-11,139.919998
FB_Close,2017-04-12,139.580002
FB_Close,2017-04-13,139.389999
FB_Close,2017-04-17,141.419998
FB_Close,2017-04-18,140.960007
FB_Close,2017-04-19,142.270004
FB_Close,2017-04-20,143.800003
FB_Close,2017-04-21,143.679993
FB_Close,2017-04-24,145.470001
FB_Close,2017-04-25,146.490005
FB_Close,2017-04-26,146.559998
FB_Close,2017-04-27,147.699997
FB_Close,2017-04-28,150.25
FB_Close,2017-05-01,152.460007
FB_Close,2017-05-02,152.779999
FB_Close,2017-05-03,151.800003
FB_Close,2017-05-04,150.850006
FB_Close,2017-05-05,150.240005
FB_Close,2017-05-08,151.059998
FB_Close,2017-05-09,150.479996
FB_Close,2017-05-10,150.289993
FB_Close,2017-05-11,150.039993
FB_Close,2017-05-12,150.330002
FB_Close,2017-05-15,150.190002
FB_Close,2017-05-16,149.779999
FB_Close,2017-05-17,144.850006
FB_Close,2017-05-18,147.660004
FB_Close,2017-05-19,148.059998
FB_Close,2017-05-22,148.240005
FB_Close,2017-05-23,148.070007
FB_Close,2017-05-24,150.039993
FB_Close,2017-05-25,151.960007
FB_Close,2017-05-26,152.130005
FB_Close,2017-05-30,152.380005
FB_Close,2017-05-31,151.460007
FB_Close,2017-06-01,151.529999
FB_Close,2017-06-02,153.610001
FB_Close,2017-06-05,153.630005
FB_Close,2017-06-06,152.809998
FB_Close,2017-06-07,153.119995
FB_Close,2017-06-08,154.710007
FB_Close,2017-06-09,149.600006
FB_Close,2017-06-12,148.440002
FB_Close,2017-06-13,150.679993
FB_Close,2017-06-14,150.25
FB_Close,2017-06-15,149.800003
FB_Close,2017-06-16,150.639999
FB_Close,2017-06-19,152.869995
FB_Close,2017-06-20,152.25
FB_Close,2017-06-21,153.910004
FB_Close,2017-06-22,153.399994
FB_Close,2017-06-23,155.070007
FB_Close,2017-06-26,153.589996
FB_Close,2017-06-27,150.580002
FB_Close,2017-06-28,153.240005
FB_Close,2017-06-29,151.039993
FB_Close,2017-06-30,150.979996
FB_Close,2017-07-03,148.429993
FB_Close,2017-07-05,150.339996
FB_Close,2017-07-06,148.820007
FB_Close,2017-07-07,151.440002
FB_Close,2017-07-10,153.5
FB_Close,2017-07-11,155.270004
FB_Close,2017-07-12,158.899994
FB_Close,2017-07-13,159.259995
FB_Close,2017-07-14,159.970001
FB_Close,2017-07-17,159.729996
FB_Close,2017-07-18,162.860001
FB_Close,2017-07-19,164.139999
FB_Close,2017-07-20,164.529999
FB_Close,2017-07-21,164.429993
FB_Close,2017-07-24,166
FB_Close,2017-07-25,165.279999
FB_Close,2017-07-26,165.610001
FB_Close,2017-07-27,170.440002
FB_Close,2017-07-28,172.449997
FB_Close,2017-07-31,169.25
FB_Close,2017-08-01,169.860001
FB_Close,2017-08-02,169.300003
FB_Close,2017-08-03,168.589996
FB_Close,2017-08-04,169.619995
FB_Close,2017-08-07,171.979996
FB_Close,2017-08-08,171.229996
FB_Close,2017-08-09,171.179993
FB_Close,2017-08-10,167.399994
FB_Close,2017-08-11,168.080002
FB_Close,2017-08-14,170.75
FB_Close,2017-08-15,171
FB_Close,2017-08-16,170
FB_Close,2017-08-17,166.910004
FB_Close,2017-08-18,167.410004
FB_Close,2017-08-21,167.779999
FB_Close,2017-08-22,169.639999
FB_Close,2017-08-23,168.710007
FB_Close,2017-08-24,167.740005
FB_Close,2017-08-25,166.320007
FB_Close,2017-08-28,167.240005
FB_Close,2017-08-29,168.050003
FB_Close,2017-08-30,169.919998
FB_Close,2017-08-31,171.970001
FB_Close,2017-09-01,172.020004
FB_Close,2017-09-05,170.720001
FB_Close,2017-09-06,172.089996
FB_Close,2017-09-07,173.210007
FB_Close,2017-09-08,170.949997
FB_Close,2017-09-11,173.509995
FB_Close,2017-09-12,172.960007
FB_Close,2017-09-13,173.050003
FB_Close,2017-09-14,170.960007
FB_Close,2017-09-15,171.639999
FB_Close,2017-09-18,170.009995
FB_Close,2017-09-19,172.520004
FB_Close,2017-09-20,172.169998
FB_Close,2017-09-21,171.110001
FB_Close,2017-09-22,170.539993
FB_Close,2017-09-25,162.869995
FB_Close,2017-09-26,164.210007
FB_Close,2017-09-27,167.679993
FB_Close,2017-09-28,168.729996
FB_Close,2017-09-29,170.869995
FB_Close,2017-10-02,169.470001
FB_Close,2017-10-03,169.960007
FB_Close,2017-10-04,168.419998
FB_Close,2017-10-05,171.240005
FB_Close,2017-10-06,172.229996
FB_Close,2017-10-09,172.5
FB_Close,2017-10-10,171.589996
FB_Close,2017-10-11,172.740005
FB_Close,2017-10-12,172.550003
FB_Close,2017-10-13,173.740005
FB_Close,2017-10-16,174.520004
FB_Close,2017-10-17,176.110001
FB_Close,2017-10-18,176.029999
FB_Close,2017-10-19,174.559998
FB_Close,2017-10-20,174.979996
FB_Close,2017-10-23,171.270004
FB_Close,2017-10-24,171.800003
FB_Close,2017-10-25,170.600006
FB_Close,2017-10-26,170.630005
FB_Close,2017-10-27,177.880005
FB_Close,2017-10-30,179.869995
FB_Close,2017-10-31,180.059998
FB_Close,2017-11-01,182.660004
FB_Close,2017-11-02,178.919998
FB_Close,2017-11-03,178.919998
FB_Close,2017-11-06,180.169998
FB_Close,2017-11-07,180.25
FB_Close,2017-11-08,179.559998
FB_Close,2017-11-09,179.300003
FB_Close,2017-11-10,178.460007
FB_Close,2017-11-13,178.770004
FB_Close,2017-11-14,178.070007
FB_Close,2017-11-15,177.949997
FB_Close,2017-11-16,179.589996
FB_Close,2017-11-17,179
FB_Close,2017-11-20,178.740005
FB_Close,2017-11-21,181.860001
FB_Close,2017-11-22,180.869995
FB_Close,2017-11-24,182.779999
FB_Close,2017-11-27,183.029999
FB_Close,2017-11-28,182.419998
FB_Close,2017-11-29,175.130005
FB_Close,2017-11-30,177.179993
FB_Close,2017-12-01,175.100006
FB_Close,2017-12-04,171.470001
FB_Close,2017-12-05,172.830002
FB_Close,2017-12-06,176.059998
FB_Close,2017-12-07,180.139999
FB_Close,2017-12-08,179
FB_Close,2017-12-11,179.039993
FB_Close,2017-12-12,176.960007
FB_Close,2017-12-13,178.300003
FB_Close,2017-12-14,178.389999
FB_Close,2017-12-15,180.179993
FB_Close,2017-12-18,180.820007
FB_Close,2017-12-19,179.509995
FB_Close,2017-12-20,177.889999
FB_Close,2017-12-21,177.449997
FB_Close,2017-12-22,177.199997
FB_Close,2017-12-26,175.990005
FB_Close,2017-12-27,177.619995
FB_Close,2017-12-28,177.919998
FB_Close,2017-12-29,176.460007
FB_Close,2018-01-02,181.419998
FB_Close,2018-01-03,184.669998
FB_Close,2018-01-04,184.330002
FB_Close,2018-01-05,186.850006
FB_Close,2018-01-08,188.279999
FB_Close,2018-01-09,187.869995
FB_Close,2018-01-10,187.839996
FB_Close,2018-01-11,187.770004
FB_Close,2018-01-12,179.369995
FB_Close,2018-01-16,178.389999
FB_Close,2018-01-17,177.600006
FB_Close,2018-01-18,179.800003
FB_Close,2018-01-19,181.289993
FB_Close,2018-01-22,185.369995
FB_Close,2018-01-23,189.350006
FB_Close,2018-01-24,186.550003
FB_Close,2018-01-25,187.479996
FB_Close,2018-01-26,190
FB_Close,2018-01-29,185.979996
FB_Close,2018-01-30,187.119995
FB_Close,2018-01-31,186.889999
FB_Close,2018-02-01,193.089996
FB_Close,2018-02-02,190.279999
FB_Close,2018-02-05,181.259995
FB_Close,2018-02-06,185.309998
FB_Close,2018-02-07,180.179993
FB_Close,2018-02-08,171.580002
FB_Close,2018-02-09,176.110001
FB_Close,2018-02-12,176.410004
FB_Close,2018-02-13,173.149994
FB_Close,2018-02-14,179.520004
FB_Close,2018-02-15,179.960007
FB_Close,2018-02-16,177.360001
FB_Close,2018-02-20,176.009995
FB_Close,2018-02-21,177.910004
FB_Close,2018-02-22,178.990005
FB_Close,2018-02-23,183.289993
FB_Close,2018-02-26,184.929993
FB_Close,2018-02-27,181.460007
FB_Close,2018-02-28,178.320007
FB_Close,2018-03-01,175.940002
FB_Close,2018-03-02,176.619995
FB_Close,2018-03-05,180.399994
FB_Close,2018-03-06,179.779999
FB_Close,2018-03-07,183.710007
FB_Close,2018-03-08,182.339996
FB_Close,2018-03-09,185.229996
FB_Close,2018-03-12,184.759995
FB_Close,2018-03-13,181.880005
FB_Close,2018-03-14,184.190002
FB_Close,2018-03-15,183.860001
FB_Close,2018-03-16,185.089996
FB_Close,2018-03-19,172.559998
FB_Close,2018-03-20,168.149994
FB_Close,2018-03-21,169.389999
FB_Close,2018-03-22,164.889999
FB_Close,2018-03-23,159.389999
FB_Close,2018-03-26,160.059998
FB_Close,2018-03-27,152.220001
FB_Close,2018-03-28,153.029999
FB_Close,2018-03-29,159.789993
FB_Close,2018-04-02,155.389999
FB_Close,2018-04-03,156.110001
FB_Close,2018-04-04,155.100006
FB_Close,2018-04-05,159.339996
FB_Close,2018-04-06,157.199997
FB_Close,2018-04-09,157.929993
FB_Close,2018-04-10,165.039993
FB_Close,2018-04-11,166.320007
FB_Close,2018-04-12,163.869995
FB_Close,2018-04-13,164.520004
FB_Close,2018-04-16,164.830002
FB_Close,2018-04-17,168.660004
FB_Close,2018-04-18,166.360001
FB_Close,2018-04-19,168.100006
FB_Close,2018-04-20,166.279999
FB_Close,2018-04-23,165.839996
FB_Close,2018-04-24,159.690002
FB_Close,2018-04-25,159.690002
FB_Close,2018-04-26,174.160004
FB_Close,2018-04-27,173.589996
FB_Close,2018-04-30,172
FB_Close,2018-05-01,173.860001
FB_Close,2018-05-02,176.070007
FB_Close,2018-05-03,174.020004
FB_Close,2018-05-04,176.610001
FB_Close,2018-05-07,177.970001
FB_Close,2018-05-08,178.919998
FB_Close,2018-05-09,182.660004
FB_Close,2018-05-10,185.529999
FB_Close,2018-05-11,186.990005
FB_Close,2018-05-14,186.639999
FB_Close,2018-05-15,184.320007
FB_Close,2018-05-16,183.199997
FB_Close,2018-05-17,183.759995
FB_Close,2018-05-18,182.679993
FB_Close,2018-05-21,184.490005
FB_Close,2018-05-22,183.800003
FB_Close,2018-05-23,186.899994
FB_Close,2018-05-24,185.929993
FB_Close,2018-05-25,184.919998
FB_Close,2018-05-29,185.740005
FB_Close,2018-05-30,187.669998
FB_Close,2018-05-31,191.779999
FB_Close,2018-06-01,193.990005
FB_Close,2018-06-04,193.279999
FB_Close,2018-06-05,192.940002
FB_Close,2018-06-06,191.339996
FB_Close,2018-06-07,188.179993
FB_Close,2018-06-08,189.100006
FB_Close,2018-06-11,191.539993
FB_Close,2018-06-12,192.399994
FB_Close,2018-06-13,192.410004
FB_Close,2018-06-14,196.809998
FB_Close,2018-06-15,195.850006
FB_Close,2018-06-18,198.309998
FB_Close,2018-06-19,197.490005
FB_Close,2018-06-20,202
FB_Close,2018-06-21,201.5
FB_Close,2018-06-22,201.740005
FB_Close,2018-06-25,196.350006
FB_Close,2018-06-26,199
FB_Close,2018-06-27,195.839996
FB_Close,2018-06-28,196.229996
FB_Close,2018-06-29,194.320007
FB_Close,2018-07-02,197.360001
FB_Close,2018-07-03,192.729996
FB_Close,2018-07-05,198.449997
FB_Close,2018-07-06,203.229996
FB_Close,2018-07-09,204.740005
FB_Close,2018-07-10,203.539993
FB_Close,2018-07-11,202.539993
FB_Close,2018-07-12,206.919998
FB_Close,2018-07-13,207.320007
FB_Close,2018-07-16,207.229996
FB_Close,2018-07-17,209.990005
FB_Close,2018-07-18,209.360001
FB_Close,2018-07-19,208.089996
FB_Close,2018-07-20,209.940002
FB_Close,2018-07-23,210.910004
FB_Close,2018-07-24,214.669998
FB_Close,2018-07-25,217.5
FB_Close,2018-07-26,176.259995
FB_Close,2018-07-27,174.889999
FB_Close,2018-07-30,171.059998
FB_Close,2018-07-31,172.580002
FB_Close,2018-08-01,171.649994
FB_Close,2018-08-02,176.369995
FB_Close,2018-08-03,177.779999
FB_Close,2018-08-06,185.690002
FB_Close,2018-08-07,183.809998
FB_Close,2018-08-08,185.179993
FB_Close,2018-08-09,183.089996
FB_Close,2018-08-10,180.259995
FB_Close,2018-08-13,180.050003
FB_Close,2018-08-14,181.110001
FB_Close,2018-08-15,179.529999
FB_Close,2018-08-16,174.699997
FB_Close,2018-08-17,173.800003
FB_Close,2018-08-20,172.5
FB_Close,2018-08-21,172.619995
FB_Close,2018-08-22,173.639999
FB_Close,2018-08-23,172.899994
FB_Close,2018-08-24,174.649994
FB_Close,2018-08-27,177.460007
FB_Close,2018-08-28,176.259995
FB_Close,2018-08-29,175.899994
FB_Close,2018-08-30,177.639999
FB_Close,2018-08-31,175.729996
FB_Close,2018-09-04,171.160004
FB_Close,2018-09-05,167.179993
FB_Close,2018-09-06,162.529999
FB_Close,2018-09-07,163.039993
FB_Close,2018-09-10,164.179993
FB_Close,2018-09-11,165.940002
FB_Close,2018-09-12,162
FB_Close,2018-09-13,161.360001
FB_Close,2018-09-14,162.320007
FB_Close,2018-09-17,160.580002
FB_Close,2018-09-18,160.300003
FB_Close,2018-09-19,163.059998
FB_Close,2018-09-20,166.020004
FB_Close,2018-09-21,162.929993
FB_Close,2018-09-24,165.410004
FB_Close,2018-09-25,164.910004
FB_Close,2018-09-26,166.949997
FB_Close,2018-09-27,168.839996
FB_Close,2018-09-28,164.460007
FB_Close,2018-10-01,162.440002
FB_Close,2018-10-02,159.330002
FB_Close,2018-10-03,162.429993
FB_Close,2018-10-04,158.850006
FB_Close,2018-10-05,157.330002
FB_Close,2018-10-08,157.25
FB_Close,2018-10-09,157.899994
FB_Close,2018-10-10,151.380005
FB_Close,2018-10-11,153.350006
FB_Close,2018-10-12,153.740005
FB_Close,2018-10-15,153.520004
FB_Close,2018-10-16,158.779999
FB_Close,2018-10-17,159.419998
FB_Close,2018-10-18,154.919998
FB_Close,2018-10-19,154.050003
FB_Close,2018-10-22,154.779999
FB_Close,2018-10-23,154.389999
FB_Close,2018-10-24,146.039993
FB_Close,2018-10-25,150.949997
FB_Close,2018-10-26,145.369995
FB_Close,2018-10-29,142.089996
FB_Close,2018-10-30,146.220001
FB_Close,2018-10-31,151.789993
FB_Close,2018-11-01,151.75
FB_Close,2018-11-02,150.350006
FB_Close,2018-11-05,148.679993
FB_Close,2018-11-06,149.940002
FB_Close,2018-11-07,151.529999
FB_Close,2018-11-08,147.869995
FB_Close,2018-11-09,144.960007
FB_Close,2018-11-12,141.550003
FB_Close,2018-11-13,142.160004
FB_Close,2018-11-14,144.220001
FB_Close,2018-11-15,143.850006
FB_Close,2018-11-16,139.529999
FB_Close,2018-11-19,131.550003
FB_Close,2018-11-20,132.429993
FB_Close,2018-11-21,134.820007
FB_Close,2018-11-23,131.729996
FB_Close,2018-11-26,136.380005
FB_Close,2018-11-27,135
FB_Close,2018-11-28,136.759995
FB_Close,2018-11-29,138.679993
FB_Close,2018-11-30,140.610001
FB_Close,2018-12-03,141.089996
FB_Close,2018-12-04,137.929993
FB_Close,2018-12-06,139.630005
FB_Close,2018-12-07,137.419998
FB_Close,2018-12-10,141.850006
FB_Close,2018-12-11,142.080002
FB_Close,2018-12-12,144.5
FB_Close,2018-12-13,145.009995
FB_Close,2018-12-14,144.059998
FB_Close,2018-12-17,140.190002
FB_Close,2018-12-18,143.660004
FB_Close,2018-12-19,133.240005
FB_Close,2018-12-20,133.399994
FB_Close,2018-12-21,124.949997
FB_Close,2018-12-24,124.059998
FB_Close,2018-12-26,134.179993
FB_Close,2018-12-27,134.520004
FB_Close,2018-12-28,133.199997
FB_Close,2018-12-31,131.089996
GOOG_Close,2014-01-02,552.963501
GOOG_Close,2014-01-03,548.929749
GOOG_Close,2014-01-06,555.049927
GOOG_Close,2014-01-07,565.750366
GOOG_Close,2014-01-08,566.927673
GOOG_Close,2014-01-09,561.468201
GOOG_Close,2014-01-10,561.438354
GOOG_Close,2014-01-13,557.861633
GOOG_Close,2014-01-14,570.986267
GOOG_Close,2014-01-15,570.598816
GOOG_Close,2014-01-16,574.374268
GOOG_Close,2014-01-17,571.547607
GOOG_Close,2014-01-21,578.090088
GOOG_Close,2014-01-22,578.745789
GOOG_Close,2014-01-23,576.301697
GOOG_Close,2014-01-24,558.283875
GOOG_Close,2014-01-27,547.056946
GOOG_Close,2014-01-28,557.876526
GOOG_Close,2014-01-29,549.883545
GOOG_Close,2014-01-30,564.02655
GOOG_Close,2014-01-31,586.669312
GOOG_Close,2014-02-03,563.052856
GOOG_Close,2014-02-04,565.402588
GOOG_Close,2014-02-05,567.906311
GOOG_Close,2014-02-06,576.232178
GOOG_Close,2014-02-07,584.91571
GOOG_Close,2014-02-10,582.675232
GOOG_Close,2014-02-11,591.244507
GOOG_Close,2014-02-12,589.510803
GOOG_Close,2014-02-13,596.07312
GOOG_Close,2014-02-14,597.513733
GOOG_Close,2014-02-18,601.527649
GOOG_Close,2014-02-19,597.285217
GOOG_Close,2014-02-20,598.16449
GOOG_Close,2014-02-21,598.005554
GOOG_Close,2014-02-24,602.337402
GOOG_Close,2014-02-25,606.058167
GOOG_Close,2014-02-26,606.142639
GOOG_Close,2014-02-27,605.66571
GOOG_Close,2014-02-28,603.897217
GOOG_Close,2014-03-03,597.459106
GOOG_Close,2014-03-04,603.529602
GOOG_Close,2014-03-05,605.193787
GOOG_Close,2014-03-06,605.864441
GOOG_Close,2014-03-07,603.470032
GOOG_Close,2014-03-10,601.870422
GOOG_Close,2014-03-11,596.117798
GOOG_Close,2014-03-12,599.749207
GOOG_Close,2014-03-13,590.688171
GOOG_Close,2014-03-14,582.610657
GOOG_Close,2014-03-17,592.198303
GOOG_Close,2014-03-18,601.716431
GOOG_Close,2014-03-19,595.750244
GOOG_Close,2014-03-20,594.711975
GOOG_Close,2014-03-21,587.697571
GOOG_Close,2014-03-24,575.223694
GOOG_Close,2014-03-25,575.61615
GOOG_Close,2014-03-26,562.327576
GOOG_Close,2014-03-27,555.406067
GOOG_Close,2014-03-28,556.927734
GOOG_Close,2014-03-31,553.924255
GOOG_Close,2014-04-01,564.058533
GOOG_Close,2014-04-02,563.899353
GOOG_Close,2014-04-03,566.62439
GOOG_Close,2014-04-04,540.169861
GOOG_Close,2014-04-07,535.207153
GOOG_Close,2014-04-08,551.86554
GOOG_Close,2014-04-09,561.054993
GOOG_Close,2014-04-10,537.991821
GOOG_Close,2014-04-11,527.698425
GOOG_Close,2014-04-14,529.60791
GOOG_Close,2014-04-15,533.50647
GOOG_Close,2014-04-16,553.496582
GOOG_Close,2014-04-17,533.168335
GOOG_Close,2014-04-21,525.729248
GOOG_Close,2014-04-22,531.885437
GOOG_Close,2014-04-23,524.058472
GOOG_Close,2014-04-24,522.288208
GOOG_Close,2014-04-25,513.3573
GOOG_Close,2014-04-28,514.32196
GOOG_Close,2014-04-29,524.81427
GOOG_Close,2014-04-30,523.779968
GOOG_Close,2014-05-01,528.444336
GOOG_Close,2014-05-02,525.04303
GOOG_Close,2014-05-05,524.923706
GOOG_Close,2014-05-06,512.322998
GOOG_Close,2014-05-07,507.171295
GOOG_Close,2014-05-08,508.205627
GOOG_Close,2014-05-09,515.893311
GOOG_Close,2014-05-12,527.022156
GOOG_Close,2014-05-13,530.174805
GOOG_Close,2014-05-14,523.77002
GOOG_Close,2014-05-15,517.136536
GOOG_Close,2014-05-16,517.782959
GOOG_Close,2014-05-19,525.967957
GOOG_Close,2014-05-20,526.872986
GOOG_Close,2014-05-21,535.992798
GOOG_Close,2014-05-22,542.079346
GOOG_Close,2014-05-23,549.677551
GOOG_Close,2014-05-27,562.855103
GOOG_Close,2014-05-28,558.608459
GOOG_Close,2014-05-29,557.017212
GOOG_Close,2014-05-30,556.828247
GOOG_Close,2014-06-02,550.900879
GOOG_Close,2014-06-03,541.960022
GOOG_Close,2014-06-04,541.681519
GOOG_Close,2014-06-05,550.871033
GOOG_Close,2014-06-06,553.28772
GOOG_Close,2014-06-09,559.046082
GOOG_Close,2014-06-10,557.484619
GOOG_Close,2014-06-11,555.783997
GOOG_Close,2014-06-12,548.334961
GOOG_Close,2014-06-13,548.742737
GOOG_Close,2014-06-16,541.30365
GOOG_Close,2014-06-17,540.040588
GOOG_Close,2014-06-18,550.343933
GOOG_Close,2014-06-19,551.86554
GOOG_Close,2014-06-20,553.317566
GOOG_Close,2014-06-23,561.860596
GOOG_Close,2014-06-24,561.53241
GOOG_Close,2014-06-25,575.485657
GOOG_Close,2014-06-26,572.850159
GOOG_Close,2014-06-27,574.083374
GOOG_Close,2014-06-30,572.134094
GOOG_Close,2014-07-01,579.483704
GOOG_Close,2014-07-02,579.150513
GOOG_Close,2014-07-03,581.53241
GOOG_Close,2014-07-07,579.065979
GOOG_Close,2014-07-08,567.967041
GOOG_Close,2014-07-09,572.929749
GOOG_Close,2014-07-10,567.976929
GOOG_Close,2014-07-11,576.012756
GOOG_Close,2014-07-14,581.671631
GOOG_Close,2014-07-15,581.582153
GOOG_Close,2014-07-16,579.473755
GOOG_Close,2014-07-17,570.59259
GOOG_Close,2014-07-18,591.825806
GOOG_Close,2014-07-21,586.246521
GOOG_Close,2014-07-22,591.487671
GOOG_Close,2014-07-23,592.720886
GOOG_Close,2014-07-24,590.105286
GOOG_Close,2014-07-25,585.79895
GOOG_Close,2014-07-28,587.3703
GOOG_Close,2014-07-29,582.407593
GOOG_Close,2014-07-30,584.207703
GOOG_Close,2014-07-31,568.474243
GOOG_Close,2014-08-01,562.974487
GOOG_Close,2014-08-04,570.015747
GOOG_Close,2014-08-05,561.979919
GOOG_Close,2014-08-06,563.276794
GOOG_Close,2014-08-07,560.279297
GOOG_Close,2014-08-08,565.659729
GOOG_Close,2014-08-11,564.774536
GOOG_Close,2014-08-12,559.65271
GOOG_Close,2014-08-13,571.636841
GOOG_Close,2014-08-14,571.507568
GOOG_Close,2014-08-15,570.343933
GOOG_Close,2014-08-18,578.976501
GOOG_Close,2014-08-19,583.650757
GOOG_Close,2014-08-20,581.293762
GOOG_Close,2014-08-21,580.179871
GOOG_Close,2014-08-22,579.374268
GOOG_Close,2014-08-25,577.027222
GOOG_Close,2014-08-26,574.700012
GOOG_Close,2014-08-27,567.877502
GOOG_Close,2014-08-28,566.087341
GOOG_Close,2014-08-29,568.474243
GOOG_Close,2014-09-02,574.172913
GOOG_Close,2014-09-03,574.779541
GOOG_Close,2014-09-04,578.797485
GOOG_Close,2014-09-05,582.875061
GOOG_Close,2014-09-08,586.495117
GOOG_Close,2014-09-09,577.832764
GOOG_Close,2014-09-10,579.911316
GOOG_Close,2014-09-11,578.170898
GOOG_Close,2014-09-12,572.472229
GOOG_Close,2014-09-15,569.966003
GOOG_Close,2014-09-16,576.778564
GOOG_Close,2014-09-17,581.572205
GOOG_Close,2014-09-18,586.047607
GOOG_Close,2014-09-19,592.820374
GOOG_Close,2014-09-22,584.157959
GOOG_Close,2014-09-23,577.952087
GOOG_Close,2014-09-24,584.774597
GOOG_Close,2014-09-25,571.915283
GOOG_Close,2014-09-26,573.944153
GOOG_Close,2014-09-29,573.208191
GOOG_Close,2014-09-30,574.202698
GOOG_Close,2014-10-01,565.162415
GOOG_Close,2014-10-02,566.962524
GOOG_Close,2014-10-03,572.134094
GOOG_Close,2014-10-06,574.192749
GOOG_Close,2014-10-07,560.657227
GOOG_Close,2014-10-08,569.369324
GOOG_Close,2014-10-09,557.812866
GOOG_Close,2014-10-10,541.512451
GOOG_Close,2014-10-13,530.294128
GOOG_Close,2014-10-14,534.998291
GOOG_Close,2014-10-15,527.131531
GOOG_Close,2014-10-16,521.641724
GOOG_Close,2014-10-17,508.374695
GOOG_Close,2014-10-20,517.991821
GOOG_Close,2014-10-21,523.660645
GOOG_Close,2014-10-22,529.796875
GOOG_Close,2014-10-23,541.005249
GOOG_Close,2014-10-24,536.828247
GOOG_Close,2014-10-27,537.812805
GOOG_Close,2014-10-28,545.898376
GOOG_Close,2014-10-29,546.325989
GOOG_Close,2014-10-30,547.300659
GOOG_Close,2014-10-31,556.022705
GOOG_Close,2014-11-03,552.183777
GOOG_Close,2014-11-04,551.079895
GOOG_Close,2014-11-05,542.934631
GOOG_Close,2014-11-06,539.075867
GOOG_Close,2014-11-07,538.051514
GOOG_Close,2014-11-10,544.496094
GOOG_Close,2014-11-11,547.280762
GOOG_Close,2014-11-12,544.317078
GOOG_Close,2014-11-13,542.397583
GOOG_Close,2014-11-14,541.422974
GOOG_Close,2014-11-17,533.576111
GOOG_Close,2014-11-18,532.104187
GOOG_Close,2014-11-19,534.053467
GOOG_Close,2014-11-20,531.905273
GOOG_Close,2014-11-21,534.560669
GOOG_Close,2014-11-24,536.321045
GOOG_Close,2014-11-25,538.121094
GOOG_Close,2014-11-26,537.414978
GOOG_Close,2014-11-28,538.867004
GOOG_Close,2014-12-01,530.88092
GOOG_Close,2014-12-02,530.831177
GOOG_Close,2014-12-03,528.41449
GOOG_Close,2014-12-04,534.371765
GOOG_Close,2014-12-05,522.387634
GOOG_Close,2014-12-08,524.098206
GOOG_Close,2014-12-09,530.453308
GOOG_Close,2014-12-10,523.183228
GOOG_Close,2014-12-11,525.450806
GOOG_Close,2014-12-12,515.82373
GOOG_Close,2014-12-15,510.990295
GOOG_Close,2014-12-16,492.680969
GOOG_Close,2014-12-17,502.129028
GOOG_Close,2014-12-18,508.305054
GOOG_Close,2014-12-19,513.526367
GOOG_Close,2014-12-22,521.999756
GOOG_Close,2014-12-23,527.688477
GOOG_Close,2014-12-24,525.878418
GOOG_Close,2014-12-26,531.10968
GOOG_Close,2014-12-29,527.429932
GOOG_Close,2014-12-30,527.519409
GOOG_Close,2014-12-31,523.521423
GOOG_Close,2015-01-02,521.937744
GOOG_Close,2015-01-05,511.057617
GOOG_Close,2015-01-06,499.212799
GOOG_Close,2015-01-07,498.357513
GOOG_Close,2015-01-08,499.928864
GOOG_Close,2015-01-09,493.454498
GOOG_Close,2015-01-12,489.854309
GOOG_Close,2015-01-13,493.464447
GOOG_Close,2015-01-14,498.128784
GOOG_Close,2015-01-15,499.043732
GOOG_Close,2015-01-16,505.299316
GOOG_Close,2015-01-20,504.125763
GOOG_Close,2015-01-21,515.204773
GOOG_Close,2015-01-22,531.465332
GOOG_Close,2015-01-23,536.994873
GOOG_Close,2015-01-26,532.280823
GOOG_Close,2015-01-27,515.791565
GOOG_Close,2015-01-28,507.208801
GOOG_Close,2015-01-29,507.865204
GOOG_Close,2015-01-30,531.594604
GOOG_Close,2015-02-02,525.587646
GOOG_Close,2015-02-03,526.343506
GOOG_Close,2015-02-04,519.898987
GOOG_Close,2015-02-05,524.692566
GOOG_Close,2015-02-06,528.093872
GOOG_Close,2015-02-09,524.941223
GOOG_Close,2015-02-10,534.001343
GOOG_Close,2015-02-11,533.036682
GOOG_Close,2015-02-12,539.958557
GOOG_Close,2015-02-13,546.00531
GOOG_Close,2015-02-17,539.86908
GOOG_Close,2015-02-18,536.746277
GOOG_Close,2015-02-19,539.901306
GOOG_Close,2015-02-20,536.000366
GOOG_Close,2015-02-23,528.998901
GOOG_Close,2015-02-24,533.156006
GOOG_Close,2015-02-25,540.893433
GOOG_Close,2015-02-26,552.43988
GOOG_Close,2015-02-27,555.343933
GOOG_Close,2015-03-02,568.213074
GOOG_Close,2015-03-03,570.500488
GOOG_Close,2015-03-04,570.231995
GOOG_Close,2015-03-05,572.181274
GOOG_Close,2015-03-06,564.578125
GOOG_Close,2015-03-09,565.736694
GOOG_Close,2015-03-10,551.972473
GOOG_Close,2015-03-11,548.163452
GOOG_Close,2015-03-12,552.469727
GOOG_Close,2015-03-13,544.324585
GOOG_Close,2015-03-16,551.47522
GOOG_Close,2015-03-17,547.825317
GOOG_Close,2015-03-18,556.437866
GOOG_Close,2015-03-19,554.936157
GOOG_Close,2015-03-20,557.293213
GOOG_Close,2015-03-23,555.751648
GOOG_Close,2015-03-24,567.069397
GOOG_Close,2015-03-25,555.726807
GOOG_Close,2015-03-26,552.131592
GOOG_Close,2015-03-27,545.338989
GOOG_Close,2015-03-30,549.008789
GOOG_Close,2015-03-31,545.000854
GOOG_Close,2015-04-01,539.590576
GOOG_Close,2015-04-02,532.59906
GOOG_Close,2015-04-06,533.827332
GOOG_Close,2015-04-07,534.080933
GOOG_Close,2015-04-08,538.645813
GOOG_Close,2015-04-09,537.820374
GOOG_Close,2015-04-10,537.054565
GOOG_Close,2015-04-13,536.219177
GOOG_Close,2015-04-14,527.487183
GOOG_Close,2015-04-15,529.617859
GOOG_Close,2015-04-16,530.87854
GOOG_Close,2015-04-17,521.181885
GOOG_Close,2015-04-20,532.44989
GOOG_Close,2015-04-21,531.049988
GOOG_Close,2015-04-22,536.413086
GOOG_Close,2015-04-23,544.006287
GOOG_Close,2015-04-24,561.967468
GOOG_Close,2015-04-27,555.369995
GOOG_Close,2015-04-28,553.679993
GOOG_Close,2015-04-29,549.080017
GOOG_Close,2015-04-30,537.340027
GOOG_Close,2015-05-01,537.900024
GOOG_Close,2015-05-04,540.780029
GOOG_Close,2015-05-05,530.799988
GOOG_Close,2015-05-06,524.219971
GOOG_Close,2015-05-07,530.700012
GOOG_Close,2015-05-08,538.219971
GOOG_Close,2015-05-11,535.700012
GOOG_Close,2015-05-12,529.039978
GOOG_Close,2015-05-13,529.619995
GOOG_Close,2015-05-14,538.400024
GOOG_Close,2015-05-15,533.849976
GOOG_Close,2015-05-18,532.299988
GOOG_Close,2015-05-19,537.359985
GOOG_Close,2015-05-20,539.27002
GOOG_Close,2015-05-21,542.51001
GOOG_Close,2015-05-22,540.109985
GOOG_Close,2015-05-26,532.320007
GOOG_Close,2015-05-27,539.789978
GOOG_Close,2015-05-28,539.780029
GOOG_Close,2015-05-29,532.109985
GOOG_Close,2015-06-01,533.98999
GOOG_Close,2015-06-02,539.179993
GOOG_Close,2015-06-03,540.309998
GOOG_Close,2015-06-04,536.700012
GOOG_Close,2015-06-05,533.330017
GOOG_Close,2015-06-08,526.830017
GOOG_Close,2015-06-09,526.690002
GOOG_Close,2015-06-10,536.690002
GOOG_Close,2015-06-11,534.609985
GOOG_Close,2015-06-12,532.330017
GOOG_Close,2015-06-15,527.200012
GOOG_Close,2015-06-16,528.150024
GOOG_Close,2015-06-17,529.26001
GOOG_Close,2015-06-18,536.72998
GOOG_Close,2015-06-19,536.690002
GOOG_Close,2015-06-22,538.190002
GOOG_Close,2015-06-23,540.47998
GOOG_Close,2015-06-24,537.840027
GOOG_Close,2015-06-25,535.22998
GOOG_Close,2015-06-26,531.690002
GOOG_Close,2015-06-29,521.52002
GOOG_Close,2015-06-30,520.51001
GOOG_Close,2015-07-01,521.840027
GOOG_Close,2015-07-02,523.400024
GOOG_Close,2015-07-06,522.859985
GOOG_Close,2015-07-07,525.02002
GOOG_Close,2015-07-08,516.830017
GOOG_Close,2015-07-09,520.679993
GOOG_Close,2015-07-10,530.130005
GOOG_Close,2015-07-13,546.549988
GOOG_Close,2015-07-14,561.099976
GOOG_Close,2015-07-15,560.219971
GOOG_Close,2015-07-16,579.849976
GOOG_Close,2015-07-17,672.929993
GOOG_Close,2015-07-20,663.02002
GOOG_Close,2015-07-21,662.299988
GOOG_Close,2015-07-22,662.099976
GOOG_Close,2015-07-23,644.280029
GOOG_Close,2015-07-24,623.559998
GOOG_Close,2015-07-27,627.26001
GOOG_Close,2015-07-28,628
GOOG_Close,2015-07-29,631.929993
GOOG_Close,2015-07-30,632.590027
GOOG_Close,2015-07-31,625.609985
GOOG_Close,2015-08-03,631.210022
GOOG_Close,2015-08-04,629.25
GOOG_Close,2015-08-05,643.780029
GOOG_Close,2015-08-06,642.679993
GOOG_Close,2015-08-07,635.299988
GOOG_Close,2015-08-10,633.72998
GOOG_Close,2015-08-11,660.780029
GOOG_Close,2015-08-12,659.559998
GOOG_Close,2015-08-13,656.450012
GOOG_Close,2015-08-14,657.119995
GOOG_Close,2015-08-17,660.869995
GOOG_Close,2015-08-18,656.130005
GOOG_Close,2015-08-19,660.900024
GOOG_Close,2015-08-20,646.830017
GOOG_Close,2015-08-21,612.47998
GOOG_Close,2015-08-24,589.609985
GOOG_Close,2015-08-25,582.059998
GOOG_Close,2015-08-26,628.619995
GOOG_Close,2015-08-27,637.609985
GOOG_Close,2015-08-28,630.380005
GOOG_Close,2015-08-31,618.25
GOOG_Close,2015-09-01,597.789978
GOOG_Close,2015-09-02,614.340027
GOOG_Close,2015-09-03,606.25
GOOG_Close,2015-09-04,600.700012
GOOG_Close,2015-09-08,614.659973
GOOG_Close,2015-09-09,612.719971
GOOG_Close,2015-09-10,621.349976
GOOG_Close,2015-09-11,625.77002
GOOG_Close,2015-09-14,623.23999
GOOG_Close,2015-09-15,635.140015
GOOG_Close,2015-09-16,635.97998
GOOG_Close,2015-09-17,642.900024
GOOG_Close,2015-09-18,629.25
GOOG_Close,2015-09-21,635.440002
GOOG_Close,2015-09-22,622.690002
GOOG_Close,2015-09-23,622.359985
GOOG_Close,2015-09-24,625.799988
GOOG_Close,2015-09-25,611.969971
GOOG_Close,2015-09-28,594.890015
GOOG_Close,2015-09-29,594.969971
GOOG_Close,2015-09-30,608.419983
GOOG_Close,2015-10-01,611.289978
GOOG_Close,2015-10-02,626.909973
GOOG_Close,2015-10-05,641.469971
GOOG_Close,2015-10-06,645.440002
GOOG_Close,2015-10-07,642.359985
GOOG_Close,2015-10-08,639.159973
GOOG_Close,2015-10-09,643.609985
GOOG_Close,2015-10-12,646.669983
GOOG_Close,2015-10-13,652.299988
GOOG_Close,2015-10-14,651.159973
GOOG_Close,2015-10-15,661.73999
GOOG_Close,2015-10-16,662.200012
GOOG_Close,2015-10-19,666.099976
GOOG_Close,2015-10-20,650.280029
GOOG_Close,2015-10-21,642.609985
GOOG_Close,2015-10-22,651.789978
GOOG_Close,2015-10-23,702
GOOG_Close,2015-10-26,712.780029
GOOG_Close,2015-10-27,708.48999
GOOG_Close,2015-10-28,712.950012
GOOG_Close,2015-10-29,716.919983
GOOG_Close,2015-10-30,710.809998
GOOG_Close,2015-11-02,721.109985
GOOG_Close,2015-11-03,722.159973
GOOG_Close,2015-11-04,728.109985
GOOG_Close,2015-11-05,731.25
GOOG_Close,2015-11-06,733.76001
GOOG_Close,2015-11-09,724.890015
GOOG_Close,2015-11-10,728.320007
GOOG_Close,2015-11-11,735.400024
GOOG_Close,2015-11-12,731.22998
GOOG_Close,2015-11-13,717
GOOG_Close,2015-11-16,728.960022
GOOG_Close,2015-11-17,725.299988
GOOG_Close,2015-11-18,740
GOOG_Close,2015-11-19,738.409973
GOOG_Close,2015-11-20,756.599976
GOOG_Close,2015-11-23,755.97998
GOOG_Close,2015-11-24,748.280029
GOOG_Close,2015-11-25,748.150024
GOOG_Close,2015-11-27,750.26001
GOOG_Close,2015-11-30,742.599976
GOOG_Close,2015-12-01,767.039978
GOOG_Close,2015-12-02,762.380005
GOOG_Close,2015-12-03,752.539978
GOOG_Close,2015-12-04,766.809998
GOOG_Close,2015-12-07,763.25
GOOG_Close,2015-12-08,762.369995
GOOG_Close,2015-12-09,751.609985
GOOG_Close,2015-12-10,749.460022
GOOG_Close,2015-12-11,738.869995
GOOG_Close,2015-12-14,747.77002
GOOG_Close,2015-12-15,743.400024
GOOG_Close,2015-12-16,758.090027
GOOG_Close,2015-12-17,749.429993
GOOG_Close,2015-12-18,739.309998
GOOG_Close,2015-12-21,747.77002
GOOG_Close,2015-12-22,750
GOOG_Close,2015-12-23,750.309998
GOOG_Close,2015-12-24,748.400024
GOOG_Close,2015-12-28,762.51001
GOOG_Close,2015-12-29,776.599976
GOOG_Close,2015-12-30,771
GOOG_Close,2015-12-31,758.880005
GOOG_Close,2016-01-04,741.840027
GOOG_Close,2016-01-05,742.580017
GOOG_Close,2016-01-06,743.619995
GOOG_Close,2016-01-07,726.390015
GOOG_Close,2016-01-08,714.469971
GOOG_Close,2016-01-11,716.030029
GOOG_Close,2016-01-12,726.070007
GOOG_Close,2016-01-13,700.559998
GOOG_Close,2016-01-14,714.719971
GOOG_Close,2016-01-15,694.450012
GOOG_Close,2016-01-19,701.789978
GOOG_Close,2016-01-20,698.450012
GOOG_Close,2016-01-21,706.590027
GOOG_Close,2016-01-22,725.25
GOOG_Close,2016-01-25,711.669983
GOOG_Close,2016-01-26,713.039978
GOOG_Close,2016-01-27,699.98999
GOOG_Close,2016-01-28,730.960022
GOOG_Close,2016-01-29,742.950012
GOOG_Close,2016-02-01,752
GOOG_Close,2016-02-02,764.650024
GOOG_Close,2016-02-03,726.950012
GOOG_Close,2016-02-04,708.01001
GOOG_Close,2016-02-05,683.570007
GOOG_Close,2016-02-08,682.73999
GOOG_Close,2016-02-09,678.109985
GOOG_Close,2016-02-10,684.119995
GOOG_Close,2016-02-11,683.109985
GOOG_Close,2016-02-12,682.400024
GOOG_Close,2016-02-16,691
GOOG_Close,2016-02-17,708.400024
GOOG_Close,2016-02-18,697.349976
GOOG_Close,2016-02-19,700.909973
GOOG_Close,2016-02-22,706.460022
GOOG_Close,2016-02-23,695.849976
GOOG_Close,2016-02-24,699.559998
GOOG_Close,2016-02-25,705.75
GOOG_Close,2016-02-26,705.070007
GOOG_Close,2016-02-29,697.77002
GOOG_Close,2016-03-01,718.809998
GOOG_Close,2016-03-02,718.849976
GOOG_Close,2016-03-03,712.419983
GOOG_Close,2016-03-04,710.890015
GOOG_Close,2016-03-07,695.159973
GOOG_Close,2016-03-08,693.969971
GOOG_Close,2016-03-09,705.23999
GOOG_Close,2016-03-10,712.820007
GOOG_Close,2016-03-11,726.820007
GOOG_Close,2016-03-14,730.48999
GOOG_Close,2016-03-15,728.330017
GOOG_Close,2016-03-16,736.090027
GOOG_Close,2016-03-17,737.780029
GOOG_Close,2016-03-18,737.599976
GOOG_Close,2016-03-21,742.090027
GOOG_Close,2016-03-22,740.75
GOOG_Close,2016-03-23,738.059998
GOOG_Close,2016-03-24,735.299988
GOOG_Close,2016-03-28,733.530029
GOOG_Close,2016-03-29,744.77002
GOOG_Close,2016-03-30,750.530029
GOOG_Close,2016-03-31,744.950012
GOOG_Close,2016-04-01,749.909973
GOOG_Close,2016-04-04,745.289978
GOOG_Close,2016-04-05,737.799988
GOOG_Close,2016-04-06,745.690002
GOOG_Close,2016-04-07,740.280029
GOOG_Close,2016-04-08,739.150024
GOOG_Close,2016-04-11,736.099976
GOOG_Close,2016-04-12,743.090027
GOOG_Close,2016-04-13,751.719971
GOOG_Close,2016-04-14,753.200012
GOOG_Close,2016-04-15,759
GOOG_Close,2016-04-18,766.609985
GOOG_Close,2016-04-19,753.929993
GOOG_Close,2016-04-20,752.669983
GOOG_Close,2016-04-21,759.140015
GOOG_Close,2016-04-22,718.77002
GOOG_Close,2016-04-25,723.150024
GOOG_Close,2016-04-26,708.140015
GOOG_Close,2016-04-27,705.840027
GOOG_Close,2016-04-28,691.02002
GOOG_Close,2016-04-29,693.01001
GOOG_Close,2016-05-02,698.210022
GOOG_Close,2016-05-03,692.359985
GOOG_Close,2016-05-04,695.700012
GOOG_Close,2016-05-05,701.429993
GOOG_Close,2016-05-06,711.119995
GOOG_Close,2016-05-09,712.900024
GOOG_Close,2016-05-10,723.179993
GOOG_Close,2016-05-11,715.289978
GOOG_Close,2016-05-12,713.309998
GOOG_Close,2016-05-13,710.830017
GOOG_Close,2016-05-16,716.48999
GOOG_Close,2016-05-17,706.22998
GOOG_Close,2016-05-18,706.630005
GOOG_Close,2016-05-19,700.320007
GOOG_Close,2016-05-20,709.73999
GOOG_Close,2016-05-23,704.23999
GOOG_Close,2016-05-24,720.090027
GOOG_Close,2016-05-25,725.27002
GOOG_Close,2016-05-26,724.119995
GOOG_Close,2016-05-27,732.659973
GOOG_Close,2016-05-31,735.719971
GOOG_Close,2016-06-01,734.150024
GOOG_Close,2016-06-02,730.400024
GOOG_Close,2016-06-03,722.340027
GOOG_Close,2016-06-06,716.549988
GOOG_Close,2016-06-07,716.650024
GOOG_Close,2016-06-08,728.280029
GOOG_Close,2016-06-09,728.580017
GOOG_Close,2016-06-10,719.409973
GOOG_Close,2016-06-13,718.359985
GOOG_Close,2016-06-14,718.27002
GOOG_Close,2016-06-15,718.919983
GOOG_Close,2016-06-16,710.359985
GOOG_Close,2016-06-17,691.719971
GOOG_Close,2016-06-20,693.710022
GOOG_Close,2016-06-21,695.940002
GOOG_Close,2016-06-22,697.460022
GOOG_Close,2016-06-23,701.869995
GOOG_Close,2016-06-24,675.219971
GOOG_Close,2016-06-27,668.26001
GOOG_Close,2016-06-28,680.039978
GOOG_Close,2016-06-29,684.109985
GOOG_Close,2016-06-30,692.099976
GOOG_Close,2016-07-01,699.210022
GOOG_Close,2016-07-05,694.950012
GOOG_Close,2016-07-06,697.77002
GOOG_Close,2016-07-07,695.359985
GOOG_Close,2016-07-08,705.630005
GOOG_Close,2016-07-11,715.090027
GOOG_Close,2016-07-12,720.640015
GOOG_Close,2016-07-13,716.97998
GOOG_Close,2016-07-14,720.950012
GOOG_Close,2016-07-15,719.849976
GOOG_Close,2016-07-18,733.780029
GOOG_Close,2016-07-19,736.960022
GOOG_Close,2016-07-20,741.190002
GOOG_Close,2016-07-21,738.630005
GOOG_Close,2016-07-22,742.73999
GOOG_Close,2016-07-25,739.77002
GOOG_Close,2016-07-26,738.419983
GOOG_Close,2016-07-27,741.77002
GOOG_Close,2016-07-28,745.909973
GOOG_Close,2016-07-29,768.789978
GOOG_Close,2016-08-01,772.880005
GOOG_Close,2016-08-02,771.070007
GOOG_Close,2016-08-03,773.179993
GOOG_Close,2016-08-04,771.609985
GOOG_Close,2016-08-05,782.219971
GOOG_Close,2016-08-08,781.76001
GOOG_Close,2016-08-09,784.26001
GOOG_Close,2016-08-10,784.679993
GOOG_Close,2016-08-11,784.849976
GOOG_Close,2016-08-12,783.219971
GOOG_Close,2016-08-15,782.440002
GOOG_Close,2016-08-16,777.140015
GOOG_Close,2016-08-17,779.909973
GOOG_Close,2016-08-18,777.5
GOOG_Close,2016-08-19,775.419983
GOOG_Close,2016-08-22,772.150024
GOOG_Close,2016-08-23,772.080017
GOOG_Close,2016-08-24,769.640015
GOOG_Close,2016-08-25,769.409973
GOOG_Close,2016-08-26,769.539978
GOOG_Close,2016-08-29,772.150024
GOOG_Close,2016-08-30,769.090027
GOOG_Close,2016-08-31,767.049988
GOOG_Close,2016-09-01,768.780029
GOOG_Close,2016-09-02,771.460022
GOOG_Close,2016-09-06,780.080017
GOOG_Close,2016-09-07,780.349976
GOOG_Close,2016-09-08,775.320007
GOOG_Close,2016-09-09,759.659973
GOOG_Close,2016-09-12,769.02002
GOOG_Close,2016-09-13,759.690002
GOOG_Close,2016-09-14,762.48999
GOOG_Close,2016-09-15,771.76001
GOOG_Close,2016-09-16,768.880005
GOOG_Close,2016-09-19,765.700012
GOOG_Close,2016-09-20,771.409973
GOOG_Close,2016-09-21,776.219971
GOOG_Close,2016-09-22,787.210022
GOOG_Close,2016-09-23,786.900024
GOOG_Close,2016-09-26,774.210022
GOOG_Close,2016-09-27,783.01001
GOOG_Close,2016-09-28,781.559998
GOOG_Close,2016-09-29,775.01001
GOOG_Close,2016-09-30,777.289978
GOOG_Close,2016-10-03,772.559998
GOOG_Close,2016-10-04,776.429993
GOOG_Close,2016-10-05,776.469971
GOOG_Close,2016-10-06,776.859985
GOOG_Close,2016-10-07,775.080017
GOOG_Close,2016-10-10,785.940002
GOOG_Close,2016-10-11,783.070007
GOOG_Close,2016-10-12,786.140015
GOOG_Close,2016-10-13,778.190002
GOOG_Close,2016-10-14,778.530029
GOOG_Close,2016-10-17,779.960022
GOOG_Close,2016-10-18,795.26001
GOOG_Close,2016-10-19,801.5
GOOG_Close,2016-10-20,796.969971
GOOG_Close,2016-10-21,799.369995
GOOG_Close,2016-10-24,813.109985
GOOG_Close,2016-10-25,807.669983
GOOG_Close,2016-10-26,799.070007
GOOG_Close,2016-10-27,795.349976
GOOG_Close,2016-10-28,795.369995
GOOG_Close,2016-10-31,784.539978
GOOG_Close,2016-11-01,783.609985
GOOG_Close,2016-11-02,768.700012
GOOG_Close,2016-11-03,762.130005
GOOG_Close,2016-11-04,762.02002
GOOG_Close,2016-11-07,782.52002
GOOG_Close,2016-11-08,790.51001
GOOG_Close,2016-11-09,785.309998
GOOG_Close,2016-11-10,762.559998
GOOG_Close,2016-11-11,754.02002
GOOG_Close,2016-11-14,736.080017
GOOG_Close,2016-11-15,758.48999
GOOG_Close,2016-11-16,764.47998
GOOG_Close,2016-11-17,771.22998
GOOG_Close,2016-11-18,760.539978
GOOG_Close,2016-11-21,769.200012
GOOG_Close,2016-11-22,768.27002
GOOG_Close,2016-11-23,760.98999
GOOG_Close,2016-11-25,761.679993
GOOG_Close,2016-11-28,768.23999
GOOG_Close,2016-11-29,770.840027
GOOG_Close,2016-11-30,758.039978
GOOG_Close,2016-12-01,747.919983
GOOG_Close,2016-12-02,750.5
GOOG_Close,2016-12-05,762.52002
GOOG_Close,2016-12-06,759.109985
GOOG_Close,2016-12-07,771.190002
GOOG_Close,2016-12-08,776.419983
GOOG_Close,2016-12-09,789.289978
GOOG_Close,2016-12-12,789.27002
GOOG_Close,2016-12-13,796.099976
GOOG_Close,2016-12-14,797.070007
GOOG_Close,2016-12-15,797.849976
GOOG_Close,2016-12-16,790.799988
GOOG_Close,2016-12-19,794.200012
GOOG_Close,2016-12-20,796.419983
GOOG_Close,2016-12-21,794.559998
GOOG_Close,2016-12-22,791.26001
GOOG_Close,2016-12-23,789.909973
GOOG_Close,2016-12-27,791.549988
GOOG_Close,2016-12-28,785.049988
GOOG_Close,2016-12-29,782.789978
GOOG_Close,2016-12-30,771.820007
GOOG_Close,2017-01-03,786.140015
GOOG_Close,2017-01-04,786.900024
GOOG_Close,2017-01-05,794.02002
GOOG_Close,2017-01-06,806.150024
GOOG_Close,2017-01-09,806.650024
GOOG_Close,2017-01-10,804.789978
GOOG_Close,2017-01-11,807.909973
GOOG_Close,2017-01-12,806.359985
GOOG_Close,2017-01-13,807.880005
GOOG_Close,2017-01-17,804.609985
GOOG_Close,2017-01-18,806.070007
GOOG_Close,2017-01-19,802.174988
GOOG_Close,2017-01-20,805.02002
GOOG_Close,2017-01-23,819.309998
GOOG_Close,2017-01-24,823.869995
GOOG_Close,2017-01-25,835.669983
GOOG_Close,2017-01-26,832.150024
GOOG_Close,2017-01-27,823.309998
GOOG_Close,2017-01-30,802.320007
GOOG_Close,2017-01-31,796.789978
GOOG_Close,2017-02-01,795.695007
GOOG_Close,2017-02-02,798.530029
GOOG_Close,2017-02-03,801.48999
GOOG_Close,2017-02-06,801.340027
GOOG_Close,2017-02-07,806.969971
GOOG_Close,2017-02-08,808.380005
GOOG_Close,2017-02-09,809.559998
GOOG_Close,2017-02-10,813.669983
GOOG_Close,2017-02-13,819.23999
GOOG_Close,2017-02-14,820.450012
GOOG_Close,2017-02-15,818.97998
GOOG_Close,2017-02-16,824.159973
GOOG_Close,2017-02-17,828.070007
GOOG_Close,2017-02-21,831.659973
GOOG_Close,2017-02-22,830.76001
GOOG_Close,2017-02-23,831.330017
GOOG_Close,2017-02-24,828.640015
GOOG_Close,2017-02-27,829.280029
GOOG_Close,2017-02-28,823.210022
GOOG_Close,2017-03-01,835.23999
GOOG_Close,2017-03-02,830.630005
GOOG_Close,2017-03-03,829.080017
GOOG_Close,2017-03-06,827.780029
GOOG_Close,2017-03-07,831.909973
GOOG_Close,2017-03-08,835.369995
GOOG_Close,2017-03-09,838.679993
GOOG_Close,2017-03-10,843.25
GOOG_Close,2017-03-13,845.539978
GOOG_Close,2017-03-14,845.619995
GOOG_Close,2017-03-15,847.200012
GOOG_Close,2017-03-16,848.780029
GOOG_Close,2017-03-17,852.119995
GOOG_Close,2017-03-20,848.400024
GOOG_Close,2017-03-21,830.460022
GOOG_Close,2017-03-22,829.590027
GOOG_Close,2017-03-23,817.580017
GOOG_Close,2017-03-24,814.429993
GOOG_Close,2017-03-27,819.51001
GOOG_Close,2017-03-28,820.919983
GOOG_Close,2017-03-29,831.409973
GOOG_Close,2017-03-30,831.5
GOOG_Close,2017-03-31,829.559998
GOOG_Close,2017-04-03,838.549988
GOOG_Close,2017-04-04,834.570007
GOOG_Close,2017-04-05,831.409973
GOOG_Close,2017-04-06,827.880005
GOOG_Close,2017-04-07,824.669983
GOOG_Close,2017-04-10,824.72998
GOOG_Close,2017-04-11,823.349976
GOOG_Close,2017-04-12,824.320007
GOOG_Close,2017-04-13,823.559998
GOOG_Close,2017-04-17,837.169983
GOOG_Close,2017-04-18,836.820007
GOOG_Close,2017-04-19,838.210022
GOOG_Close,2017-04-20,841.650024
GOOG_Close,2017-04-21,843.190002
GOOG_Close,2017-04-24,862.76001
GOOG_Close,2017-04-25,872.299988
GOOG_Close,2017-04-26,871.72998
GOOG_Close,2017-04-27,874.25
GOOG_Close,2017-04-28,905.960022
GOOG_Close,2017-05-01,912.570007
GOOG_Close,2017-05-02,916.440002
GOOG_Close,2017-05-03,927.039978
GOOG_Close,2017-05-04,931.659973
GOOG_Close,2017-05-05,927.130005
GOOG_Close,2017-05-08,934.299988
GOOG_Close,2017-05-09,932.169983
GOOG_Close,2017-05-10,928.780029
GOOG_Close,2017-05-11,930.599976
GOOG_Close,2017-05-12,932.219971
GOOG_Close,2017-05-15,937.080017
GOOG_Close,2017-05-16,943
GOOG_Close,2017-05-17,919.619995
GOOG_Close,2017-05-18,930.23999
GOOG_Close,2017-05-19,934.01001
GOOG_Close,2017-05-22,941.859985
GOOG_Close,2017-05-23,948.820007
GOOG_Close,2017-05-24,954.960022
GOOG_Close,2017-05-25,969.539978
GOOG_Close,2017-05-26,971.469971
GOOG_Close,2017-05-30,975.880005
GOOG_Close,2017-05-31,964.859985
GOOG_Close,2017-06-01,966.950012
GOOG_Close,2017-06-02,975.599976
GOOG_Close,2017-06-05,983.679993
GOOG_Close,2017-06-06,976.570007
GOOG_Close,2017-06-07,980.940002
GOOG_Close,2017-06-08,983.409973
GOOG_Close,2017-06-09,949.830017
GOOG_Close,2017-06-12,942.900024
GOOG_Close,2017-06-13,953.400024
GOOG_Close,2017-06-14,950.76001
GOOG_Close,2017-06-15,942.309998
GOOG_Close,2017-06-16,939.780029
GOOG_Close,2017-06-19,957.369995
GOOG_Close,2017-06-20,950.630005
GOOG_Close,2017-06-21,959.450012
GOOG_Close,2017-06-22,957.090027
GOOG_Close,2017-06-23,965.590027
GOOG_Close,2017-06-26,952.27002
GOOG_Close,2017-06-27,927.330017
GOOG_Close,2017-06-28,940.48999
GOOG_Close,2017-06-29,917.789978
GOOG_Close,2017-06-30,908.72998
GOOG_Close,2017-07-03,898.700012
GOOG_Close,2017-07-05,911.710022
GOOG_Close,2017-07-06,906.690002
GOOG_Close,2017-07-07,918.590027
GOOG_Close,2017-07-10,928.799988
GOOG_Close,2017-07-11,930.090027
GOOG_Close,2017-07-12,943.830017
GOOG_Close,2017-07-13,947.159973
GOOG_Close,2017-07-14,955.98999
GOOG_Close,2017-07-17,953.419983
GOOG_Close,2017-07-18,965.400024
GOOG_Close,2017-07-19,970.890015
GOOG_Close,2017-07-20,968.150024
GOOG_Close,2017-07-21,972.919983
GOOG_Close,2017-07-24,980.340027
GOOG_Close,2017-07-25,950.700012
GOOG_Close,2017-07-26,947.799988
GOOG_Close,2017-07-27,934.090027
GOOG_Close,2017-07-28,941.530029
GOOG_Close,2017-07-31,930.5
GOOG_Close,2017-08-01,930.830017
GOOG_Close,2017-08-02,930.390015
GOOG_Close,2017-08-03,923.650024
GOOG_Close,2017-08-04,927.960022
GOOG_Close,2017-08-07,929.359985
GOOG_Close,2017-08-08,926.789978
GOOG_Close,2017-08-09,922.900024
GOOG_Close,2017-08-10,907.23999
GOOG_Close,2017-08-11,914.390015
GOOG_Close,2017-08-14,922.669983
GOOG_Close,2017-08-15,922.219971
GOOG_Close,2017-08-16,926.960022
GOOG_Close,2017-08-17,910.97998
GOOG_Close,2017-08-18,910.669983
GOOG_Close,2017-08-21,906.659973
GOOG_Close,2017-08-22,924.690002
GOOG_Close,2017-08-23,927
GOOG_Close,2017-08-24,921.280029
GOOG_Close,2017-08-25,915.890015
GOOG_Close,2017-08-28,913.809998
GOOG_Close,2017-08-29,921.289978
GOOG_Close,2017-08-30,929.570007
GOOG_Close,2017-08-31,939.330017
GOOG_Close,2017-09-01,937.340027
GOOG_Close,2017-09-05,928.450012
GOOG_Close,2017-09-06,927.809998
GOOG_Close,2017-09-07,935.950012
GOOG_Close,2017-09-08,926.5
GOOG_Close,2017-09-11,929.080017
GOOG_Close,2017-09-12,932.070007
GOOG_Close,2017-09-13,935.090027
GOOG_Close,2017-09-14,925.109985
GOOG_Close,2017-09-15,920.289978
GOOG_Close,2017-09-18,915
GOOG_Close,2017-09-19,921.809998
GOOG_Close,2017-09-20,931.580017
GOOG_Close,2017-09-21,932.450012
GOOG_Close,2017-09-22,928.530029
GOOG_Close,2017-09-25,920.969971
GOOG_Close,2017-09-26,924.859985
GOOG_Close,2017-09-27,944.48999
GOOG_Close,2017-09-28,949.5
GOOG_Close,2017-09-29,959.109985
GOOG_Close,2017-10-02,953.27002
GOOG_Close,2017-10-03,957.789978
GOOG_Close,2017-10-04,951.679993
GOOG_Close,2017-10-05,969.960022
GOOG_Close,2017-10-06,978.890015
GOOG_Close,2017-10-09,977
GOOG_Close,2017-10-10,972.599976
GOOG_Close,2017-10-11,989.25
GOOG_Close,2017-10-12,987.830017
GOOG_Close,2017-10-13,989.679993
GOOG_Close,2017-10-16,992
GOOG_Close,2017-10-17,992.179993
GOOG_Close,2017-10-18,992.809998
GOOG_Close,2017-10-19,984.450012
GOOG_Close,2017-10-20,988.200012
GOOG_Close,2017-10-23,968.450012
GOOG_Close,2017-10-24,970.539978
GOOG_Close,2017-10-25,973.330017
GOOG_Close,2017-10-26,972.559998
GOOG_Close,2017-10-27,1019.27002
GOOG_Close,2017-10-30,1017.109985
GOOG_Close,2017-10-31,1016.640015
GOOG_Close,2017-11-01,1025.5
GOOG_Close,2017-11-02,1025.579956
GOOG_Close,2017-11-03,1032.47998
GOOG_Close,2017-11-06,1025.900024
GOOG_Close,2017-11-07,1033.329956
GOOG_Close,2017-11-08,1039.849976
GOOG_Close,2017-11-09,1031.26001
GOOG_Close,2017-11-10,1028.069946
GOOG_Close,2017-11-13,1025.75
GOOG_Close,2017-11-14,1026
GOOG_Close,2017-11-15,1020.909973
GOOG_Close,2017-11-16,1032.5
GOOG_Close,2017-11-17,1019.090027
GOOG_Close,2017-11-20,1018.380005
GOOG_Close,2017-11-21,1034.48999
GOOG_Close,2017-11-22,1035.959961
GOOG_Close,2017-11-24,1040.609985
GOOG_Close,2017-11-27,1054.209961
GOOG_Close,2017-11-28,1047.410034
GOOG_Close,2017-11-29,1021.659973
GOOG_Close,2017-11-30,1021.409973
GOOG_Close,2017-12-01,1010.169983
GOOG_Close,2017-12-04,998.679993
GOOG_Close,2017-12-05,1005.150024
GOOG_Close,2017-12-06,1018.380005
GOOG_Close,2017-12-07,1030.930054
GOOG_Close,2017-12-08,1037.050049
GOOG_Close,2017-12-11,1041.099976
GOOG_Close,2017-12-12,1040.47998
GOOG_Close,2017-12-13,1040.609985
GOOG_Close,2017-12-14,1049.150024
GOOG_Close,2017-12-15,1064.189941
GOOG_Close,2017-12-18,1077.140015
GOOG_Close,2017-12-19,1070.680054
GOOG_Close,2017-12-20,1064.949951
GOOG_Close,2017-12-21,1063.630005
GOOG_Close,2017-12-22,1060.119995
GOOG_Close,2017-12-26,1056.73999
GOOG_Close,2017-12-27,1049.369995
GOOG_Close,2017-12-28,1048.140015
GOOG_Close,2017-12-29,1046.400024
GOOG_Close,2018-01-02,1065
GOOG_Close,2018-01-03,1082.47998
GOOG_Close,2018-01-04,1086.400024
GOOG_Close,2018-01-05,1102.22998
GOOG_Close,2018-01-08,1106.939941
GOOG_Close,2018-01-09,1106.26001
GOOG_Close,2018-01-10,1102.609985
GOOG_Close,2018-01-11,1105.52002
GOOG_Close,2018-01-12,1122.26001
GOOG_Close,2018-01-16,1121.76001
GOOG_Close,2018-01-17,1131.97998
GOOG_Close,2018-01-18,1129.790039
GOOG_Close,2018-01-19,1137.51001
GOOG_Close,2018-01-22,1155.810059
GOOG_Close,2018-01-23,1169.969971
GOOG_Close,2018-01-24,1164.23999
GOOG_Close,2018-01-25,1170.369995
GOOG_Close,2018-01-26,1175.839966
GOOG_Close,2018-01-29,1175.579956
GOOG_Close,2018-01-30,1163.689941
GOOG_Close,2018-01-31,1169.939941
GOOG_Close,2018-02-01,1167.699951
GOOG_Close,2018-02-02,1111.900024
GOOG_Close,2018-02-05,1055.800049
GOOG_Close,2018-02-06,1080.599976
GOOG_Close,2018-02-07,1048.579956
GOOG_Close,2018-02-08,1001.52002
GOOG_Close,2018-02-09,1037.780029
GOOG_Close,2018-02-12,1051.939941
GOOG_Close,2018-02-13,1052.099976
GOOG_Close,2018-02-14,1069.699951
GOOG_Close,2018-02-15,1089.52002
GOOG_Close,2018-02-16,1094.800049
GOOG_Close,2018-02-20,1102.459961
GOOG_Close,2018-02-21,1111.339966
GOOG_Close,2018-02-22,1106.630005
GOOG_Close,2018-02-23,1126.790039
GOOG_Close,2018-02-26,1143.75
GOOG_Close,2018-02-27,1118.290039
GOOG_Close,2018-02-28,1104.72998
GOOG_Close,2018-03-01,1069.52002
GOOG_Close,2018-03-02,1078.920044
GOOG_Close,2018-03-05,1090.930054
GOOG_Close,2018-03-06,1095.060059
GOOG_Close,2018-03-07,1109.640015
GOOG_Close,2018-03-08,1126
GOOG_Close,2018-03-09,1160.040039
GOOG_Close,2018-03-12,1164.5
GOOG_Close,2018-03-13,1138.170044
GOOG_Close,2018-03-14,1149.48999
GOOG_Close,2018-03-15,1149.579956
GOOG_Close,2018-03-16,1135.72998
GOOG_Close,2018-03-19,1099.819946
GOOG_Close,2018-03-20,1097.709961
GOOG_Close,2018-03-21,1090.880005
GOOG_Close,2018-03-22,1049.079956
GOOG_Close,2018-03-23,1021.570007
GOOG_Close,2018-03-26,1053.209961
GOOG_Close,2018-03-27,1005.099976
GOOG_Close,2018-03-28,1004.559998
GOOG_Close,2018-03-29,1031.790039
GOOG_Close,2018-04-02,1006.469971
GOOG_Close,2018-04-03,1013.409973
GOOG_Close,2018-04-04,1025.140015
GOOG_Close,2018-04-05,1027.810059
GOOG_Close,2018-04-06,1007.039978
GOOG_Close,2018-04-09,1015.450012
GOOG_Close,2018-04-10,1031.640015
GOOG_Close,2018-04-11,1019.969971
GOOG_Close,2018-04-12,1032.51001
GOOG_Close,2018-04-13,1029.27002
GOOG_Close,2018-04-16,1037.97998
GOOG_Close,2018-04-17,1074.160034
GOOG_Close,2018-04-18,1072.079956
GOOG_Close,2018-04-19,1087.699951
GOOG_Close,2018-04-20,1072.959961
GOOG_Close,2018-04-23,1067.449951
GOOG_Close,2018-04-24,1019.97998
GOOG_Close,2018-04-25,1021.179993
GOOG_Close,2018-04-26,1040.040039
GOOG_Close,2018-04-27,1030.050049
GOOG_Close,2018-04-30,1017.330017
GOOG_Close,2018-05-01,1037.310059
GOOG_Close,2018-05-02,1024.380005
GOOG_Close,2018-05-03,1023.719971
GOOG_Close,2018-05-04,1048.209961
GOOG_Close,2018-05-07,1054.790039
GOOG_Close,2018-05-08,1053.910034
GOOG_Close,2018-05-09,1082.76001
GOOG_Close,2018-05-10,1097.569946
GOOG_Close,2018-05-11,1098.26001
GOOG_Close,2018-05-14,1100.199951
GOOG_Close,2018-05-15,1079.22998
GOOG_Close,2018-05-16,1081.77002
GOOG_Close,2018-05-17,1078.589966
GOOG_Close,2018-05-18,1066.359985
GOOG_Close,2018-05-21,1079.579956
GOOG_Close,2018-05-22,1069.72998
GOOG_Close,2018-05-23,1079.689941
GOOG_Close,2018-05-24,1079.23999
GOOG_Close,2018-05-25,1075.660034
GOOG_Close,2018-05-29,1060.319946
GOOG_Close,2018-05-30,1067.800049
GOOG_Close,2018-05-31,1084.98999
GOOG_Close,2018-06-01,1119.5
GOOG_Close,2018-06-04,1139.290039
GOOG_Close,2018-06-05,1139.660034
GOOG_Close,2018-06-06,1136.880005
GOOG_Close,2018-06-07,1123.859985
GOOG_Close,2018-06-08,1120.869995
GOOG_Close,2018-06-11,1129.98999
GOOG_Close,2018-06-12,1139.319946
GOOG_Close,2018-06-13,1134.790039
GOOG_Close,2018-06-14,1152.119995
GOOG_Close,2018-06-15,1152.26001
GOOG_Close,2018-06-18,1173.459961
GOOG_Close,2018-06-19,1168.060059
GOOG_Close,2018-06-20,1169.839966
GOOG_Close,2018-06-21,1157.660034
GOOG_Close,2018-06-22,1155.47998
GOOG_Close,2018-06-25,1124.810059
GOOG_Close,2018-06-26,1118.459961
GOOG_Close,2018-06-27,1103.97998
GOOG_Close,2018-06-28,1114.219971
GOOG_Close,2018-06-29,1115.650024
GOOG_Close,2018-07-02,1127.459961
GOOG_Close,2018-07-03,1102.890015
GOOG_Close,2018-07-05,1124.27002
GOOG_Close,2018-07-06,1140.170044
GOOG_Close,2018-07-09,1154.050049
GOOG_Close,2018-07-10,1152.839966
GOOG_Close,2018-07-11,1153.900024
GOOG_Close,2018-07-12,1183.47998
GOOG_Close,2018-07-13,1188.819946
GOOG_Close,2018-07-16,1183.859985
GOOG_Close,2018-07-17,1198.800049
GOOG_Close,2018-07-18,1195.880005
GOOG_Close,2018-07-19,1186.959961
GOOG_Close,2018-07-20,1184.910034
GOOG_Close,2018-07-23,1205.5
GOOG_Close,2018-07-24,1248.079956
GOOG_Close,2018-07-25,1263.699951
GOOG_Close,2018-07-26,1268.329956
GOOG_Close,2018-07-27,1238.5
GOOG_Close,2018-07-30,1219.73999
GOOG_Close,2018-07-31,1217.26001
GOOG_Close,2018-08-01,1220.01001
GOOG_Close,2018-08-02,1226.150024
GOOG_Close,2018-08-03,1223.709961
GOOG_Close,2018-08-06,1224.77002
GOOG_Close,2018-08-07,1242.219971
GOOG_Close,2018-08-08,1245.609985
GOOG_Close,2018-08-09,1249.099976
GOOG_Close,2018-08-10,1237.609985
GOOG_Close,2018-08-13,1235.01001
GOOG_Close,2018-08-14,1242.099976
GOOG_Close,2018-08-15,1214.380005
GOOG_Close,2018-08-16,1206.48999
GOOG_Close,2018-08-17,1200.959961
GOOG_Close,2018-08-20,1207.77002
GOOG_Close,2018-08-21,1201.619995
GOOG_Close,2018-08-22,1207.329956
GOOG_Close,2018-08-23,1205.380005
GOOG_Close,2018-08-24,1220.650024
GOOG_Close,2018-08-27,1241.819946
GOOG_Close,2018-08-28,1231.150024
GOOG_Close,2018-08-29,1249.300049
GOOG_Close,2018-08-30,1239.119995
GOOG_Close,2018-08-31,1218.189941
GOOG_Close,2018-09-04,1197
GOOG_Close,2018-09-05,1186.47998
GOOG_Close,2018-09-06,1171.439941
GOOG_Close,2018-09-07,1164.829956
GOOG_Close,2018-09-10,1164.640015
GOOG_Close,2018-09-11,1177.359985
GOOG_Close,2018-09-12,1162.819946
GOOG_Close,2018-09-13,1175.329956
GOOG_Close,2018-09-14,1172.530029
GOOG_Close,2018-09-17,1156.050049
GOOG_Close,2018-09-18,1161.219971
GOOG_Close,2018-09-19,1171.089966
GOOG_Close,2018-09-20,1186.869995
GOOG_Close,2018-09-21,1166.089966
GOOG_Close,2018-09-24,1173.369995
GOOG_Close,2018-09-25,1184.650024
GOOG_Close,2018-09-26,1180.48999
GOOG_Close,2018-09-27,1194.640015
GOOG_Close,2018-09-28,1193.469971
GOOG_Close,2018-10-01,1195.310059
GOOG_Close,2018-10-02,1200.109985
GOOG_Close,2018-10-03,1202.949951
GOOG_Close,2018-10-04,1168.189941
GOOG_Close,2018-10-05,1157.349976
GOOG_Close,2018-10-08,1148.969971
GOOG_Close,2018-10-09,1138.819946
GOOG_Close,2018-10-10,1081.219971
GOOG_Close,2018-10-11,1079.319946
GOOG_Close,2018-10-12,1110.079956
GOOG_Close,2018-10-15,1092.25
GOOG_Close,2018-10-16,1121.280029
GOOG_Close,2018-10-17,1115.689941
GOOG_Close,2018-10-18,1087.969971
GOOG_Close,2018-10-19,1096.459961
GOOG_Close,2018-10-22,1101.160034
GOOG_Close,2018-10-23,1103.689941
GOOG_Close,2018-10-24,1050.709961
GOOG_Close,2018-10-25,1095.569946
GOOG_Close,2018-10-26,1071.469971
GOOG_Close,2018-10-29,1020.080017
GOOG_Close,2018-10-30,1036.209961
GOOG_Close,2018-10-31,1076.77002
GOOG_Close,2018-11-01,1070
GOOG_Close,2018-11-02,1057.790039
GOOG_Close,2018-11-05,1040.089966
GOOG_Close,2018-11-06,1055.810059
GOOG_Close,2018-11-07,1093.390015
GOOG_Close,2018-11-08,1082.400024
GOOG_Close,2018-11-09,1066.150024
GOOG_Close,2018-11-12,1038.630005
GOOG_Close,2018-11-13,1036.050049
GOOG_Close,2018-11-14,1043.660034
GOOG_Close,2018-11-15,1064.709961
GOOG_Close,2018-11-16,1061.48999
GOOG_Close,2018-11-19,1020
GOOG_Close,2018-11-20,1025.76001
GOOG_Close,2018-11-21,1037.609985
GOOG_Close,2018-11-23,1023.880005
GOOG_Close,2018-11-26,1048.619995
GOOG_Close,2018-11-27,1044.410034
GOOG_Close,2018-11-28,1086.22998
GOOG_Close,2018-11-29,1088.300049
GOOG_Close,2018-11-30,1094.430054
GOOG_Close,2018-12-03,1106.430054
GOOG_Close,2018-12-04,1050.819946
GOOG_Close,2018-12-06,1068.72998
GOOG_Close,2018-12-07,1036.579956
GOOG_Close,2018-12-10,1039.550049
GOOG_Close,2018-12-11,1051.75
GOOG_Close,2018-12-12,1063.680054
GOOG_Close,2018-12-13,1061.900024
GOOG_Close,2018-12-14,1042.099976
GOOG_Close,2018-12-17,1016.530029
GOOG_Close,2018-12-18,1028.709961
GOOG_Close,2018-12-19,1023.01001
GOOG_Close,2018-12-20,1009.409973
GOOG_Close,2018-12-21,979.539978
GOOG_Close,2018-12-24,976.219971
GOOG_Close,2018-12-26,1039.459961
GOOG_Close,2018-12-27,1043.880005
GOOG_Close,2018-12-28,1037.079956
GOOG_Close,2018-12-31,1035.609985
AAPL_Adj_Close,2014-01-02,66.964325
AAPL_Adj_Close,2014-01-03,65.493416
AAPL_Adj_Close,2014-01-06,65.850533
AAPL_Adj_Close,2014-01-07,65.379593
AAPL_Adj_Close,2014-01-08,65.793633
AAPL_Adj_Close,2014-01-09,64.953445
AAPL_Adj_Close,2014-01-10,64.520035
AAPL_Adj_Close,2014-01-13,64.857819
AAPL_Adj_Close,2014-01-14,66.148376
AAPL_Adj_Close,2014-01-15,67.476418
AAPL_Adj_Close,2014-01-16,67.099922
AAPL_Adj_Close,2014-01-17,65.455879
AAPL_Adj_Close,2014-01-21,66.472824
AAPL_Adj_Close,2014-01-22,66.768219
AAPL_Adj_Close,2014-01-23,67.333588
AAPL_Adj_Close,2014-01-24,66.109619
AAPL_Adj_Close,2014-01-27,66.645943
AAPL_Adj_Close,2014-01-28,61.319111
AAPL_Adj_Close,2014-01-29,60.622982
AAPL_Adj_Close,2014-01-30,60.505547
AAPL_Adj_Close,2014-01-31,60.604813
AAPL_Adj_Close,2014-02-03,60.717407
AAPL_Adj_Close,2014-02-04,61.59634
AAPL_Adj_Close,2014-02-05,62.056385
AAPL_Adj_Close,2014-02-06,64.743347
AAPL_Adj_Close,2014-02-07,65.649094
AAPL_Adj_Close,2014-02-10,66.82518
AAPL_Adj_Close,2014-02-11,67.705673
AAPL_Adj_Close,2014-02-12,67.700623
AAPL_Adj_Close,2014-02-13,68.775658
AAPL_Adj_Close,2014-02-14,68.720093
AAPL_Adj_Close,2014-02-18,68.972733
AAPL_Adj_Close,2014-02-19,67.883812
AAPL_Adj_Close,2014-02-20,67.098045
AAPL_Adj_Close,2014-02-21,66.352722
AAPL_Adj_Close,2014-02-24,66.643288
AAPL_Adj_Close,2014-02-25,65.949753
AAPL_Adj_Close,2014-02-26,65.354752
AAPL_Adj_Close,2014-02-27,66.658447
AAPL_Adj_Close,2014-02-28,66.477783
AAPL_Adj_Close,2014-03-03,66.669823
AAPL_Adj_Close,2014-03-04,67.109421
AAPL_Adj_Close,2014-03-05,67.250908
AAPL_Adj_Close,2014-03-06,67.047539
AAPL_Adj_Close,2014-03-07,67.008354
AAPL_Adj_Close,2014-03-10,67.068993
AAPL_Adj_Close,2014-03-11,67.722099
AAPL_Adj_Close,2014-03-12,67.787781
AAPL_Adj_Close,2014-03-13,67.034889
AAPL_Adj_Close,2014-03-14,66.281975
AAPL_Adj_Close,2014-03-17,66.540955
AAPL_Adj_Close,2014-03-18,67.129631
AAPL_Adj_Close,2014-03-19,67.111969
AAPL_Adj_Close,2014-03-20,66.788559
AAPL_Adj_Close,2014-03-21,67.315308
AAPL_Adj_Close,2014-03-24,68.113724
AAPL_Adj_Close,2014-03-25,68.846397
AAPL_Adj_Close,2014-03-26,68.188232
AAPL_Adj_Close,2014-03-27,67.895157
AAPL_Adj_Close,2014-03-28,67.819397
AAPL_Adj_Close,2014-03-31,67.804207
AAPL_Adj_Close,2014-04-01,68.424469
AAPL_Adj_Close,2014-04-02,68.53817
AAPL_Adj_Close,2014-04-03,68.063202
AAPL_Adj_Close,2014-04-04,67.182701
AAPL_Adj_Close,2014-04-07,66.127869
AAPL_Adj_Close,2014-04-08,66.124092
AAPL_Adj_Close,2014-04-09,66.993195
AAPL_Adj_Close,2014-04-10,66.12915
AAPL_Adj_Close,2014-04-11,65.640236
AAPL_Adj_Close,2014-04-14,65.901756
AAPL_Adj_Close,2014-04-15,65.431808
AAPL_Adj_Close,2014-04-16,65.564453
AAPL_Adj_Close,2014-04-17,66.313568
AAPL_Adj_Close,2014-04-21,67.100571
AAPL_Adj_Close,2014-04-22,67.167534
AAPL_Adj_Close,2014-04-23,66.289574
AAPL_Adj_Close,2014-04-24,71.724113
AAPL_Adj_Close,2014-04-25,72.250885
AAPL_Adj_Close,2014-04-28,75.049004
AAPL_Adj_Close,2014-04-29,74.826683
AAPL_Adj_Close,2014-04-30,74.543709
AAPL_Adj_Close,2014-05-01,74.719299
AAPL_Adj_Close,2014-05-02,74.858269
AAPL_Adj_Close,2014-05-05,75.916885
AAPL_Adj_Close,2014-05-06,75.089447
AAPL_Adj_Close,2014-05-07,74.826683
AAPL_Adj_Close,2014-05-08,77.283211
AAPL_Adj_Close,2014-05-09,76.961197
AAPL_Adj_Close,2014-05-12,77.91938
AAPL_Adj_Close,2014-05-13,78.041618
AAPL_Adj_Close,2014-05-14,78.056053
AAPL_Adj_Close,2014-05-15,77.392319
AAPL_Adj_Close,2014-05-16,78.534492
AAPL_Adj_Close,2014-05-19,79.465065
AAPL_Adj_Close,2014-05-20,79.480827
AAPL_Adj_Close,2014-05-21,79.691139
AAPL_Adj_Close,2014-05-22,79.817314
AAPL_Adj_Close,2014-05-23,80.718971
AAPL_Adj_Close,2014-05-27,82.230476
AAPL_Adj_Close,2014-05-28,82.01757
AAPL_Adj_Close,2014-05-29,83.511993
AAPL_Adj_Close,2014-05-30,83.199173
AAPL_Adj_Close,2014-06-02,82.627434
AAPL_Adj_Close,2014-06-03,83.795898
AAPL_Adj_Close,2014-06-04,84.752747
AAPL_Adj_Close,2014-06-05,85.085281
AAPL_Adj_Close,2014-06-06,84.851349
AAPL_Adj_Close,2014-06-09,86.209076
AAPL_Adj_Close,2014-06-10,86.715096
AAPL_Adj_Close,2014-06-11,86.356293
AAPL_Adj_Close,2014-06-12,84.911781
AAPL_Adj_Close,2014-06-13,83.982529
AAPL_Adj_Close,2014-06-16,84.828972
AAPL_Adj_Close,2014-06-17,84.718567
AAPL_Adj_Close,2014-06-18,84.8106
AAPL_Adj_Close,2014-06-19,84.516167
AAPL_Adj_Close,2014-06-20,83.642128
AAPL_Adj_Close,2014-06-23,83.568497
AAPL_Adj_Close,2014-06-24,83.062485
AAPL_Adj_Close,2014-06-25,83.136078
AAPL_Adj_Close,2014-06-26,83.632912
AAPL_Adj_Close,2014-06-27,84.626579
AAPL_Adj_Close,2014-06-30,85.50061
AAPL_Adj_Close,2014-07-01,86.043442
AAPL_Adj_Close,2014-07-02,86.006638
AAPL_Adj_Close,2014-07-03,86.51268
AAPL_Adj_Close,2014-07-07,88.297592
AAPL_Adj_Close,2014-07-08,87.72715
AAPL_Adj_Close,2014-07-09,87.763939
AAPL_Adj_Close,2014-07-10,87.44194
AAPL_Adj_Close,2014-07-11,87.607529
AAPL_Adj_Close,2014-07-14,88.739197
AAPL_Adj_Close,2014-07-15,87.69957
AAPL_Adj_Close,2014-07-16,87.202713
AAPL_Adj_Close,2014-07-17,85.647842
AAPL_Adj_Close,2014-07-18,86.880707
AAPL_Adj_Close,2014-07-21,86.429893
AAPL_Adj_Close,2014-07-22,87.14753
AAPL_Adj_Close,2014-07-23,89.420052
AAPL_Adj_Close,2014-07-24,89.272858
AAPL_Adj_Close,2014-07-25,89.861679
AAPL_Adj_Close,2014-07-28,91.103737
AAPL_Adj_Close,2014-07-29,90.514915
AAPL_Adj_Close,2014-07-30,90.303284
AAPL_Adj_Close,2014-07-31,87.957153
AAPL_Adj_Close,2014-08-01,88.444794
AAPL_Adj_Close,2014-08-04,87.947975
AAPL_Adj_Close,2014-08-05,87.515549
AAPL_Adj_Close,2014-08-06,87.368324
AAPL_Adj_Close,2014-08-07,87.359085
AAPL_Adj_Close,2014-08-08,87.59948
AAPL_Adj_Close,2014-08-11,88.755272
AAPL_Adj_Close,2014-08-12,88.736786
AAPL_Adj_Close,2014-08-13,89.911064
AAPL_Adj_Close,2014-08-14,90.151459
AAPL_Adj_Close,2014-08-15,90.595291
AAPL_Adj_Close,2014-08-18,91.686363
AAPL_Adj_Close,2014-08-19,92.953094
AAPL_Adj_Close,2014-08-20,92.990074
AAPL_Adj_Close,2014-08-21,92.999329
AAPL_Adj_Close,2014-08-22,93.683578
AAPL_Adj_Close,2014-08-25,93.886971
AAPL_Adj_Close,2014-08-26,93.285942
AAPL_Adj_Close,2014-08-27,94.43251
AAPL_Adj_Close,2014-08-28,94.543472
AAPL_Adj_Close,2014-08-29,94.77462
AAPL_Adj_Close,2014-09-02,95.51432
AAPL_Adj_Close,2014-09-03,91.482925
AAPL_Adj_Close,2014-09-04,90.724754
AAPL_Adj_Close,2014-09-05,91.510666
AAPL_Adj_Close,2014-09-08,90.946655
AAPL_Adj_Close,2014-09-09,90.604546
AAPL_Adj_Close,2014-09-10,93.387672
AAPL_Adj_Close,2014-09-11,93.785255
AAPL_Adj_Close,2014-09-12,93.99794
AAPL_Adj_Close,2014-09-15,93.970192
AAPL_Adj_Close,2014-09-16,93.258224
AAPL_Adj_Close,2014-09-17,93.923965
AAPL_Adj_Close,2014-09-18,94.118134
AAPL_Adj_Close,2014-09-19,93.350693
AAPL_Adj_Close,2014-09-22,93.443146
AAPL_Adj_Close,2014-09-23,94.904076
AAPL_Adj_Close,2014-09-24,94.081146
AAPL_Adj_Close,2014-09-25,90.493599
AAPL_Adj_Close,2014-09-26,93.156509
AAPL_Adj_Close,2014-09-29,92.564751
AAPL_Adj_Close,2014-09-30,93.156509
AAPL_Adj_Close,2014-10-01,91.704857
AAPL_Adj_Close,2014-10-02,92.370575
AAPL_Adj_Close,2014-10-03,92.111702
AAPL_Adj_Close,2014-10-06,92.111702
AAPL_Adj_Close,2014-10-07,91.307266
AAPL_Adj_Close,2014-10-08,93.202759
AAPL_Adj_Close,2014-10-09,93.406174
AAPL_Adj_Close,2014-10-10,93.138023
AAPL_Adj_Close,2014-10-13,92.287369
AAPL_Adj_Close,2014-10-14,91.307266
AAPL_Adj_Close,2014-10-15,90.188454
AAPL_Adj_Close,2014-10-16,89.004921
AAPL_Adj_Close,2014-10-17,90.308647
AAPL_Adj_Close,2014-10-20,92.241142
AAPL_Adj_Close,2014-10-21,94.746887
AAPL_Adj_Close,2014-10-22,95.227699
AAPL_Adj_Close,2014-10-23,96.929016
AAPL_Adj_Close,2014-10-24,97.289619
AAPL_Adj_Close,2014-10-27,97.187912
AAPL_Adj_Close,2014-10-28,98.695061
AAPL_Adj_Close,2014-10-29,99.249817
AAPL_Adj_Close,2014-10-30,98.916977
AAPL_Adj_Close,2014-10-31,99.860077
AAPL_Adj_Close,2014-11-03,101.154572
AAPL_Adj_Close,2014-11-04,100.414879
AAPL_Adj_Close,2014-11-05,100.655266
AAPL_Adj_Close,2014-11-06,100.94313
AAPL_Adj_Close,2014-11-07,101.23101
AAPL_Adj_Close,2014-11-10,101.063866
AAPL_Adj_Close,2014-11-11,101.87178
AAPL_Adj_Close,2014-11-12,103.311195
AAPL_Adj_Close,2014-11-13,104.769142
AAPL_Adj_Close,2014-11-14,106.032097
AAPL_Adj_Close,2014-11-17,105.855652
AAPL_Adj_Close,2014-11-18,107.230049
AAPL_Adj_Close,2014-11-19,106.487114
AAPL_Adj_Close,2014-11-20,108.010109
AAPL_Adj_Close,2014-11-21,108.158691
AAPL_Adj_Close,2014-11-24,110.164543
AAPL_Adj_Close,2014-11-25,109.208054
AAPL_Adj_Close,2014-11-26,110.508148
AAPL_Adj_Close,2014-11-28,110.443123
AAPL_Adj_Close,2014-12-01,106.858582
AAPL_Adj_Close,2014-12-02,106.449982
AAPL_Adj_Close,2014-12-03,107.657219
AAPL_Adj_Close,2014-12-04,107.248604
AAPL_Adj_Close,2014-12-05,106.793579
AAPL_Adj_Close,2014-12-08,104.379112
AAPL_Adj_Close,2014-12-09,105.976402
AAPL_Adj_Close,2014-12-10,103.961235
AAPL_Adj_Close,2014-12-11,103.654778
AAPL_Adj_Close,2014-12-12,101.899651
AAPL_Adj_Close,2014-12-15,100.506699
AAPL_Adj_Close,2014-12-16,99.132278
AAPL_Adj_Close,2014-12-17,101.602486
AAPL_Adj_Close,2014-12-18,104.611275
AAPL_Adj_Close,2014-12-19,103.803352
AAPL_Adj_Close,2014-12-22,104.880577
AAPL_Adj_Close,2014-12-23,104.509132
AAPL_Adj_Close,2014-12-24,104.016945
AAPL_Adj_Close,2014-12-26,105.855652
AAPL_Adj_Close,2014-12-29,105.781364
AAPL_Adj_Close,2014-12-30,104.490555
AAPL_Adj_Close,2014-12-31,102.503265
AAPL_Adj_Close,2015-01-02,101.528191
AAPL_Adj_Close,2015-01-05,98.667984
AAPL_Adj_Close,2015-01-06,98.677261
AAPL_Adj_Close,2015-01-07,100.060936
AAPL_Adj_Close,2015-01-08,103.90551
AAPL_Adj_Close,2015-01-09,104.016945
AAPL_Adj_Close,2015-01-12,101.453903
AAPL_Adj_Close,2015-01-13,102.354675
AAPL_Adj_Close,2015-01-14,101.964645
AAPL_Adj_Close,2015-01-15,99.197289
AAPL_Adj_Close,2015-01-16,98.426529
AAPL_Adj_Close,2015-01-20,100.961716
AAPL_Adj_Close,2015-01-21,101.732506
AAPL_Adj_Close,2015-01-22,104.379112
AAPL_Adj_Close,2015-01-23,104.917725
AAPL_Adj_Close,2015-01-26,105.029175
AAPL_Adj_Close,2015-01-27,101.351738
AAPL_Adj_Close,2015-01-28,107.081474
AAPL_Adj_Close,2015-01-29,110.415276
AAPL_Adj_Close,2015-01-30,108.799446
AAPL_Adj_Close,2015-02-02,110.164543
AAPL_Adj_Close,2015-02-03,110.183121
AAPL_Adj_Close,2015-02-04,111.028168
AAPL_Adj_Close,2015-02-05,111.820625
AAPL_Adj_Close,2015-02-06,110.879021
AAPL_Adj_Close,2015-02-09,111.615524
AAPL_Adj_Close,2015-02-10,113.759834
AAPL_Adj_Close,2015-02-11,116.426216
AAPL_Adj_Close,2015-02-12,117.899254
AAPL_Adj_Close,2015-02-13,118.477295
AAPL_Adj_Close,2015-02-17,119.176529
AAPL_Adj_Close,2015-02-18,120.006287
AAPL_Adj_Close,2015-02-19,119.754547
AAPL_Adj_Close,2015-02-20,120.733452
AAPL_Adj_Close,2015-02-23,123.996544
AAPL_Adj_Close,2015-02-24,123.22274
AAPL_Adj_Close,2015-02-25,120.071518
AAPL_Adj_Close,2015-02-26,121.591179
AAPL_Adj_Close,2015-02-27,119.763885
AAPL_Adj_Close,2015-03-02,120.351219
AAPL_Adj_Close,2015-03-03,120.602966
AAPL_Adj_Close,2015-03-04,119.838455
AAPL_Adj_Close,2015-03-05,117.852661
AAPL_Adj_Close,2015-03-06,118.029785
AAPL_Adj_Close,2015-03-09,118.533218
AAPL_Adj_Close,2015-03-10,116.081268
AAPL_Adj_Close,2015-03-11,113.964943
AAPL_Adj_Close,2015-03-12,116.02533
AAPL_Adj_Close,2015-03-13,115.223557
AAPL_Adj_Close,2015-03-16,116.491478
AAPL_Adj_Close,2015-03-17,118.43998
AAPL_Adj_Close,2015-03-18,119.773201
AAPL_Adj_Close,2015-03-19,118.868874
AAPL_Adj_Close,2015-03-20,117.377174
AAPL_Adj_Close,2015-03-23,118.598503
AAPL_Adj_Close,2015-03-24,118.113708
AAPL_Adj_Close,2015-03-25,115.027771
AAPL_Adj_Close,2015-03-26,115.829559
AAPL_Adj_Close,2015-03-27,114.906578
AAPL_Adj_Close,2015-03-30,117.815361
AAPL_Adj_Close,2015-03-31,116.006676
AAPL_Adj_Close,2015-04-01,115.83886
AAPL_Adj_Close,2015-04-02,116.836441
AAPL_Adj_Close,2015-04-06,118.729012
AAPL_Adj_Close,2015-04-07,117.479729
AAPL_Adj_Close,2015-04-08,117.097473
AAPL_Adj_Close,2015-04-09,117.992477
AAPL_Adj_Close,2015-04-10,118.495934
AAPL_Adj_Close,2015-04-13,118.262863
AAPL_Adj_Close,2015-04-14,117.750107
AAPL_Adj_Close,2015-04-15,118.197601
AAPL_Adj_Close,2015-04-16,117.628891
AAPL_Adj_Close,2015-04-17,116.305008
AAPL_Adj_Close,2015-04-20,118.962082
AAPL_Adj_Close,2015-04-21,118.318817
AAPL_Adj_Close,2015-04-22,119.913033
AAPL_Adj_Close,2015-04-23,120.891975
AAPL_Adj_Close,2015-04-24,121.460663
AAPL_Adj_Close,2015-04-27,123.670227
AAPL_Adj_Close,2015-04-28,121.721718
AAPL_Adj_Close,2015-04-29,119.931686
AAPL_Adj_Close,2015-04-30,116.677956
AAPL_Adj_Close,2015-05-01,120.220688
AAPL_Adj_Close,2015-05-04,119.987633
AAPL_Adj_Close,2015-05-05,117.283951
AAPL_Adj_Close,2015-05-06,116.547424
AAPL_Adj_Close,2015-05-07,117.268303
AAPL_Adj_Close,2015-05-08,119.477737
AAPL_Adj_Close,2015-05-11,118.260674
AAPL_Adj_Close,2015-05-12,117.839386
AAPL_Adj_Close,2015-05-13,117.970436
AAPL_Adj_Close,2015-05-14,120.72287
AAPL_Adj_Close,2015-05-15,120.554352
AAPL_Adj_Close,2015-05-18,121.883774
AAPL_Adj_Close,2015-05-19,121.771431
AAPL_Adj_Close,2015-05-20,121.762047
AAPL_Adj_Close,2015-05-21,123.007195
AAPL_Adj_Close,2015-05-22,124.083832
AAPL_Adj_Close,2015-05-26,121.350128
AAPL_Adj_Close,2015-05-27,123.615738
AAPL_Adj_Close,2015-05-28,123.372292
AAPL_Adj_Close,2015-05-29,121.96801
AAPL_Adj_Close,2015-06-01,122.211426
AAPL_Adj_Close,2015-06-02,121.668449
AAPL_Adj_Close,2015-06-03,121.81823
AAPL_Adj_Close,2015-06-04,121.106728
AAPL_Adj_Close,2015-06-05,120.442009
AAPL_Adj_Close,2015-06-08,119.64624
AAPL_Adj_Close,2015-06-09,119.290497
AAPL_Adj_Close,2015-06-10,120.657349
AAPL_Adj_Close,2015-06-11,120.385834
AAPL_Adj_Close,2015-06-12,119.056442
AAPL_Adj_Close,2015-06-15,118.822388
AAPL_Adj_Close,2015-06-16,119.459007
AAPL_Adj_Close,2015-06-17,119.178154
AAPL_Adj_Close,2015-06-18,119.72113
AAPL_Adj_Close,2015-06-19,118.522812
AAPL_Adj_Close,2015-06-22,119.468369
AAPL_Adj_Close,2015-06-23,118.925377
AAPL_Adj_Close,2015-06-24,119.936462
AAPL_Adj_Close,2015-06-25,119.365395
AAPL_Adj_Close,2015-06-26,118.663246
AAPL_Adj_Close,2015-06-29,116.584877
AAPL_Adj_Close,2015-06-30,117.427444
AAPL_Adj_Close,2015-07-01,118.522812
AAPL_Adj_Close,2015-07-02,118.373024
AAPL_Adj_Close,2015-07-06,117.96109
AAPL_Adj_Close,2015-07-07,117.67086
AAPL_Adj_Close,2015-07-08,114.749931
AAPL_Adj_Close,2015-07-09,112.409424
AAPL_Adj_Close,2015-07-10,115.414635
AAPL_Adj_Close,2015-07-13,117.642792
AAPL_Adj_Close,2015-07-14,117.59597
AAPL_Adj_Close,2015-07-15,118.728775
AAPL_Adj_Close,2015-07-16,120.310944
AAPL_Adj_Close,2015-07-17,121.350128
AAPL_Adj_Close,2015-07-20,123.643814
AAPL_Adj_Close,2015-07-21,122.408051
AAPL_Adj_Close,2015-07-22,117.230843
AAPL_Adj_Close,2015-07-23,117.174683
AAPL_Adj_Close,2015-07-24,116.55677
AAPL_Adj_Close,2015-07-27,114.937164
AAPL_Adj_Close,2015-07-28,115.50824
AAPL_Adj_Close,2015-07-29,115.143105
AAPL_Adj_Close,2015-07-30,114.562675
AAPL_Adj_Close,2015-07-31,113.560951
AAPL_Adj_Close,2015-08-03,110.883423
AAPL_Adj_Close,2015-08-04,107.325867
AAPL_Adj_Close,2015-08-05,108.037392
AAPL_Adj_Close,2015-08-06,108.272476
AAPL_Adj_Close,2015-08-07,108.639252
AAPL_Adj_Close,2015-08-10,112.589096
AAPL_Adj_Close,2015-08-11,106.730148
AAPL_Adj_Close,2015-08-12,108.375923
AAPL_Adj_Close,2015-08-13,108.291283
AAPL_Adj_Close,2015-08-14,109.053047
AAPL_Adj_Close,2015-08-17,110.181572
AAPL_Adj_Close,2015-08-18,109.560883
AAPL_Adj_Close,2015-08-19,108.159637
AAPL_Adj_Close,2015-08-20,105.940208
AAPL_Adj_Close,2015-08-21,99.460594
AAPL_Adj_Close,2015-08-24,96.977837
AAPL_Adj_Close,2015-08-25,97.560921
AAPL_Adj_Close,2015-08-26,103.156509
AAPL_Adj_Close,2015-08-27,106.194115
AAPL_Adj_Close,2015-08-28,106.542068
AAPL_Adj_Close,2015-08-31,106.043655
AAPL_Adj_Close,2015-09-01,101.303864
AAPL_Adj_Close,2015-09-02,105.648659
AAPL_Adj_Close,2015-09-03,103.795998
AAPL_Adj_Close,2015-09-04,102.761513
AAPL_Adj_Close,2015-09-08,105.620468
AAPL_Adj_Close,2015-09-09,103.589111
AAPL_Adj_Close,2015-09-10,105.864967
AAPL_Adj_Close,2015-09-11,107.407288
AAPL_Adj_Close,2015-09-14,108.441757
AAPL_Adj_Close,2015-09-15,109.353989
AAPL_Adj_Close,2015-09-16,109.476234
AAPL_Adj_Close,2015-09-17,107.13456
AAPL_Adj_Close,2015-09-18,106.692566
AAPL_Adj_Close,2015-09-21,108.347717
AAPL_Adj_Close,2015-09-22,106.645523
AAPL_Adj_Close,2015-09-23,107.510735
AAPL_Adj_Close,2015-09-24,108.150215
AAPL_Adj_Close,2015-09-25,107.877502
AAPL_Adj_Close,2015-09-28,105.742714
AAPL_Adj_Close,2015-09-29,102.564018
AAPL_Adj_Close,2015-09-30,103.730179
AAPL_Adj_Close,2015-10-01,103.053055
AAPL_Adj_Close,2015-10-02,103.80542
AAPL_Adj_Close,2015-10-05,104.18158
AAPL_Adj_Close,2015-10-06,104.68
AAPL_Adj_Close,2015-10-07,104.18158
AAPL_Adj_Close,2015-10-08,102.977829
AAPL_Adj_Close,2015-10-09,105.441765
AAPL_Adj_Close,2015-10-12,104.952744
AAPL_Adj_Close,2015-10-13,105.131416
AAPL_Adj_Close,2015-10-14,103.645531
AAPL_Adj_Close,2015-10-15,105.19725
AAPL_Adj_Close,2015-10-16,104.426094
AAPL_Adj_Close,2015-10-19,105.075005
AAPL_Adj_Close,2015-10-20,106.993484
AAPL_Adj_Close,2015-10-21,106.984085
AAPL_Adj_Close,2015-10-22,108.620453
AAPL_Adj_Close,2015-10-23,111.987206
AAPL_Adj_Close,2015-10-26,108.413551
AAPL_Adj_Close,2015-10-27,107.727036
AAPL_Adj_Close,2015-10-28,112.165871
AAPL_Adj_Close,2015-10-29,113.350861
AAPL_Adj_Close,2015-10-30,112.382195
AAPL_Adj_Close,2015-11-02,113.96212
AAPL_Adj_Close,2015-11-03,115.269333
AAPL_Adj_Close,2015-11-04,114.733292
AAPL_Adj_Close,2015-11-05,114.204384
AAPL_Adj_Close,2015-11-06,114.336601
AAPL_Adj_Close,2015-11-09,113.873817
AAPL_Adj_Close,2015-11-10,110.284859
AAPL_Adj_Close,2015-11-11,109.661514
AAPL_Adj_Close,2015-11-12,109.29319
AAPL_Adj_Close,2015-11-13,106.100891
AAPL_Adj_Close,2015-11-16,107.838699
AAPL_Adj_Close,2015-11-17,107.375931
AAPL_Adj_Close,2015-11-18,110.775986
AAPL_Adj_Close,2015-11-19,112.183243
AAPL_Adj_Close,2015-11-20,112.674355
AAPL_Adj_Close,2015-11-23,111.210442
AAPL_Adj_Close,2015-11-24,112.277687
AAPL_Adj_Close,2015-11-25,111.474892
AAPL_Adj_Close,2015-11-27,111.267105
AAPL_Adj_Close,2015-11-30,111.729889
AAPL_Adj_Close,2015-12-01,110.823204
AAPL_Adj_Close,2015-12-02,109.822075
AAPL_Adj_Close,2015-12-03,108.802063
AAPL_Adj_Close,2015-12-04,112.419334
AAPL_Adj_Close,2015-12-07,111.710999
AAPL_Adj_Close,2015-12-08,111.663773
AAPL_Adj_Close,2015-12-09,109.198723
AAPL_Adj_Close,2015-12-10,109.718185
AAPL_Adj_Close,2015-12-11,106.894241
AAPL_Adj_Close,2015-12-14,106.233116
AAPL_Adj_Close,2015-12-15,104.353638
AAPL_Adj_Close,2015-12-16,105.156433
AAPL_Adj_Close,2015-12-17,102.927505
AAPL_Adj_Close,2015-12-18,100.141335
AAPL_Adj_Close,2015-12-21,101.369141
AAPL_Adj_Close,2015-12-22,101.274696
AAPL_Adj_Close,2015-12-23,102.578056
AAPL_Adj_Close,2015-12-24,102.030258
AAPL_Adj_Close,2015-12-28,100.887466
AAPL_Adj_Close,2015-12-29,102.700844
AAPL_Adj_Close,2015-12-30,101.359718
AAPL_Adj_Close,2015-12-31,99.414101
AAPL_Adj_Close,2016-01-04,99.499107
AAPL_Adj_Close,2016-01-05,97.00573
AAPL_Adj_Close,2016-01-06,95.107361
AAPL_Adj_Close,2016-01-07,91.093399
AAPL_Adj_Close,2016-01-08,91.575073
AAPL_Adj_Close,2016-01-11,93.057869
AAPL_Adj_Close,2016-01-12,94.408447
AAPL_Adj_Close,2016-01-13,91.981194
AAPL_Adj_Close,2016-01-14,93.992889
AAPL_Adj_Close,2016-01-15,91.735634
AAPL_Adj_Close,2016-01-19,91.291718
AAPL_Adj_Close,2016-01-20,91.41452
AAPL_Adj_Close,2016-01-21,90.951736
AAPL_Adj_Close,2016-01-22,95.787369
AAPL_Adj_Close,2016-01-25,93.917336
AAPL_Adj_Close,2016-01-26,94.43679
AAPL_Adj_Close,2016-01-27,88.231659
AAPL_Adj_Close,2016-01-28,88.864449
AAPL_Adj_Close,2016-01-29,91.93396
AAPL_Adj_Close,2016-02-01,91.074501
AAPL_Adj_Close,2016-02-02,89.232796
AAPL_Adj_Close,2016-02-03,90.998932
AAPL_Adj_Close,2016-02-04,91.73011
AAPL_Adj_Close,2016-02-05,89.28019
AAPL_Adj_Close,2016-02-08,90.220276
AAPL_Adj_Close,2016-02-09,90.201294
AAPL_Adj_Close,2016-02-10,89.517586
AAPL_Adj_Close,2016-02-11,88.976318
AAPL_Adj_Close,2016-02-12,89.251686
AAPL_Adj_Close,2016-02-16,91.768089
AAPL_Adj_Close,2016-02-17,93.173508
AAPL_Adj_Close,2016-02-18,91.407272
AAPL_Adj_Close,2016-02-19,91.198341
AAPL_Adj_Close,2016-02-22,91.995995
AAPL_Adj_Close,2016-02-23,89.91642
AAPL_Adj_Close,2016-02-24,91.255333
AAPL_Adj_Close,2016-02-25,91.882057
AAPL_Adj_Close,2016-02-26,92.02449
AAPL_Adj_Close,2016-02-29,91.815598
AAPL_Adj_Close,2016-03-01,95.461998
AAPL_Adj_Close,2016-03-02,95.670914
AAPL_Adj_Close,2016-03-03,96.383095
AAPL_Adj_Close,2016-03-04,97.816986
AAPL_Adj_Close,2016-03-07,96.734444
AAPL_Adj_Close,2016-03-08,95.936798
AAPL_Adj_Close,2016-03-09,96.022263
AAPL_Adj_Close,2016-03-10,96.069733
AAPL_Adj_Close,2016-03-11,97.104797
AAPL_Adj_Close,2016-03-14,97.351677
AAPL_Adj_Close,2016-03-15,99.307831
AAPL_Adj_Close,2016-03-16,100.627762
AAPL_Adj_Close,2016-03-17,100.466324
AAPL_Adj_Close,2016-03-18,100.580276
AAPL_Adj_Close,2016-03-21,100.570778
AAPL_Adj_Close,2016-03-22,101.339943
AAPL_Adj_Close,2016-03-23,100.779694
AAPL_Adj_Close,2016-03-24,100.342873
AAPL_Adj_Close,2016-03-28,99.887093
AAPL_Adj_Close,2016-03-29,102.251556
AAPL_Adj_Close,2016-03-30,104.036758
AAPL_Adj_Close,2016-03-31,103.495514
AAPL_Adj_Close,2016-04-01,104.445091
AAPL_Adj_Close,2016-04-04,105.518127
AAPL_Adj_Close,2016-04-05,104.274162
AAPL_Adj_Close,2016-04-06,105.366203
AAPL_Adj_Close,2016-04-07,103.068192
AAPL_Adj_Close,2016-04-08,103.182144
AAPL_Adj_Close,2016-04-11,103.523987
AAPL_Adj_Close,2016-04-12,104.872406
AAPL_Adj_Close,2016-04-13,106.391754
AAPL_Adj_Close,2016-04-14,106.448715
AAPL_Adj_Close,2016-04-15,104.312149
AAPL_Adj_Close,2016-04-18,102.061638
AAPL_Adj_Close,2016-04-19,101.52037
AAPL_Adj_Close,2016-04-20,101.729279
AAPL_Adj_Close,2016-04-21,100.627762
AAPL_Adj_Close,2016-04-22,100.352371
AAPL_Adj_Close,2016-04-25,99.782631
AAPL_Adj_Close,2016-04-26,99.089409
AAPL_Adj_Close,2016-04-27,92.888634
AAPL_Adj_Close,2016-04-28,90.049362
AAPL_Adj_Close,2016-04-29,89.014297
AAPL_Adj_Close,2016-05-02,88.919334
AAPL_Adj_Close,2016-05-03,90.381714
AAPL_Adj_Close,2016-05-04,89.441612
AAPL_Adj_Close,2016-05-05,89.078583
AAPL_Adj_Close,2016-05-06,88.581795
AAPL_Adj_Close,2016-05-09,88.648651
AAPL_Adj_Close,2016-05-10,89.250542
AAPL_Adj_Close,2016-05-11,88.381157
AAPL_Adj_Close,2016-05-12,86.308014
AAPL_Adj_Close,2016-05-13,86.479965
AAPL_Adj_Close,2016-05-16,89.690018
AAPL_Adj_Close,2016-05-17,89.317413
AAPL_Adj_Close,2016-05-18,90.339684
AAPL_Adj_Close,2016-05-19,89.995728
AAPL_Adj_Close,2016-05-20,90.970207
AAPL_Adj_Close,2016-05-23,92.126205
AAPL_Adj_Close,2016-05-24,93.530609
AAPL_Adj_Close,2016-05-25,95.173828
AAPL_Adj_Close,2016-05-26,95.928566
AAPL_Adj_Close,2016-05-27,95.871239
AAPL_Adj_Close,2016-05-31,95.403122
AAPL_Adj_Close,2016-06-01,94.065598
AAPL_Adj_Close,2016-06-02,93.358643
AAPL_Adj_Close,2016-06-03,93.549706
AAPL_Adj_Close,2016-06-06,94.228004
AAPL_Adj_Close,2016-06-07,94.610161
AAPL_Adj_Close,2016-06-08,94.524185
AAPL_Adj_Close,2016-06-09,95.202492
AAPL_Adj_Close,2016-06-10,94.419098
AAPL_Adj_Close,2016-06-13,92.995583
AAPL_Adj_Close,2016-06-14,93.110229
AAPL_Adj_Close,2016-06-15,92.80452
AAPL_Adj_Close,2016-06-16,93.196228
AAPL_Adj_Close,2016-06-17,91.075302
AAPL_Adj_Close,2016-06-20,90.85556
AAPL_Adj_Close,2016-06-21,91.629425
AAPL_Adj_Close,2016-06-22,91.285477
AAPL_Adj_Close,2016-06-23,91.810951
AAPL_Adj_Close,2016-06-24,89.231445
AAPL_Adj_Close,2016-06-27,87.932129
AAPL_Adj_Close,2016-06-28,89.412949
AAPL_Adj_Close,2016-06-29,90.186806
AAPL_Adj_Close,2016-06-30,91.333252
AAPL_Adj_Close,2016-07-01,91.610306
AAPL_Adj_Close,2016-07-05,90.750465
AAPL_Adj_Close,2016-07-06,91.26638
AAPL_Adj_Close,2016-07-07,91.658073
AAPL_Adj_Close,2016-07-08,92.365028
AAPL_Adj_Close,2016-07-11,92.651665
AAPL_Adj_Close,2016-07-12,93.072037
AAPL_Adj_Close,2016-07-13,92.546562
AAPL_Adj_Close,2016-07-14,94.380875
AAPL_Adj_Close,2016-07-15,94.371315
AAPL_Adj_Close,2016-07-18,95.374451
AAPL_Adj_Close,2016-07-19,95.412666
AAPL_Adj_Close,2016-07-20,95.498657
AAPL_Adj_Close,2016-07-21,94.99231
AAPL_Adj_Close,2016-07-22,94.256683
AAPL_Adj_Close,2016-07-25,92.995583
AAPL_Adj_Close,2016-07-26,92.355492
AAPL_Adj_Close,2016-07-27,98.355217
AAPL_Adj_Close,2016-07-28,99.683159
AAPL_Adj_Close,2016-07-29,99.558975
AAPL_Adj_Close,2016-08-01,101.316849
AAPL_Adj_Close,2016-08-02,99.816925
AAPL_Adj_Close,2016-08-03,101.068451
AAPL_Adj_Close,2016-08-04,101.692818
AAPL_Adj_Close,2016-08-05,103.239288
AAPL_Adj_Close,2016-08-08,104.094177
AAPL_Adj_Close,2016-08-09,104.516815
AAPL_Adj_Close,2016-08-10,103.738762
AAPL_Adj_Close,2016-08-11,103.671532
AAPL_Adj_Close,2016-08-12,103.911659
AAPL_Adj_Close,2016-08-15,105.160378
AAPL_Adj_Close,2016-08-16,105.064316
AAPL_Adj_Close,2016-08-17,104.910622
AAPL_Adj_Close,2016-08-18,104.776161
AAPL_Adj_Close,2016-08-19,105.045113
AAPL_Adj_Close,2016-08-22,104.228661
AAPL_Adj_Close,2016-08-23,104.555229
AAPL_Adj_Close,2016-08-24,103.767593
AAPL_Adj_Close,2016-08-25,103.325737
AAPL_Adj_Close,2016-08-26,102.720581
AAPL_Adj_Close,2016-08-29,102.605331
AAPL_Adj_Close,2016-08-30,101.817673
AAPL_Adj_Close,2016-08-31,101.913734
AAPL_Adj_Close,2016-09-01,102.518875
AAPL_Adj_Close,2016-09-02,103.479424
AAPL_Adj_Close,2016-09-06,103.450592
AAPL_Adj_Close,2016-09-07,104.084557
AAPL_Adj_Close,2016-09-08,101.356606
AAPL_Adj_Close,2016-09-09,99.060921
AAPL_Adj_Close,2016-09-12,101.27977
AAPL_Adj_Close,2016-09-13,103.690727
AAPL_Adj_Close,2016-09-14,107.360023
AAPL_Adj_Close,2016-09-15,111.010086
AAPL_Adj_Close,2016-09-16,110.385735
AAPL_Adj_Close,2016-09-19,109.098602
AAPL_Adj_Close,2016-09-20,109.088982
AAPL_Adj_Close,2016-09-21,109.069778
AAPL_Adj_Close,2016-09-22,110.097565
AAPL_Adj_Close,2016-09-23,108.262924
AAPL_Adj_Close,2016-09-26,108.426224
AAPL_Adj_Close,2016-09-27,108.627937
AAPL_Adj_Close,2016-09-28,109.454002
AAPL_Adj_Close,2016-09-29,107.753845
AAPL_Adj_Close,2016-09-30,108.589523
AAPL_Adj_Close,2016-10-03,108.080414
AAPL_Adj_Close,2016-10-04,108.541481
AAPL_Adj_Close,2016-10-05,108.589523
AAPL_Adj_Close,2016-10-06,109.39637
AAPL_Adj_Close,2016-10-07,109.559677
AAPL_Adj_Close,2016-10-10,111.471146
AAPL_Adj_Close,2016-10-11,111.711288
AAPL_Adj_Close,2016-10-12,112.710236
AAPL_Adj_Close,2016-10-13,112.364464
AAPL_Adj_Close,2016-10-14,112.9888
AAPL_Adj_Close,2016-10-17,112.911964
AAPL_Adj_Close,2016-10-18,112.835114
AAPL_Adj_Close,2016-10-19,112.498932
AAPL_Adj_Close,2016-10-20,112.441284
AAPL_Adj_Close,2016-10-21,111.999451
AAPL_Adj_Close,2016-10-24,113.008018
AAPL_Adj_Close,2016-10-25,113.584343
AAPL_Adj_Close,2016-10-26,111.029289
AAPL_Adj_Close,2016-10-27,109.963097
AAPL_Adj_Close,2016-10-28,109.233078
AAPL_Adj_Close,2016-10-31,109.060188
AAPL_Adj_Close,2016-11-01,107.091064
AAPL_Adj_Close,2016-11-02,107.187111
AAPL_Adj_Close,2016-11-03,106.038208
AAPL_Adj_Close,2016-11-04,105.082375
AAPL_Adj_Close,2016-11-07,106.598175
AAPL_Adj_Close,2016-11-08,107.225731
AAPL_Adj_Close,2016-11-09,107.051956
AAPL_Adj_Close,2016-11-10,104.068626
AAPL_Adj_Close,2016-11-11,104.686531
AAPL_Adj_Close,2016-11-14,102.060455
AAPL_Adj_Close,2016-11-15,103.412117
AAPL_Adj_Close,2016-11-16,106.19268
AAPL_Adj_Close,2016-11-17,106.15406
AAPL_Adj_Close,2016-11-18,106.260269
AAPL_Adj_Close,2016-11-21,107.87262
AAPL_Adj_Close,2016-11-22,107.940193
AAPL_Adj_Close,2016-11-23,107.38987
AAPL_Adj_Close,2016-11-25,107.930534
AAPL_Adj_Close,2016-11-28,107.71814
AAPL_Adj_Close,2016-11-29,107.611946
AAPL_Adj_Close,2016-11-30,106.704384
AAPL_Adj_Close,2016-12-01,105.709946
AAPL_Adj_Close,2016-12-02,106.105789
AAPL_Adj_Close,2016-12-05,105.343063
AAPL_Adj_Close,2016-12-06,106.15406
AAPL_Adj_Close,2016-12-07,107.19677
AAPL_Adj_Close,2016-12-08,108.249146
AAPL_Adj_Close,2016-12-09,110.015961
AAPL_Adj_Close,2016-12-12,109.388397
AAPL_Adj_Close,2016-12-13,111.21315
AAPL_Adj_Close,2016-12-14,111.21315
AAPL_Adj_Close,2016-12-15,111.821404
AAPL_Adj_Close,2016-12-16,111.966232
AAPL_Adj_Close,2016-12-19,112.613098
AAPL_Adj_Close,2016-12-20,112.912392
AAPL_Adj_Close,2016-12-21,113.018585
AAPL_Adj_Close,2016-12-22,112.275185
AAPL_Adj_Close,2016-12-23,112.497246
AAPL_Adj_Close,2016-12-27,113.211685
AAPL_Adj_Close,2016-12-28,112.728951
AAPL_Adj_Close,2016-12-29,112.699989
AAPL_Adj_Close,2016-12-30,111.821404
AAPL_Adj_Close,2017-01-03,112.140007
AAPL_Adj_Close,2017-01-04,112.014503
AAPL_Adj_Close,2017-01-05,112.584129
AAPL_Adj_Close,2017-01-06,113.839249
AAPL_Adj_Close,2017-01-09,114.88195
AAPL_Adj_Close,2017-01-10,114.997818
AAPL_Adj_Close,2017-01-11,115.615723
AAPL_Adj_Close,2017-01-12,115.132988
AAPL_Adj_Close,2017-01-13,114.930237
AAPL_Adj_Close,2017-01-17,115.857086
AAPL_Adj_Close,2017-01-18,115.847435
AAPL_Adj_Close,2017-01-19,115.644691
AAPL_Adj_Close,2017-01-20,115.857086
AAPL_Adj_Close,2017-01-23,115.934326
AAPL_Adj_Close,2017-01-24,115.828125
AAPL_Adj_Close,2017-01-25,117.672188
AAPL_Adj_Close,2017-01-26,117.730118
AAPL_Adj_Close,2017-01-27,117.739769
AAPL_Adj_Close,2017-01-30,117.430817
AAPL_Adj_Close,2017-01-31,117.160492
AAPL_Adj_Close,2017-02-01,124.305
AAPL_Adj_Close,2017-02-02,124.092606
AAPL_Adj_Close,2017-02-03,124.623619
AAPL_Adj_Close,2017-02-06,125.79184
AAPL_Adj_Close,2017-02-07,126.989029
AAPL_Adj_Close,2017-02-08,127.481415
AAPL_Adj_Close,2017-02-09,128.402603
AAPL_Adj_Close,2017-02-10,128.11171
AAPL_Adj_Close,2017-02-13,129.246201
AAPL_Adj_Close,2017-02-14,130.923721
AAPL_Adj_Close,2017-02-15,131.398834
AAPL_Adj_Close,2017-02-16,131.243729
AAPL_Adj_Close,2017-02-17,131.602493
AAPL_Adj_Close,2017-02-21,132.55275
AAPL_Adj_Close,2017-02-22,132.950317
AAPL_Adj_Close,2017-02-23,132.387909
AAPL_Adj_Close,2017-02-24,132.513962
AAPL_Adj_Close,2017-02-27,132.775772
AAPL_Adj_Close,2017-02-28,132.833969
AAPL_Adj_Close,2017-03-01,135.548996
AAPL_Adj_Close,2017-03-02,134.744186
AAPL_Adj_Close,2017-03-03,135.539307
AAPL_Adj_Close,2017-03-06,135.112656
AAPL_Adj_Close,2017-03-07,135.287201
AAPL_Adj_Close,2017-03-08,134.782974
AAPL_Adj_Close,2017-03-09,134.472672
AAPL_Adj_Close,2017-03-10,134.918732
AAPL_Adj_Close,2017-03-13,134.976898
AAPL_Adj_Close,2017-03-14,134.773285
AAPL_Adj_Close,2017-03-15,136.198685
AAPL_Adj_Close,2017-03-16,136.421692
AAPL_Adj_Close,2017-03-17,135.74295
AAPL_Adj_Close,2017-03-20,137.168365
AAPL_Adj_Close,2017-03-21,135.597504
AAPL_Adj_Close,2017-03-22,137.129562
AAPL_Adj_Close,2017-03-23,136.644714
AAPL_Adj_Close,2017-03-24,136.37323
AAPL_Adj_Close,2017-03-27,136.605957
AAPL_Adj_Close,2017-03-28,139.437347
AAPL_Adj_Close,2017-03-29,139.74765
AAPL_Adj_Close,2017-03-30,139.563416
AAPL_Adj_Close,2017-03-31,139.301605
AAPL_Adj_Close,2017-04-03,139.340393
AAPL_Adj_Close,2017-04-04,140.37793
AAPL_Adj_Close,2017-04-05,139.650681
AAPL_Adj_Close,2017-04-06,139.301605
AAPL_Adj_Close,2017-04-07,138.991318
AAPL_Adj_Close,2017-04-10,138.826462
AAPL_Adj_Close,2017-04-11,137.333206
AAPL_Adj_Close,2017-04-12,137.498032
AAPL_Adj_Close,2017-04-13,136.770782
AAPL_Adj_Close,2017-04-17,137.52713
AAPL_Adj_Close,2017-04-18,136.916229
AAPL_Adj_Close,2017-04-19,136.412003
AAPL_Adj_Close,2017-04-20,138.118622
AAPL_Adj_Close,2017-04-21,137.953781
AAPL_Adj_Close,2017-04-24,139.282196
AAPL_Adj_Close,2017-04-25,140.145187
AAPL_Adj_Close,2017-04-26,139.320984
AAPL_Adj_Close,2017-04-27,139.427643
AAPL_Adj_Close,2017-04-28,139.291885
AAPL_Adj_Close,2017-05-01,142.132996
AAPL_Adj_Close,2017-05-02,143.034805
AAPL_Adj_Close,2017-05-03,142.59845
AAPL_Adj_Close,2017-05-04,142.084518
AAPL_Adj_Close,2017-05-05,144.440811
AAPL_Adj_Close,2017-05-08,148.36792
AAPL_Adj_Close,2017-05-09,149.318192
AAPL_Adj_Close,2017-05-10,148.610352
AAPL_Adj_Close,2017-05-11,149.895569
AAPL_Adj_Close,2017-05-12,151.988968
AAPL_Adj_Close,2017-05-15,151.599518
AAPL_Adj_Close,2017-05-16,151.375549
AAPL_Adj_Close,2017-05-17,146.29303
AAPL_Adj_Close,2017-05-18,148.522705
AAPL_Adj_Close,2017-05-19,149.029007
AAPL_Adj_Close,2017-05-22,149.93454
AAPL_Adj_Close,2017-05-23,149.749542
AAPL_Adj_Close,2017-05-24,149.301636
AAPL_Adj_Close,2017-05-25,149.817673
AAPL_Adj_Close,2017-05-26,149.564529
AAPL_Adj_Close,2017-05-30,149.622955
AAPL_Adj_Close,2017-05-31,148.736908
AAPL_Adj_Close,2017-06-01,149.145844
AAPL_Adj_Close,2017-06-02,151.356079
AAPL_Adj_Close,2017-06-05,149.876099
AAPL_Adj_Close,2017-06-06,150.382416
AAPL_Adj_Close,2017-06-07,151.278198
AAPL_Adj_Close,2017-06-08,150.908203
AAPL_Adj_Close,2017-06-09,145.056458
AAPL_Adj_Close,2017-06-12,141.59024
AAPL_Adj_Close,2017-06-13,142.729416
AAPL_Adj_Close,2017-06-14,141.337067
AAPL_Adj_Close,2017-06-15,140.48996
AAPL_Adj_Close,2017-06-16,138.523209
AAPL_Adj_Close,2017-06-19,142.486008
AAPL_Adj_Close,2017-06-20,141.19101
AAPL_Adj_Close,2017-06-21,142.028366
AAPL_Adj_Close,2017-06-22,141.794708
AAPL_Adj_Close,2017-06-23,142.427597
AAPL_Adj_Close,2017-06-26,141.979691
AAPL_Adj_Close,2017-06-27,139.944733
AAPL_Adj_Close,2017-06-28,141.989441
AAPL_Adj_Close,2017-06-29,139.896042
AAPL_Adj_Close,2017-06-30,140.227097
AAPL_Adj_Close,2017-07-03,139.720795
AAPL_Adj_Close,2017-07-05,140.295242
AAPL_Adj_Close,2017-07-06,138.971069
AAPL_Adj_Close,2017-07-07,140.382874
AAPL_Adj_Close,2017-07-10,141.2397
AAPL_Adj_Close,2017-07-11,141.697327
AAPL_Adj_Close,2017-07-12,141.90181
AAPL_Adj_Close,2017-07-13,143.878342
AAPL_Adj_Close,2017-07-14,145.114883
AAPL_Adj_Close,2017-07-17,145.62117
AAPL_Adj_Close,2017-07-18,146.127518
AAPL_Adj_Close,2017-07-19,147.04274
AAPL_Adj_Close,2017-07-20,146.380661
AAPL_Adj_Close,2017-07-21,146.312531
AAPL_Adj_Close,2017-07-24,148.084564
AAPL_Adj_Close,2017-07-25,148.717453
AAPL_Adj_Close,2017-07-26,149.418518
AAPL_Adj_Close,2017-07-27,146.594864
AAPL_Adj_Close,2017-07-28,145.562775
AAPL_Adj_Close,2017-07-31,144.813034
AAPL_Adj_Close,2017-08-01,146.098297
AAPL_Adj_Close,2017-08-02,153.001572
AAPL_Adj_Close,2017-08-03,151.472931
AAPL_Adj_Close,2017-08-04,152.271317
AAPL_Adj_Close,2017-08-07,154.627609
AAPL_Adj_Close,2017-08-08,155.864151
AAPL_Adj_Close,2017-08-09,156.818329
AAPL_Adj_Close,2017-08-10,151.82338
AAPL_Adj_Close,2017-08-11,153.934753
AAPL_Adj_Close,2017-08-14,156.251419
AAPL_Adj_Close,2017-08-15,157.96199
AAPL_Adj_Close,2017-08-16,157.326645
AAPL_Adj_Close,2017-08-17,154.306213
AAPL_Adj_Close,2017-08-18,153.9543
AAPL_Adj_Close,2017-08-21,153.670837
AAPL_Adj_Close,2017-08-22,156.182968
AAPL_Adj_Close,2017-08-23,156.378464
AAPL_Adj_Close,2017-08-24,155.684448
AAPL_Adj_Close,2017-08-25,156.261154
AAPL_Adj_Close,2017-08-28,157.834915
AAPL_Adj_Close,2017-08-29,159.242508
AAPL_Adj_Close,2017-08-30,159.672623
AAPL_Adj_Close,2017-08-31,160.307968
AAPL_Adj_Close,2017-09-01,160.356842
AAPL_Adj_Close,2017-09-05,158.431183
AAPL_Adj_Close,2017-09-06,158.26503
AAPL_Adj_Close,2017-09-07,157.629654
AAPL_Adj_Close,2017-09-08,155.058868
AAPL_Adj_Close,2017-09-11,157.864258
AAPL_Adj_Close,2017-09-12,157.238647
AAPL_Adj_Close,2017-09-13,156.055878
AAPL_Adj_Close,2017-09-14,154.716736
AAPL_Adj_Close,2017-09-15,156.280716
AAPL_Adj_Close,2017-09-18,155.097946
AAPL_Adj_Close,2017-09-19,155.156601
AAPL_Adj_Close,2017-09-20,152.556503
AAPL_Adj_Close,2017-09-21,149.936829
AAPL_Adj_Close,2017-09-22,148.470596
AAPL_Adj_Close,2017-09-25,147.160751
AAPL_Adj_Close,2017-09-26,149.692444
AAPL_Adj_Close,2017-09-27,150.757935
AAPL_Adj_Close,2017-09-28,149.829315
AAPL_Adj_Close,2017-09-29,150.650375
AAPL_Adj_Close,2017-10-02,150.347382
AAPL_Adj_Close,2017-10-03,151.002274
AAPL_Adj_Close,2017-10-04,150.024796
AAPL_Adj_Close,2017-10-05,151.891785
AAPL_Adj_Close,2017-10-06,151.803818
AAPL_Adj_Close,2017-10-09,152.331665
AAPL_Adj_Close,2017-10-10,152.390305
AAPL_Adj_Close,2017-10-11,153.025696
AAPL_Adj_Close,2017-10-12,152.488052
AAPL_Adj_Close,2017-10-13,153.455765
AAPL_Adj_Close,2017-10-16,156.280716
AAPL_Adj_Close,2017-10-17,156.857437
AAPL_Adj_Close,2017-10-18,156.163422
AAPL_Adj_Close,2017-10-19,152.468521
AAPL_Adj_Close,2017-10-20,152.732422
AAPL_Adj_Close,2017-10-23,152.654221
AAPL_Adj_Close,2017-10-24,153.563309
AAPL_Adj_Close,2017-10-25,152.88884
AAPL_Adj_Close,2017-10-26,153.866302
AAPL_Adj_Close,2017-10-27,159.379364
AAPL_Adj_Close,2017-10-30,162.966751
AAPL_Adj_Close,2017-10-31,165.234512
AAPL_Adj_Close,2017-11-01,163.132919
AAPL_Adj_Close,2017-11-02,164.325455
AAPL_Adj_Close,2017-11-03,168.616608
AAPL_Adj_Close,2017-11-06,170.327209
AAPL_Adj_Close,2017-11-07,170.874619
AAPL_Adj_Close,2017-11-08,172.272415
AAPL_Adj_Close,2017-11-09,171.920532
AAPL_Adj_Close,2017-11-10,171.351532
AAPL_Adj_Close,2017-11-13,170.664841
AAPL_Adj_Close,2017-11-14,168.084793
AAPL_Adj_Close,2017-11-15,165.867737
AAPL_Adj_Close,2017-11-16,167.84938
AAPL_Adj_Close,2017-11-17,166.917419
AAPL_Adj_Close,2017-11-20,166.750641
AAPL_Adj_Close,2017-11-21,169.850601
AAPL_Adj_Close,2017-11-22,171.636032
AAPL_Adj_Close,2017-11-24,171.645859
AAPL_Adj_Close,2017-11-27,170.782547
AAPL_Adj_Close,2017-11-28,169.781952
AAPL_Adj_Close,2017-11-29,166.260147
AAPL_Adj_Close,2017-11-30,168.585114
AAPL_Adj_Close,2017-12-01,167.800308
AAPL_Adj_Close,2017-12-04,166.574081
AAPL_Adj_Close,2017-12-05,166.417099
AAPL_Adj_Close,2017-12-06,165.799088
AAPL_Adj_Close,2017-12-07,166.103195
AAPL_Adj_Close,2017-12-08,166.152222
AAPL_Adj_Close,2017-12-11,169.389542
AAPL_Adj_Close,2017-12-12,168.437973
AAPL_Adj_Close,2017-12-13,168.997131
AAPL_Adj_Close,2017-12-14,168.948074
AAPL_Adj_Close,2017-12-15,170.664841
AAPL_Adj_Close,2017-12-18,173.068283
AAPL_Adj_Close,2017-12-19,171.224014
AAPL_Adj_Close,2017-12-20,171.037628
AAPL_Adj_Close,2017-12-21,171.685074
AAPL_Adj_Close,2017-12-22,171.685074
AAPL_Adj_Close,2017-12-26,167.329453
AAPL_Adj_Close,2017-12-27,167.358871
AAPL_Adj_Close,2017-12-28,167.829758
AAPL_Adj_Close,2017-12-29,166.014908
AAPL_Adj_Close,2018-01-02,168.98732
AAPL_Adj_Close,2018-01-03,168.957886
AAPL_Adj_Close,2018-01-04,169.742706
AAPL_Adj_Close,2018-01-05,171.675278
AAPL_Adj_Close,2018-01-08,171.037628
AAPL_Adj_Close,2018-01-09,171.018005
AAPL_Adj_Close,2018-01-10,170.97876
AAPL_Adj_Close,2018-01-11,171.949951
AAPL_Adj_Close,2018-01-12,173.725571
AAPL_Adj_Close,2018-01-16,172.842682
AAPL_Adj_Close,2018-01-17,175.697388
AAPL_Adj_Close,2018-01-18,175.85434
AAPL_Adj_Close,2018-01-19,175.06955
AAPL_Adj_Close,2018-01-22,173.637283
AAPL_Adj_Close,2018-01-23,173.676514
AAPL_Adj_Close,2018-01-24,170.91008
AAPL_Adj_Close,2018-01-25,167.859161
AAPL_Adj_Close,2018-01-26,168.251556
AAPL_Adj_Close,2018-01-29,164.769012
AAPL_Adj_Close,2018-01-30,163.797836
AAPL_Adj_Close,2018-01-31,164.249084
AAPL_Adj_Close,2018-02-01,164.592438
AAPL_Adj_Close,2018-02-02,157.450745
AAPL_Adj_Close,2018-02-05,153.516953
AAPL_Adj_Close,2018-02-06,159.932663
AAPL_Adj_Close,2018-02-07,156.508972
AAPL_Adj_Close,2018-02-08,152.202393
AAPL_Adj_Close,2018-02-09,154.064056
AAPL_Adj_Close,2018-02-12,160.269562
AAPL_Adj_Close,2018-02-13,161.875107
AAPL_Adj_Close,2018-02-14,164.85965
AAPL_Adj_Close,2018-02-15,170.39537
AAPL_Adj_Close,2018-02-16,169.843765
AAPL_Adj_Close,2018-02-20,169.272461
AAPL_Adj_Close,2018-02-21,168.504166
AAPL_Adj_Close,2018-02-22,169.912704
AAPL_Adj_Close,2018-02-23,172.867706
AAPL_Adj_Close,2018-02-26,176.285675
AAPL_Adj_Close,2018-02-27,175.714386
AAPL_Adj_Close,2018-02-28,175.44841
AAPL_Adj_Close,2018-03-01,172.375214
AAPL_Adj_Close,2018-03-02,173.567078
AAPL_Adj_Close,2018-03-05,174.167923
AAPL_Adj_Close,2018-03-06,174.020172
AAPL_Adj_Close,2018-03-07,172.40477
AAPL_Adj_Close,2018-03-08,174.286118
AAPL_Adj_Close,2018-03-09,177.280518
AAPL_Adj_Close,2018-03-12,178.994415
AAPL_Adj_Close,2018-03-13,177.27066
AAPL_Adj_Close,2018-03-14,175.763611
AAPL_Adj_Close,2018-03-15,175.970459
AAPL_Adj_Close,2018-03-16,175.349915
AAPL_Adj_Close,2018-03-19,172.670731
AAPL_Adj_Close,2018-03-20,172.611618
AAPL_Adj_Close,2018-03-21,168.701157
AAPL_Adj_Close,2018-03-22,166.317459
AAPL_Adj_Close,2018-03-23,162.466095
AAPL_Adj_Close,2018-03-26,170.17868
AAPL_Adj_Close,2018-03-27,165.815109
AAPL_Adj_Close,2018-03-28,163.983002
AAPL_Adj_Close,2018-03-29,165.263504
AAPL_Adj_Close,2018-04-02,164.180008
AAPL_Adj_Close,2018-04-03,165.864349
AAPL_Adj_Close,2018-04-04,169.036072
AAPL_Adj_Close,2018-04-05,170.208206
AAPL_Adj_Close,2018-04-06,165.854523
AAPL_Adj_Close,2018-04-09,167.499466
AAPL_Adj_Close,2018-04-10,170.651459
AAPL_Adj_Close,2018-04-11,169.853622
AAPL_Adj_Close,2018-04-12,171.528107
AAPL_Adj_Close,2018-04-13,172.109268
AAPL_Adj_Close,2018-04-16,173.182922
AAPL_Adj_Close,2018-04-17,175.56662
AAPL_Adj_Close,2018-04-18,175.172607
AAPL_Adj_Close,2018-04-19,170.208206
AAPL_Adj_Close,2018-04-20,163.23439
AAPL_Adj_Close,2018-04-23,162.761597
AAPL_Adj_Close,2018-04-24,160.496109
AAPL_Adj_Close,2018-04-25,161.19545
AAPL_Adj_Close,2018-04-26,161.756912
AAPL_Adj_Close,2018-04-27,159.885406
AAPL_Adj_Close,2018-04-30,162.781296
AAPL_Adj_Close,2018-05-01,166.563705
AAPL_Adj_Close,2018-05-02,173.921677
AAPL_Adj_Close,2018-05-03,174.236862
AAPL_Adj_Close,2018-05-04,181.072769
AAPL_Adj_Close,2018-05-07,182.382813
AAPL_Adj_Close,2018-05-08,183.259476
AAPL_Adj_Close,2018-05-09,184.549835
AAPL_Adj_Close,2018-05-10,187.189621
AAPL_Adj_Close,2018-05-11,186.477692
AAPL_Adj_Close,2018-05-14,186.042618
AAPL_Adj_Close,2018-05-15,184.351776
AAPL_Adj_Close,2018-05-16,186.072266
AAPL_Adj_Close,2018-05-17,184.895615
AAPL_Adj_Close,2018-05-18,184.223236
AAPL_Adj_Close,2018-05-21,185.528442
AAPL_Adj_Close,2018-05-22,185.063721
AAPL_Adj_Close,2018-05-23,186.250259
AAPL_Adj_Close,2018-05-24,186.042618
AAPL_Adj_Close,2018-05-25,186.467804
AAPL_Adj_Close,2018-05-29,185.795425
AAPL_Adj_Close,2018-05-30,185.399887
AAPL_Adj_Close,2018-05-31,184.776947
AAPL_Adj_Close,2018-06-01,188.109222
AAPL_Adj_Close,2018-06-04,189.681396
AAPL_Adj_Close,2018-06-05,191.144821
AAPL_Adj_Close,2018-06-06,191.807312
AAPL_Adj_Close,2018-06-07,191.293152
AAPL_Adj_Close,2018-06-08,189.552856
AAPL_Adj_Close,2018-06-11,189.088135
AAPL_Adj_Close,2018-06-12,190.126358
AAPL_Adj_Close,2018-06-13,188.564056
AAPL_Adj_Close,2018-06-14,188.662933
AAPL_Adj_Close,2018-06-15,186.724884
AAPL_Adj_Close,2018-06-18,186.626022
AAPL_Adj_Close,2018-06-19,183.610168
AAPL_Adj_Close,2018-06-20,184.411102
AAPL_Adj_Close,2018-06-21,183.382751
AAPL_Adj_Close,2018-06-22,182.848785
AAPL_Adj_Close,2018-06-25,180.129608
AAPL_Adj_Close,2018-06-26,182.364288
AAPL_Adj_Close,2018-06-27,182.097321
AAPL_Adj_Close,2018-06-28,183.422302
AAPL_Adj_Close,2018-06-29,183.036682
AAPL_Adj_Close,2018-07-02,185.083466
AAPL_Adj_Close,2018-07-03,181.859985
AAPL_Adj_Close,2018-07-05,183.32341
AAPL_Adj_Close,2018-07-06,185.864655
AAPL_Adj_Close,2018-07-09,188.445404
AAPL_Adj_Close,2018-07-10,188.217972
AAPL_Adj_Close,2018-07-11,185.77565
AAPL_Adj_Close,2018-07-12,188.890366
AAPL_Adj_Close,2018-07-13,189.187012
AAPL_Adj_Close,2018-07-16,188.771713
AAPL_Adj_Close,2018-07-17,189.305664
AAPL_Adj_Close,2018-07-18,188.26741
AAPL_Adj_Close,2018-07-19,189.73085
AAPL_Adj_Close,2018-07-20,189.295776
AAPL_Adj_Close,2018-07-23,189.463867
AAPL_Adj_Close,2018-07-24,190.838303
AAPL_Adj_Close,2018-07-25,192.637924
AAPL_Adj_Close,2018-07-26,192.03476
AAPL_Adj_Close,2018-07-27,188.840912
AAPL_Adj_Close,2018-07-30,187.782913
AAPL_Adj_Close,2018-07-31,188.158646
AAPL_Adj_Close,2018-08-01,199.243088
AAPL_Adj_Close,2018-08-02,205.067123
AAPL_Adj_Close,2018-08-03,205.660416
AAPL_Adj_Close,2018-08-06,206.728317
AAPL_Adj_Close,2018-08-07,204.790268
AAPL_Adj_Close,2018-08-08,204.928696
AAPL_Adj_Close,2018-08-09,206.540436
AAPL_Adj_Close,2018-08-10,205.925232
AAPL_Adj_Close,2018-08-13,207.254883
AAPL_Adj_Close,2018-08-14,208.128067
AAPL_Adj_Close,2018-08-15,208.614273
AAPL_Adj_Close,2018-08-16,211.670471
AAPL_Adj_Close,2018-08-17,215.897522
AAPL_Adj_Close,2018-08-20,213.79393
AAPL_Adj_Close,2018-08-21,213.377167
AAPL_Adj_Close,2018-08-22,213.387085
AAPL_Adj_Close,2018-08-23,213.823685
AAPL_Adj_Close,2018-08-24,214.488495
AAPL_Adj_Close,2018-08-27,216.254745
AAPL_Adj_Close,2018-08-28,218.001129
AAPL_Adj_Close,2018-08-29,221.255753
AAPL_Adj_Close,2018-08-30,223.289917
AAPL_Adj_Close,2018-08-31,225.869812
AAPL_Adj_Close,2018-09-04,226.594162
AAPL_Adj_Close,2018-09-05,225.115677
AAPL_Adj_Close,2018-09-06,221.374847
AAPL_Adj_Close,2018-09-07,219.58876
AAPL_Adj_Close,2018-09-10,216.641724
AAPL_Adj_Close,2018-09-11,222.119049
AAPL_Adj_Close,2018-09-12,219.36055
AAPL_Adj_Close,2018-09-13,224.659256
AAPL_Adj_Close,2018-09-14,222.1091
AAPL_Adj_Close,2018-09-17,216.195206
AAPL_Adj_Close,2018-09-18,216.552414
AAPL_Adj_Close,2018-09-19,216.681412
AAPL_Adj_Close,2018-09-20,218.328583
AAPL_Adj_Close,2018-09-21,215.976913
AAPL_Adj_Close,2018-09-24,219.082687
AAPL_Adj_Close,2018-09-25,220.471878
AAPL_Adj_Close,2018-09-26,218.715561
AAPL_Adj_Close,2018-09-27,223.210526
AAPL_Adj_Close,2018-09-28,223.994431
AAPL_Adj_Close,2018-10-01,225.50267
AAPL_Adj_Close,2018-10-02,227.50705
AAPL_Adj_Close,2018-10-03,230.275482
AAPL_Adj_Close,2018-10-04,226.227036
AAPL_Adj_Close,2018-10-05,222.555634
AAPL_Adj_Close,2018-10-08,222.039658
AAPL_Adj_Close,2018-10-09,225.115677
AAPL_Adj_Close,2018-10-10,214.686966
AAPL_Adj_Close,2018-10-11,212.791718
AAPL_Adj_Close,2018-10-12,220.392502
AAPL_Adj_Close,2018-10-15,215.67923
AAPL_Adj_Close,2018-10-16,220.432175
AAPL_Adj_Close,2018-10-17,219.479614
AAPL_Adj_Close,2018-10-18,214.349579
AAPL_Adj_Close,2018-10-19,217.614151
AAPL_Adj_Close,2018-10-22,218.943771
AAPL_Adj_Close,2018-10-23,221.00769
AAPL_Adj_Close,2018-10-24,213.426773
AAPL_Adj_Close,2018-10-25,218.100357
AAPL_Adj_Close,2018-10-26,214.627411
AAPL_Adj_Close,2018-10-29,210.598831
AAPL_Adj_Close,2018-10-30,211.65062
AAPL_Adj_Close,2018-10-31,217.167618
AAPL_Adj_Close,2018-11-01,220.501633
AAPL_Adj_Close,2018-11-02,205.87561
AAPL_Adj_Close,2018-11-05,200.031158
AAPL_Adj_Close,2018-11-06,202.194321
AAPL_Adj_Close,2018-11-07,208.326508
AAPL_Adj_Close,2018-11-08,207.599655
AAPL_Adj_Close,2018-11-09,203.596817
AAPL_Adj_Close,2018-11-12,193.34079
AAPL_Adj_Close,2018-11-13,191.409073
AAPL_Adj_Close,2018-11-14,186.002274
AAPL_Adj_Close,2018-11-15,190.59259
AAPL_Adj_Close,2018-11-16,192.703537
AAPL_Adj_Close,2018-11-19,185.066284
AAPL_Adj_Close,2018-11-20,176.224197
AAPL_Adj_Close,2018-11-21,176.025055
AAPL_Adj_Close,2018-11-23,171.55423
AAPL_Adj_Close,2018-11-26,173.874283
AAPL_Adj_Close,2018-11-27,173.495911
AAPL_Adj_Close,2018-11-28,180.167297
AAPL_Adj_Close,2018-11-29,178.783234
AAPL_Adj_Close,2018-11-30,177.817383
AAPL_Adj_Close,2018-12-03,184.030731
AAPL_Adj_Close,2018-12-04,175.935455
AAPL_Adj_Close,2018-12-06,173.973862
AAPL_Adj_Close,2018-12-07,167.770477
AAPL_Adj_Close,2018-12-10,168.875732
AAPL_Adj_Close,2018-12-11,167.909866
AAPL_Adj_Close,2018-12-12,168.377869
AAPL_Adj_Close,2018-12-13,170.219955
AAPL_Adj_Close,2018-12-14,164.773315
AAPL_Adj_Close,2018-12-17,163.239899
AAPL_Adj_Close,2018-12-18,165.360809
AAPL_Adj_Close,2018-12-19,160.202927
AAPL_Adj_Close,2018-12-20,156.160263
AAPL_Adj_Close,2018-12-21,150.086304
AAPL_Adj_Close,2018-12-24,146.202972
AAPL_Adj_Close,2018-12-26,156.49881
AAPL_Adj_Close,2018-12-27,155.483154
AAPL_Adj_Close,2018-12-28,155.56282
AAPL_Adj_Close,2018-12-31,157.066376
AMZN_Adj_Close,2014-01-02,397.970001
AMZN_Adj_Close,2014-01-03,396.440002
AMZN_Adj_Close,2014-01-06,393.630005
AMZN_Adj_Close,2014-01-07,398.029999
AMZN_Adj_Close,2014-01-08,401.920013
AMZN_Adj_Close,2014-01-09,401.01001
AMZN_Adj_Close,2014-01-10,397.660004
AMZN_Adj_Close,2014-01-13,390.980011
AMZN_Adj_Close,2014-01-14,397.540009
AMZN_Adj_Close,2014-01-15,395.869995
AMZN_Adj_Close,2014-01-16,395.799988
AMZN_Adj_Close,2014-01-17,399.609985
AMZN_Adj_Close,2014-01-21,407.049988
AMZN_Adj_Close,2014-01-22,404.540009
AMZN_Adj_Close,2014-01-23,399.869995
AMZN_Adj_Close,2014-01-24,387.600006
AMZN_Adj_Close,2014-01-27,386.279999
AMZN_Adj_Close,2014-01-28,394.429993
AMZN_Adj_Close,2014-01-29,384.200012
AMZN_Adj_Close,2014-01-30,403.01001
AMZN_Adj_Close,2014-01-31,358.690002
AMZN_Adj_Close,2014-02-03,346.149994
AMZN_Adj_Close,2014-02-04,347.950012
AMZN_Adj_Close,2014-02-05,346.450012
AMZN_Adj_Close,2014-02-06,354.589996
AMZN_Adj_Close,2014-02-07,361.079987
AMZN_Adj_Close,2014-02-10,360.869995
AMZN_Adj_Close,2014-02-11,361.790009
AMZN_Adj_Close,2014-02-12,349.25
AMZN_Adj_Close,2014-02-13,357.200012
AMZN_Adj_Close,2014-02-14,357.350006
AMZN_Adj_Close,2014-02-18,353.649994
AMZN_Adj_Close,2014-02-19,347.380005
AMZN_Adj_Close,2014-02-20,349.799988
AMZN_Adj_Close,2014-02-21,346.76001
AMZN_Adj_Close,2014-02-24,351.779999
AMZN_Adj_Close,2014-02-25,358.320007
AMZN_Adj_Close,2014-02-26,359.799988
AMZN_Adj_Close,2014-02-27,360.130005
AMZN_Adj_Close,2014-02-28,362.100006
AMZN_Adj_Close,2014-03-03,359.779999
AMZN_Adj_Close,2014-03-04,363.899994
AMZN_Adj_Close,2014-03-05,372.369995
AMZN_Adj_Close,2014-03-06,372.160004
AMZN_Adj_Close,2014-03-07,372.059998
AMZN_Adj_Close,2014-03-10,370.529999
AMZN_Adj_Close,2014-03-11,368.820007
AMZN_Adj_Close,2014-03-12,370.640015
AMZN_Adj_Close,2014-03-13,371.51001
AMZN_Adj_Close,2014-03-14,373.73999
AMZN_Adj_Close,2014-03-17,375.040009
AMZN_Adj_Close,2014-03-18,378.769989
AMZN_Adj_Close,2014-03-19,373.230011
AMZN_Adj_Close,2014-03-20,368.970001
AMZN_Adj_Close,2014-03-21,360.619995
AMZN_Adj_Close,2014-03-24,351.850006
AMZN_Adj_Close,2014-03-25,354.709991
AMZN_Adj_Close,2014-03-26,343.410004
AMZN_Adj_Close,2014-03-27,338.470001
AMZN_Adj_Close,2014-03-28,338.290009
AMZN_Adj_Close,2014-03-31,336.369995
AMZN_Adj_Close,2014-04-01,342.98999
AMZN_Adj_Close,2014-04-02,341.959991
AMZN_Adj_Close,2014-04-03,333.619995
AMZN_Adj_Close,2014-04-04,323
AMZN_Adj_Close,2014-04-07,317.76001
AMZN_Adj_Close,2014-04-08,327.070007
AMZN_Adj_Close,2014-04-09,331.809998
AMZN_Adj_Close,2014-04-10,317.109985
AMZN_Adj_Close,2014-04-11,311.730011
AMZN_Adj_Close,2014-04-14,315.910004
AMZN_Adj_Close,2014-04-15,316.079987
AMZN_Adj_Close,2014-04-16,323.679993
AMZN_Adj_Close,2014-04-17,324.910004
AMZN_Adj_Close,2014-04-21,330.869995
AMZN_Adj_Close,2014-04-22,329.320007
AMZN_Adj_Close,2014-04-23,324.579987
AMZN_Adj_Close,2014-04-24,337.149994
AMZN_Adj_Close,2014-04-25,303.829987
AMZN_Adj_Close,2014-04-28,296.579987
AMZN_Adj_Close,2014-04-29,300.380005
AMZN_Adj_Close,2014-04-30,304.130005
AMZN_Adj_Close,2014-05-01,307.890015
AMZN_Adj_Close,2014-05-02,308.01001
AMZN_Adj_Close,2014-05-05,310.049988
AMZN_Adj_Close,2014-05-06,297.380005
AMZN_Adj_Close,2014-05-07,292.709991
AMZN_Adj_Close,2014-05-08,288.320007
AMZN_Adj_Close,2014-05-09,292.23999
AMZN_Adj_Close,2014-05-12,302.859985
AMZN_Adj_Close,2014-05-13,304.640015
AMZN_Adj_Close,2014-05-14,297.619995
AMZN_Adj_Close,2014-05-15,295.190002
AMZN_Adj_Close,2014-05-16,297.700012
AMZN_Adj_Close,2014-05-19,296.76001
AMZN_Adj_Close,2014-05-20,301.190002
AMZN_Adj_Close,2014-05-21,305.01001
AMZN_Adj_Close,2014-05-22,304.910004
AMZN_Adj_Close,2014-05-23,312.23999
AMZN_Adj_Close,2014-05-27,310.820007
AMZN_Adj_Close,2014-05-28,310.160004
AMZN_Adj_Close,2014-05-29,313.779999
AMZN_Adj_Close,2014-05-30,312.549988
AMZN_Adj_Close,2014-06-02,308.839996
AMZN_Adj_Close,2014-06-03,307.190002
AMZN_Adj_Close,2014-06-04,306.779999
AMZN_Adj_Close,2014-06-05,323.570007
AMZN_Adj_Close,2014-06-06,329.670013
AMZN_Adj_Close,2014-06-09,327.5
AMZN_Adj_Close,2014-06-10,332.410004
AMZN_Adj_Close,2014-06-11,335.200012
AMZN_Adj_Close,2014-06-12,325.910004
AMZN_Adj_Close,2014-06-13,326.269989
AMZN_Adj_Close,2014-06-16,327.619995
AMZN_Adj_Close,2014-06-17,325.619995
AMZN_Adj_Close,2014-06-18,334.380005
AMZN_Adj_Close,2014-06-19,327
AMZN_Adj_Close,2014-06-20,324.200012
AMZN_Adj_Close,2014-06-23,327.23999
AMZN_Adj_Close,2014-06-24,324.160004
AMZN_Adj_Close,2014-06-25,327.440002
AMZN_Adj_Close,2014-06-26,325.690002
AMZN_Adj_Close,2014-06-27,324.570007
AMZN_Adj_Close,2014-06-30,324.779999
AMZN_Adj_Close,2014-07-01,332.390015
AMZN_Adj_Close,2014-07-02,332.850006
AMZN_Adj_Close,2014-07-03,337.48999
AMZN_Adj_Close,2014-07-07,333.549988
AMZN_Adj_Close,2014-07-08,323.809998
AMZN_Adj_Close,2014-07-09,329.970001
AMZN_Adj_Close,2014-07-10,327.920013
AMZN_Adj_Close,2014-07-11,346.200012
AMZN_Adj_Close,2014-07-14,355.320007
AMZN_Adj_Close,2014-07-15,354.440002
AMZN_Adj_Close,2014-07-16,355.899994
AMZN_Adj_Close,2014-07-17,352.450012
AMZN_Adj_Close,2014-07-18,358.660004
AMZN_Adj_Close,2014-07-21,359.76001
AMZN_Adj_Close,2014-07-22,360.839996
AMZN_Adj_Close,2014-07-23,358.140015
AMZN_Adj_Close,2014-07-24,358.609985
AMZN_Adj_Close,2014-07-25,324.01001
AMZN_Adj_Close,2014-07-28,320.410004
AMZN_Adj_Close,2014-07-29,320
AMZN_Adj_Close,2014-07-30,322.51001
AMZN_Adj_Close,2014-07-31,312.98999
AMZN_Adj_Close,2014-08-01,307.059998
AMZN_Adj_Close,2014-08-04,313.649994
AMZN_Adj_Close,2014-08-05,312.320007
AMZN_Adj_Close,2014-08-06,313.890015
AMZN_Adj_Close,2014-08-07,311.450012
AMZN_Adj_Close,2014-08-08,316.799988
AMZN_Adj_Close,2014-08-11,318.329987
AMZN_Adj_Close,2014-08-12,319.320007
AMZN_Adj_Close,2014-08-13,326.279999
AMZN_Adj_Close,2014-08-14,333.209991
AMZN_Adj_Close,2014-08-15,333.630005
AMZN_Adj_Close,2014-08-18,334.529999
AMZN_Adj_Close,2014-08-19,335.130005
AMZN_Adj_Close,2014-08-20,335.779999
AMZN_Adj_Close,2014-08-21,332.910004
AMZN_Adj_Close,2014-08-22,331.589996
AMZN_Adj_Close,2014-08-25,334.019989
AMZN_Adj_Close,2014-08-26,341.829987
AMZN_Adj_Close,2014-08-27,343.179993
AMZN_Adj_Close,2014-08-28,340.019989
AMZN_Adj_Close,2014-08-29,339.040009
AMZN_Adj_Close,2014-09-02,342.380005
AMZN_Adj_Close,2014-09-03,339
AMZN_Adj_Close,2014-09-04,345.950012
AMZN_Adj_Close,2014-09-05,346.380005
AMZN_Adj_Close,2014-09-08,342.339996
AMZN_Adj_Close,2014-09-09,329.75
AMZN_Adj_Close,2014-09-10,331.329987
AMZN_Adj_Close,2014-09-11,330.519989
AMZN_Adj_Close,2014-09-12,331.190002
AMZN_Adj_Close,2014-09-15,323.890015
AMZN_Adj_Close,2014-09-16,327.76001
AMZN_Adj_Close,2014-09-17,324
AMZN_Adj_Close,2014-09-18,325
AMZN_Adj_Close,2014-09-19,331.320007
AMZN_Adj_Close,2014-09-22,324.5
AMZN_Adj_Close,2014-09-23,323.630005
AMZN_Adj_Close,2014-09-24,328.209991
AMZN_Adj_Close,2014-09-25,321.929993
AMZN_Adj_Close,2014-09-26,323.209991
AMZN_Adj_Close,2014-09-29,321.820007
AMZN_Adj_Close,2014-09-30,322.440002
AMZN_Adj_Close,2014-10-01,317.459991
AMZN_Adj_Close,2014-10-02,318.410004
AMZN_Adj_Close,2014-10-03,322.73999
AMZN_Adj_Close,2014-10-06,322.200012
AMZN_Adj_Close,2014-10-07,316.980011
AMZN_Adj_Close,2014-10-08,322.700012
AMZN_Adj_Close,2014-10-09,315.369995
AMZN_Adj_Close,2014-10-10,311.390015
AMZN_Adj_Close,2014-10-13,306.450012
AMZN_Adj_Close,2014-10-14,308.309998
AMZN_Adj_Close,2014-10-15,305.970001
AMZN_Adj_Close,2014-10-16,302.859985
AMZN_Adj_Close,2014-10-17,303.640015
AMZN_Adj_Close,2014-10-20,306.209991
AMZN_Adj_Close,2014-10-21,315.329987
AMZN_Adj_Close,2014-10-22,312.970001
AMZN_Adj_Close,2014-10-23,313.179993
AMZN_Adj_Close,2014-10-24,287.059998
AMZN_Adj_Close,2014-10-27,289.970001
AMZN_Adj_Close,2014-10-28,295.589996
AMZN_Adj_Close,2014-10-29,294.119995
AMZN_Adj_Close,2014-10-30,299.070007
AMZN_Adj_Close,2014-10-31,305.459991
AMZN_Adj_Close,2014-11-03,305.720001
AMZN_Adj_Close,2014-11-04,302.809998
AMZN_Adj_Close,2014-11-05,296.519989
AMZN_Adj_Close,2014-11-06,296.640015
AMZN_Adj_Close,2014-11-07,299.859985
AMZN_Adj_Close,2014-11-10,305.109985
AMZN_Adj_Close,2014-11-11,312.01001
AMZN_Adj_Close,2014-11-12,311.51001
AMZN_Adj_Close,2014-11-13,316.480011
AMZN_Adj_Close,2014-11-14,327.820007
AMZN_Adj_Close,2014-11-17,323.049988
AMZN_Adj_Close,2014-11-18,324.929993
AMZN_Adj_Close,2014-11-19,326.540009
AMZN_Adj_Close,2014-11-20,330.540009
AMZN_Adj_Close,2014-11-21,332.630005
AMZN_Adj_Close,2014-11-24,335.640015
AMZN_Adj_Close,2014-11-25,335.040009
AMZN_Adj_Close,2014-11-26,333.570007
AMZN_Adj_Close,2014-11-28,338.640015
AMZN_Adj_Close,2014-12-01,326
AMZN_Adj_Close,2014-12-02,326.309998
AMZN_Adj_Close,2014-12-03,316.5
AMZN_Adj_Close,2014-12-04,316.929993
AMZN_Adj_Close,2014-12-05,312.630005
AMZN_Adj_Close,2014-12-08,306.640015
AMZN_Adj_Close,2014-12-09,312.5
AMZN_Adj_Close,2014-12-10,305.839996
AMZN_Adj_Close,2014-12-11,307.359985
AMZN_Adj_Close,2014-12-12,307.320007
AMZN_Adj_Close,2014-12-15,306.070007
AMZN_Adj_Close,2014-12-16,295.059998
AMZN_Adj_Close,2014-12-17,298.880005
AMZN_Adj_Close,2014-12-18,297.730011
AMZN_Adj_Close,2014-12-19,299.899994
AMZN_Adj_Close,2014-12-22,306.540009
AMZN_Adj_Close,2014-12-23,306.290009
AMZN_Adj_Close,2014-12-24,303.029999
AMZN_Adj_Close,2014-12-26,309.089996
AMZN_Adj_Close,2014-12-29,312.040009
AMZN_Adj_Close,2014-12-30,310.299988
AMZN_Adj_Close,2014-12-31,310.350006
AMZN_Adj_Close,2015-01-02,308.519989
AMZN_Adj_Close,2015-01-05,302.190002
AMZN_Adj_Close,2015-01-06,295.290009
AMZN_Adj_Close,2015-01-07,298.420013
AMZN_Adj_Close,2015-01-08,300.459991
AMZN_Adj_Close,2015-01-09,296.929993
AMZN_Adj_Close,2015-01-12,291.410004
AMZN_Adj_Close,2015-01-13,294.73999
AMZN_Adj_Close,2015-01-14,293.269989
AMZN_Adj_Close,2015-01-15,286.950012
AMZN_Adj_Close,2015-01-16,290.73999
AMZN_Adj_Close,2015-01-20,289.440002
AMZN_Adj_Close,2015-01-21,297.25
AMZN_Adj_Close,2015-01-22,310.320007
AMZN_Adj_Close,2015-01-23,312.390015
AMZN_Adj_Close,2015-01-26,309.660004
AMZN_Adj_Close,2015-01-27,306.75
AMZN_Adj_Close,2015-01-28,303.910004
AMZN_Adj_Close,2015-01-29,311.779999
AMZN_Adj_Close,2015-01-30,354.529999
AMZN_Adj_Close,2015-02-02,364.470001
AMZN_Adj_Close,2015-02-03,363.549988
AMZN_Adj_Close,2015-02-04,364.75
AMZN_Adj_Close,2015-02-05,373.890015
AMZN_Adj_Close,2015-02-06,374.279999
AMZN_Adj_Close,2015-02-09,370.559998
AMZN_Adj_Close,2015-02-10,373
AMZN_Adj_Close,2015-02-11,375.140015
AMZN_Adj_Close,2015-02-12,377.170013
AMZN_Adj_Close,2015-02-13,381.829987
AMZN_Adj_Close,2015-02-17,375.429993
AMZN_Adj_Close,2015-02-18,373.369995
AMZN_Adj_Close,2015-02-19,379
AMZN_Adj_Close,2015-02-20,383.660004
AMZN_Adj_Close,2015-02-23,380.140015
AMZN_Adj_Close,2015-02-24,378.589996
AMZN_Adj_Close,2015-02-25,385.369995
AMZN_Adj_Close,2015-02-26,384.799988
AMZN_Adj_Close,2015-02-27,380.160004
AMZN_Adj_Close,2015-03-02,385.660004
AMZN_Adj_Close,2015-03-03,384.609985
AMZN_Adj_Close,2015-03-04,382.720001
AMZN_Adj_Close,2015-03-05,387.829987
AMZN_Adj_Close,2015-03-06,380.089996
AMZN_Adj_Close,2015-03-09,378.559998
AMZN_Adj_Close,2015-03-10,369.51001
AMZN_Adj_Close,2015-03-11,366.369995
AMZN_Adj_Close,2015-03-12,374.23999
AMZN_Adj_Close,2015-03-13,370.579987
AMZN_Adj_Close,2015-03-16,373.350006
AMZN_Adj_Close,2015-03-17,371.920013
AMZN_Adj_Close,2015-03-18,375.140015
AMZN_Adj_Close,2015-03-19,373.23999
AMZN_Adj_Close,2015-03-20,378.48999
AMZN_Adj_Close,2015-03-23,375.109985
AMZN_Adj_Close,2015-03-24,374.089996
AMZN_Adj_Close,2015-03-25,370.959991
AMZN_Adj_Close,2015-03-26,367.350006
AMZN_Adj_Close,2015-03-27,370.559998
AMZN_Adj_Close,2015-03-30,374.589996
AMZN_Adj_Close,2015-03-31,372.100006
AMZN_Adj_Close,2015-04-01,370.26001
AMZN_Adj_Close,2015-04-02,372.25
AMZN_Adj_Close,2015-04-06,377.040009
AMZN_Adj_Close,2015-04-07,374.410004
AMZN_Adj_Close,2015-04-08,381.200012
AMZN_Adj_Close,2015-04-09,383.540009
AMZN_Adj_Close,2015-04-10,382.649994
AMZN_Adj_Close,2015-04-13,382.359985
AMZN_Adj_Close,2015-04-14,385.109985
AMZN_Adj_Close,2015-04-15,383.450012
AMZN_Adj_Close,2015-04-16,386.040009
AMZN_Adj_Close,2015-04-17,375.559998
AMZN_Adj_Close,2015-04-20,389.51001
AMZN_Adj_Close,2015-04-21,391.179993
AMZN_Adj_Close,2015-04-22,389.799988
AMZN_Adj_Close,2015-04-23,389.98999
AMZN_Adj_Close,2015-04-24,445.100006
AMZN_Adj_Close,2015-04-27,438.559998
AMZN_Adj_Close,2015-04-28,429.309998
AMZN_Adj_Close,2015-04-29,429.369995
AMZN_Adj_Close,2015-04-30,421.779999
AMZN_Adj_Close,2015-05-01,422.869995
AMZN_Adj_Close,2015-05-04,423.040009
AMZN_Adj_Close,2015-05-05,421.190002
AMZN_Adj_Close,2015-05-06,419.100006
AMZN_Adj_Close,2015-05-07,426.880005
AMZN_Adj_Close,2015-05-08,433.690002
AMZN_Adj_Close,2015-05-11,432.850006
AMZN_Adj_Close,2015-05-12,431.019989
AMZN_Adj_Close,2015-05-13,426.869995
AMZN_Adj_Close,2015-05-14,432.279999
AMZN_Adj_Close,2015-05-15,426
AMZN_Adj_Close,2015-05-18,425.23999
AMZN_Adj_Close,2015-05-19,421.709991
AMZN_Adj_Close,2015-05-20,423.859985
AMZN_Adj_Close,2015-05-21,431.630005
AMZN_Adj_Close,2015-05-22,427.630005
AMZN_Adj_Close,2015-05-26,425.470001
AMZN_Adj_Close,2015-05-27,431.420013
AMZN_Adj_Close,2015-05-28,426.570007
AMZN_Adj_Close,2015-05-29,429.230011
AMZN_Adj_Close,2015-06-01,430.920013
AMZN_Adj_Close,2015-06-02,430.98999
AMZN_Adj_Close,2015-06-03,436.589996
AMZN_Adj_Close,2015-06-04,430.779999
AMZN_Adj_Close,2015-06-05,426.950012
AMZN_Adj_Close,2015-06-08,423.5
AMZN_Adj_Close,2015-06-09,425.480011
AMZN_Adj_Close,2015-06-10,430.769989
AMZN_Adj_Close,2015-06-11,432.970001
AMZN_Adj_Close,2015-06-12,429.920013
AMZN_Adj_Close,2015-06-15,423.670013
AMZN_Adj_Close,2015-06-16,427.26001
AMZN_Adj_Close,2015-06-17,427.809998
AMZN_Adj_Close,2015-06-18,439.390015
AMZN_Adj_Close,2015-06-19,434.920013
AMZN_Adj_Close,2015-06-22,436.290009
AMZN_Adj_Close,2015-06-23,445.98999
AMZN_Adj_Close,2015-06-24,440.839996
AMZN_Adj_Close,2015-06-25,440.100006
AMZN_Adj_Close,2015-06-26,438.100006
AMZN_Adj_Close,2015-06-29,429.859985
AMZN_Adj_Close,2015-06-30,434.089996
AMZN_Adj_Close,2015-07-01,437.390015
AMZN_Adj_Close,2015-07-02,437.709991
AMZN_Adj_Close,2015-07-06,436.040009
AMZN_Adj_Close,2015-07-07,436.720001
AMZN_Adj_Close,2015-07-08,429.700012
AMZN_Adj_Close,2015-07-09,434.390015
AMZN_Adj_Close,2015-07-10,443.51001
AMZN_Adj_Close,2015-07-13,455.570007
AMZN_Adj_Close,2015-07-14,465.570007
AMZN_Adj_Close,2015-07-15,461.190002
AMZN_Adj_Close,2015-07-16,475.480011
AMZN_Adj_Close,2015-07-17,483.01001
AMZN_Adj_Close,2015-07-20,488.100006
AMZN_Adj_Close,2015-07-21,488
AMZN_Adj_Close,2015-07-22,488.269989
AMZN_Adj_Close,2015-07-23,482.179993
AMZN_Adj_Close,2015-07-24,529.419983
AMZN_Adj_Close,2015-07-27,531.409973
AMZN_Adj_Close,2015-07-28,526.030029
AMZN_Adj_Close,2015-07-29,529
AMZN_Adj_Close,2015-07-30,536.76001
AMZN_Adj_Close,2015-07-31,536.150024
AMZN_Adj_Close,2015-08-03,535.030029
AMZN_Adj_Close,2015-08-04,531.900024
AMZN_Adj_Close,2015-08-05,537.01001
AMZN_Adj_Close,2015-08-06,529.460022
AMZN_Adj_Close,2015-08-07,522.619995
AMZN_Adj_Close,2015-08-10,524
AMZN_Adj_Close,2015-08-11,527.460022
AMZN_Adj_Close,2015-08-12,525.909973
AMZN_Adj_Close,2015-08-13,529.659973
AMZN_Adj_Close,2015-08-14,531.52002
AMZN_Adj_Close,2015-08-17,535.219971
AMZN_Adj_Close,2015-08-18,535.02002
AMZN_Adj_Close,2015-08-19,532.919983
AMZN_Adj_Close,2015-08-20,515.780029
AMZN_Adj_Close,2015-08-21,494.470001
AMZN_Adj_Close,2015-08-24,463.369995
AMZN_Adj_Close,2015-08-25,466.369995
AMZN_Adj_Close,2015-08-26,500.769989
AMZN_Adj_Close,2015-08-27,518.369995
AMZN_Adj_Close,2015-08-28,518.01001
AMZN_Adj_Close,2015-08-31,512.890015
AMZN_Adj_Close,2015-09-01,496.540009
AMZN_Adj_Close,2015-09-02,510.549988
AMZN_Adj_Close,2015-09-03,504.720001
AMZN_Adj_Close,2015-09-04,499
AMZN_Adj_Close,2015-09-08,517.539978
AMZN_Adj_Close,2015-09-09,516.890015
AMZN_Adj_Close,2015-09-10,522.23999
AMZN_Adj_Close,2015-09-11,529.440002
AMZN_Adj_Close,2015-09-14,521.380005
AMZN_Adj_Close,2015-09-15,522.369995
AMZN_Adj_Close,2015-09-16,527.390015
AMZN_Adj_Close,2015-09-17,538.869995
AMZN_Adj_Close,2015-09-18,540.26001
AMZN_Adj_Close,2015-09-21,548.390015
AMZN_Adj_Close,2015-09-22,538.400024
AMZN_Adj_Close,2015-09-23,536.070007
AMZN_Adj_Close,2015-09-24,533.75
AMZN_Adj_Close,2015-09-25,524.25
AMZN_Adj_Close,2015-09-28,504.059998
AMZN_Adj_Close,2015-09-29,496.070007
AMZN_Adj_Close,2015-09-30,511.890015
AMZN_Adj_Close,2015-10-01,520.719971
AMZN_Adj_Close,2015-10-02,532.539978
AMZN_Adj_Close,2015-10-05,543.679993
AMZN_Adj_Close,2015-10-06,537.47998
AMZN_Adj_Close,2015-10-07,541.940002
AMZN_Adj_Close,2015-10-08,533.159973
AMZN_Adj_Close,2015-10-09,539.799988
AMZN_Adj_Close,2015-10-12,550.190002
AMZN_Adj_Close,2015-10-13,548.900024
AMZN_Adj_Close,2015-10-14,544.830017
AMZN_Adj_Close,2015-10-15,562.440002
AMZN_Adj_Close,2015-10-16,570.76001
AMZN_Adj_Close,2015-10-19,573.150024
AMZN_Adj_Close,2015-10-20,560.880005
AMZN_Adj_Close,2015-10-21,555.77002
AMZN_Adj_Close,2015-10-22,563.909973
AMZN_Adj_Close,2015-10-23,599.030029
AMZN_Adj_Close,2015-10-26,608.609985
AMZN_Adj_Close,2015-10-27,611.01001
AMZN_Adj_Close,2015-10-28,617.099976
AMZN_Adj_Close,2015-10-29,626.549988
AMZN_Adj_Close,2015-10-30,625.900024
AMZN_Adj_Close,2015-11-02,628.349976
AMZN_Adj_Close,2015-11-03,625.309998
AMZN_Adj_Close,2015-11-04,640.950012
AMZN_Adj_Close,2015-11-05,655.650024
AMZN_Adj_Close,2015-11-06,659.369995
AMZN_Adj_Close,2015-11-09,655.48999
AMZN_Adj_Close,2015-11-10,659.679993
AMZN_Adj_Close,2015-11-11,673.25
AMZN_Adj_Close,2015-11-12,665.599976
AMZN_Adj_Close,2015-11-13,642.349976
AMZN_Adj_Close,2015-11-16,647.809998
AMZN_Adj_Close,2015-11-17,643.299988
AMZN_Adj_Close,2015-11-18,663.539978
AMZN_Adj_Close,2015-11-19,661.27002
AMZN_Adj_Close,2015-11-20,668.450012
AMZN_Adj_Close,2015-11-23,678.98999
AMZN_Adj_Close,2015-11-24,671.150024
AMZN_Adj_Close,2015-11-25,675.340027
AMZN_Adj_Close,2015-11-27,673.26001
AMZN_Adj_Close,2015-11-30,664.799988
AMZN_Adj_Close,2015-12-01,679.059998
AMZN_Adj_Close,2015-12-02,676.01001
AMZN_Adj_Close,2015-12-03,666.25
AMZN_Adj_Close,2015-12-04,672.640015
AMZN_Adj_Close,2015-12-07,669.830017
AMZN_Adj_Close,2015-12-08,677.330017
AMZN_Adj_Close,2015-12-09,664.789978
AMZN_Adj_Close,2015-12-10,662.320007
AMZN_Adj_Close,2015-12-11,640.150024
AMZN_Adj_Close,2015-12-14,657.909973
AMZN_Adj_Close,2015-12-15,658.640015
AMZN_Adj_Close,2015-12-16,675.77002
AMZN_Adj_Close,2015-12-17,670.650024
AMZN_Adj_Close,2015-12-18,664.140015
AMZN_Adj_Close,2015-12-21,664.51001
AMZN_Adj_Close,2015-12-22,663.150024
AMZN_Adj_Close,2015-12-23,663.700012
AMZN_Adj_Close,2015-12-24,662.789978
AMZN_Adj_Close,2015-12-28,675.200012
AMZN_Adj_Close,2015-12-29,693.969971
AMZN_Adj_Close,2015-12-30,689.070007
AMZN_Adj_Close,2015-12-31,675.890015
AMZN_Adj_Close,2016-01-04,636.98999
AMZN_Adj_Close,2016-01-05,633.789978
AMZN_Adj_Close,2016-01-06,632.650024
AMZN_Adj_Close,2016-01-07,607.940002
AMZN_Adj_Close,2016-01-08,607.049988
AMZN_Adj_Close,2016-01-11,617.73999
AMZN_Adj_Close,2016-01-12,617.890015
AMZN_Adj_Close,2016-01-13,581.809998
AMZN_Adj_Close,2016-01-14,593
AMZN_Adj_Close,2016-01-15,570.179993
AMZN_Adj_Close,2016-01-19,574.47998
AMZN_Adj_Close,2016-01-20,571.77002
AMZN_Adj_Close,2016-01-21,575.02002
AMZN_Adj_Close,2016-01-22,596.380005
AMZN_Adj_Close,2016-01-25,596.530029
AMZN_Adj_Close,2016-01-26,601.25
AMZN_Adj_Close,2016-01-27,583.349976
AMZN_Adj_Close,2016-01-28,635.349976
AMZN_Adj_Close,2016-01-29,587
AMZN_Adj_Close,2016-02-01,574.809998
AMZN_Adj_Close,2016-02-02,552.099976
AMZN_Adj_Close,2016-02-03,531.070007
AMZN_Adj_Close,2016-02-04,536.26001
AMZN_Adj_Close,2016-02-05,502.130005
AMZN_Adj_Close,2016-02-08,488.100006
AMZN_Adj_Close,2016-02-09,482.070007
AMZN_Adj_Close,2016-02-10,490.480011
AMZN_Adj_Close,2016-02-11,503.820007
AMZN_Adj_Close,2016-02-12,507.079987
AMZN_Adj_Close,2016-02-16,521.099976
AMZN_Adj_Close,2016-02-17,534.099976
AMZN_Adj_Close,2016-02-18,525
AMZN_Adj_Close,2016-02-19,534.900024
AMZN_Adj_Close,2016-02-22,559.5
AMZN_Adj_Close,2016-02-23,552.940002
AMZN_Adj_Close,2016-02-24,554.039978
AMZN_Adj_Close,2016-02-25,555.150024
AMZN_Adj_Close,2016-02-26,555.22998
AMZN_Adj_Close,2016-02-29,552.52002
AMZN_Adj_Close,2016-03-01,579.039978
AMZN_Adj_Close,2016-03-02,580.210022
AMZN_Adj_Close,2016-03-03,577.48999
AMZN_Adj_Close,2016-03-04,575.140015
AMZN_Adj_Close,2016-03-07,562.799988
AMZN_Adj_Close,2016-03-08,560.26001
AMZN_Adj_Close,2016-03-09,559.469971
AMZN_Adj_Close,2016-03-10,558.929993
AMZN_Adj_Close,2016-03-11,569.609985
AMZN_Adj_Close,2016-03-14,573.369995
AMZN_Adj_Close,2016-03-15,577.02002
AMZN_Adj_Close,2016-03-16,574.27002
AMZN_Adj_Close,2016-03-17,559.440002
AMZN_Adj_Close,2016-03-18,552.080017
AMZN_Adj_Close,2016-03-21,553.97998
AMZN_Adj_Close,2016-03-22,560.47998
AMZN_Adj_Close,2016-03-23,569.630005
AMZN_Adj_Close,2016-03-24,582.950012
AMZN_Adj_Close,2016-03-28,579.869995
AMZN_Adj_Close,2016-03-29,593.859985
AMZN_Adj_Close,2016-03-30,598.690002
AMZN_Adj_Close,2016-03-31,593.640015
AMZN_Adj_Close,2016-04-01,598.5
AMZN_Adj_Close,2016-04-04,593.190002
AMZN_Adj_Close,2016-04-05,586.140015
AMZN_Adj_Close,2016-04-06,602.080017
AMZN_Adj_Close,2016-04-07,591.429993
AMZN_Adj_Close,2016-04-08,594.599976
AMZN_Adj_Close,2016-04-11,595.929993
AMZN_Adj_Close,2016-04-12,603.169983
AMZN_Adj_Close,2016-04-13,614.820007
AMZN_Adj_Close,2016-04-14,620.75
AMZN_Adj_Close,2016-04-15,625.890015
AMZN_Adj_Close,2016-04-18,635.349976
AMZN_Adj_Close,2016-04-19,627.900024
AMZN_Adj_Close,2016-04-20,632.98999
AMZN_Adj_Close,2016-04-21,631
AMZN_Adj_Close,2016-04-22,620.5
AMZN_Adj_Close,2016-04-25,626.200012
AMZN_Adj_Close,2016-04-26,616.880005
AMZN_Adj_Close,2016-04-27,606.570007
AMZN_Adj_Close,2016-04-28,602
AMZN_Adj_Close,2016-04-29,659.590027
AMZN_Adj_Close,2016-05-02,683.849976
AMZN_Adj_Close,2016-05-03,671.320007
AMZN_Adj_Close,2016-05-04,670.900024
AMZN_Adj_Close,2016-05-05,659.090027
AMZN_Adj_Close,2016-05-06,673.950012
AMZN_Adj_Close,2016-05-09,679.75
AMZN_Adj_Close,2016-05-10,703.070007
AMZN_Adj_Close,2016-05-11,713.22998
AMZN_Adj_Close,2016-05-12,717.929993
AMZN_Adj_Close,2016-05-13,709.919983
AMZN_Adj_Close,2016-05-16,710.659973
AMZN_Adj_Close,2016-05-17,695.27002
AMZN_Adj_Close,2016-05-18,697.450012
AMZN_Adj_Close,2016-05-19,698.52002
AMZN_Adj_Close,2016-05-20,702.799988
AMZN_Adj_Close,2016-05-23,696.75
AMZN_Adj_Close,2016-05-24,704.200012
AMZN_Adj_Close,2016-05-25,708.349976
AMZN_Adj_Close,2016-05-26,714.909973
AMZN_Adj_Close,2016-05-27,712.23999
AMZN_Adj_Close,2016-05-31,722.789978
AMZN_Adj_Close,2016-06-01,719.440002
AMZN_Adj_Close,2016-06-02,728.23999
AMZN_Adj_Close,2016-06-03,725.539978
AMZN_Adj_Close,2016-06-06,726.72998
AMZN_Adj_Close,2016-06-07,723.73999
AMZN_Adj_Close,2016-06-08,726.640015
AMZN_Adj_Close,2016-06-09,727.650024
AMZN_Adj_Close,2016-06-10,717.909973
AMZN_Adj_Close,2016-06-13,715.23999
AMZN_Adj_Close,2016-06-14,719.299988
AMZN_Adj_Close,2016-06-15,714.26001
AMZN_Adj_Close,2016-06-16,717.51001
AMZN_Adj_Close,2016-06-17,706.390015
AMZN_Adj_Close,2016-06-20,714.01001
AMZN_Adj_Close,2016-06-21,715.820007
AMZN_Adj_Close,2016-06-22,710.599976
AMZN_Adj_Close,2016-06-23,722.080017
AMZN_Adj_Close,2016-06-24,698.960022
AMZN_Adj_Close,2016-06-27,691.359985
AMZN_Adj_Close,2016-06-28,707.950012
AMZN_Adj_Close,2016-06-29,715.599976
AMZN_Adj_Close,2016-06-30,715.619995
AMZN_Adj_Close,2016-07-01,725.679993
AMZN_Adj_Close,2016-07-05,728.099976
AMZN_Adj_Close,2016-07-06,737.609985
AMZN_Adj_Close,2016-07-07,736.570007
AMZN_Adj_Close,2016-07-08,745.809998
AMZN_Adj_Close,2016-07-11,753.780029
AMZN_Adj_Close,2016-07-12,748.210022
AMZN_Adj_Close,2016-07-13,742.630005
AMZN_Adj_Close,2016-07-14,741.200012
AMZN_Adj_Close,2016-07-15,735.440002
AMZN_Adj_Close,2016-07-18,736.070007
AMZN_Adj_Close,2016-07-19,739.950012
AMZN_Adj_Close,2016-07-20,745.719971
AMZN_Adj_Close,2016-07-21,744.429993
AMZN_Adj_Close,2016-07-22,744.859985
AMZN_Adj_Close,2016-07-25,739.609985
AMZN_Adj_Close,2016-07-26,735.590027
AMZN_Adj_Close,2016-07-27,736.669983
AMZN_Adj_Close,2016-07-28,752.609985
AMZN_Adj_Close,2016-07-29,758.809998
AMZN_Adj_Close,2016-08-01,767.73999
AMZN_Adj_Close,2016-08-02,760.580017
AMZN_Adj_Close,2016-08-03,754.640015
AMZN_Adj_Close,2016-08-04,760.77002
AMZN_Adj_Close,2016-08-05,765.97998
AMZN_Adj_Close,2016-08-08,766.559998
AMZN_Adj_Close,2016-08-09,768.309998
AMZN_Adj_Close,2016-08-10,768.559998
AMZN_Adj_Close,2016-08-11,771.23999
AMZN_Adj_Close,2016-08-12,772.559998
AMZN_Adj_Close,2016-08-15,768.48999
AMZN_Adj_Close,2016-08-16,764.039978
AMZN_Adj_Close,2016-08-17,764.630005
AMZN_Adj_Close,2016-08-18,764.460022
AMZN_Adj_Close,2016-08-19,757.309998
AMZN_Adj_Close,2016-08-22,759.47998
AMZN_Adj_Close,2016-08-23,762.450012
AMZN_Adj_Close,2016-08-24,757.25
AMZN_Adj_Close,2016-08-25,759.219971
AMZN_Adj_Close,2016-08-26,769
AMZN_Adj_Close,2016-08-29,771.289978
AMZN_Adj_Close,2016-08-30,767.580017
AMZN_Adj_Close,2016-08-31,769.159973
AMZN_Adj_Close,2016-09-01,770.619995
AMZN_Adj_Close,2016-09-02,772.440002
AMZN_Adj_Close,2016-09-06,788.869995
AMZN_Adj_Close,2016-09-07,784.47998
AMZN_Adj_Close,2016-09-08,784.059998
AMZN_Adj_Close,2016-09-09,760.140015
AMZN_Adj_Close,2016-09-12,771.48999
AMZN_Adj_Close,2016-09-13,761.01001
AMZN_Adj_Close,2016-09-14,761.090027
AMZN_Adj_Close,2016-09-15,769.690002
AMZN_Adj_Close,2016-09-16,778.52002
AMZN_Adj_Close,2016-09-19,775.099976
AMZN_Adj_Close,2016-09-20,780.219971
AMZN_Adj_Close,2016-09-21,789.73999
AMZN_Adj_Close,2016-09-22,804.700012
AMZN_Adj_Close,2016-09-23,805.75
AMZN_Adj_Close,2016-09-26,799.159973
AMZN_Adj_Close,2016-09-27,816.109985
AMZN_Adj_Close,2016-09-28,828.719971
AMZN_Adj_Close,2016-09-29,829.049988
AMZN_Adj_Close,2016-09-30,837.309998
AMZN_Adj_Close,2016-10-03,836.73999
AMZN_Adj_Close,2016-10-04,834.030029
AMZN_Adj_Close,2016-10-05,844.359985
AMZN_Adj_Close,2016-10-06,841.659973
AMZN_Adj_Close,2016-10-07,839.429993
AMZN_Adj_Close,2016-10-10,841.710022
AMZN_Adj_Close,2016-10-11,831
AMZN_Adj_Close,2016-10-12,834.090027
AMZN_Adj_Close,2016-10-13,829.280029
AMZN_Adj_Close,2016-10-14,822.960022
AMZN_Adj_Close,2016-10-17,812.950012
AMZN_Adj_Close,2016-10-18,817.650024
AMZN_Adj_Close,2016-10-19,817.690002
AMZN_Adj_Close,2016-10-20,810.320007
AMZN_Adj_Close,2016-10-21,818.98999
AMZN_Adj_Close,2016-10-24,838.090027
AMZN_Adj_Close,2016-10-25,835.179993
AMZN_Adj_Close,2016-10-26,822.590027
AMZN_Adj_Close,2016-10-27,818.359985
AMZN_Adj_Close,2016-10-28,776.320007
AMZN_Adj_Close,2016-10-31,789.820007
AMZN_Adj_Close,2016-11-01,785.409973
AMZN_Adj_Close,2016-11-02,765.559998
AMZN_Adj_Close,2016-11-03,767.030029
AMZN_Adj_Close,2016-11-04,755.049988
AMZN_Adj_Close,2016-11-07,784.929993
AMZN_Adj_Close,2016-11-08,787.75
AMZN_Adj_Close,2016-11-09,771.880005
AMZN_Adj_Close,2016-11-10,742.380005
AMZN_Adj_Close,2016-11-11,739.01001
AMZN_Adj_Close,2016-11-14,719.070007
AMZN_Adj_Close,2016-11-15,743.23999
AMZN_Adj_Close,2016-11-16,746.48999
AMZN_Adj_Close,2016-11-17,756.400024
AMZN_Adj_Close,2016-11-18,760.159973
AMZN_Adj_Close,2016-11-21,780
AMZN_Adj_Close,2016-11-22,785.330017
AMZN_Adj_Close,2016-11-23,780.119995
AMZN_Adj_Close,2016-11-25,780.369995
AMZN_Adj_Close,2016-11-28,766.77002
AMZN_Adj_Close,2016-11-29,762.52002
AMZN_Adj_Close,2016-11-30,750.570007
AMZN_Adj_Close,2016-12-01,743.650024
AMZN_Adj_Close,2016-12-02,740.340027
AMZN_Adj_Close,2016-12-05,759.359985
AMZN_Adj_Close,2016-12-06,764.719971
AMZN_Adj_Close,2016-12-07,770.419983
AMZN_Adj_Close,2016-12-08,767.330017
AMZN_Adj_Close,2016-12-09,768.659973
AMZN_Adj_Close,2016-12-12,760.119995
AMZN_Adj_Close,2016-12-13,774.340027
AMZN_Adj_Close,2016-12-14,768.820007
AMZN_Adj_Close,2016-12-15,761
AMZN_Adj_Close,2016-12-16,757.77002
AMZN_Adj_Close,2016-12-19,766
AMZN_Adj_Close,2016-12-20,771.219971
AMZN_Adj_Close,2016-12-21,770.599976
AMZN_Adj_Close,2016-12-22,766.340027
AMZN_Adj_Close,2016-12-23,760.590027
AMZN_Adj_Close,2016-12-27,771.400024
AMZN_Adj_Close,2016-12-28,772.130005
AMZN_Adj_Close,2016-12-29,765.150024
AMZN_Adj_Close,2016-12-30,749.869995
AMZN_Adj_Close,2017-01-03,753.669983
AMZN_Adj_Close,2017-01-04,757.179993
AMZN_Adj_Close,2017-01-05,780.450012
AMZN_Adj_Close,2017-01-06,795.98999
AMZN_Adj_Close,2017-01-09,796.919983
AMZN_Adj_Close,2017-01-10,795.900024
AMZN_Adj_Close,2017-01-11,799.02002
AMZN_Adj_Close,2017-01-12,813.640015
AMZN_Adj_Close,2017-01-13,817.140015
AMZN_Adj_Close,2017-01-17,809.719971
AMZN_Adj_Close,2017-01-18,807.47998
AMZN_Adj_Close,2017-01-19,809.039978
AMZN_Adj_Close,2017-01-20,808.330017
AMZN_Adj_Close,2017-01-23,817.880005
AMZN_Adj_Close,2017-01-24,822.440002
AMZN_Adj_Close,2017-01-25,836.52002
AMZN_Adj_Close,2017-01-26,839.150024
AMZN_Adj_Close,2017-01-27,835.77002
AMZN_Adj_Close,2017-01-30,830.380005
AMZN_Adj_Close,2017-01-31,823.47998
AMZN_Adj_Close,2017-02-01,832.349976
AMZN_Adj_Close,2017-02-02,839.950012
AMZN_Adj_Close,2017-02-03,810.200012
AMZN_Adj_Close,2017-02-06,807.640015
AMZN_Adj_Close,2017-02-07,812.5
AMZN_Adj_Close,2017-02-08,819.710022
AMZN_Adj_Close,2017-02-09,821.359985
AMZN_Adj_Close,2017-02-10,827.460022
AMZN_Adj_Close,2017-02-13,836.530029
AMZN_Adj_Close,2017-02-14,836.390015
AMZN_Adj_Close,2017-02-15,842.700012
AMZN_Adj_Close,2017-02-16,844.140015
AMZN_Adj_Close,2017-02-17,845.070007
AMZN_Adj_Close,2017-02-21,856.440002
AMZN_Adj_Close,2017-02-22,855.609985
AMZN_Adj_Close,2017-02-23,852.190002
AMZN_Adj_Close,2017-02-24,845.23999
AMZN_Adj_Close,2017-02-27,848.640015
AMZN_Adj_Close,2017-02-28,845.039978
AMZN_Adj_Close,2017-03-01,853.080017
AMZN_Adj_Close,2017-03-02,848.909973
AMZN_Adj_Close,2017-03-03,849.880005
AMZN_Adj_Close,2017-03-06,846.609985
AMZN_Adj_Close,2017-03-07,846.02002
AMZN_Adj_Close,2017-03-08,850.5
AMZN_Adj_Close,2017-03-09,853
AMZN_Adj_Close,2017-03-10,852.460022
AMZN_Adj_Close,2017-03-13,854.590027
AMZN_Adj_Close,2017-03-14,852.530029
AMZN_Adj_Close,2017-03-15,852.969971
AMZN_Adj_Close,2017-03-16,853.419983
AMZN_Adj_Close,2017-03-17,852.309998
AMZN_Adj_Close,2017-03-20,856.969971
AMZN_Adj_Close,2017-03-21,843.200012
AMZN_Adj_Close,2017-03-22,848.059998
AMZN_Adj_Close,2017-03-23,847.380005
AMZN_Adj_Close,2017-03-24,845.609985
AMZN_Adj_Close,2017-03-27,846.820007
AMZN_Adj_Close,2017-03-28,856
AMZN_Adj_Close,2017-03-29,874.320007
AMZN_Adj_Close,2017-03-30,876.340027
AMZN_Adj_Close,2017-03-31,886.539978
AMZN_Adj_Close,2017-04-03,891.51001
AMZN_Adj_Close,2017-04-04,906.830017
AMZN_Adj_Close,2017-04-05,909.280029
AMZN_Adj_Close,2017-04-06,898.280029
AMZN_Adj_Close,2017-04-07,894.880005
AMZN_Adj_Close,2017-04-10,907.039978
AMZN_Adj_Close,2017-04-11,902.359985
AMZN_Adj_Close,2017-04-12,896.22998
AMZN_Adj_Close,2017-04-13,884.669983
AMZN_Adj_Close,2017-04-17,901.98999
AMZN_Adj_Close,2017-04-18,903.780029
AMZN_Adj_Close,2017-04-19,899.200012
AMZN_Adj_Close,2017-04-20,902.059998
AMZN_Adj_Close,2017-04-21,898.530029
AMZN_Adj_Close,2017-04-24,907.409973
AMZN_Adj_Close,2017-04-25,907.619995
AMZN_Adj_Close,2017-04-26,909.289978
AMZN_Adj_Close,2017-04-27,918.380005
AMZN_Adj_Close,2017-04-28,924.98999
AMZN_Adj_Close,2017-05-01,948.22998
AMZN_Adj_Close,2017-05-02,946.940002
AMZN_Adj_Close,2017-05-03,941.030029
AMZN_Adj_Close,2017-05-04,937.530029
AMZN_Adj_Close,2017-05-05,934.150024
AMZN_Adj_Close,2017-05-08,949.039978
AMZN_Adj_Close,2017-05-09,952.820007
AMZN_Adj_Close,2017-05-10,948.950012
AMZN_Adj_Close,2017-05-11,947.619995
AMZN_Adj_Close,2017-05-12,961.349976
AMZN_Adj_Close,2017-05-15,957.969971
AMZN_Adj_Close,2017-05-16,966.070007
AMZN_Adj_Close,2017-05-17,944.76001
AMZN_Adj_Close,2017-05-18,958.48999
AMZN_Adj_Close,2017-05-19,959.840027
AMZN_Adj_Close,2017-05-22,970.669983
AMZN_Adj_Close,2017-05-23,971.539978
AMZN_Adj_Close,2017-05-24,980.349976
AMZN_Adj_Close,2017-05-25,993.380005
AMZN_Adj_Close,2017-05-26,995.780029
AMZN_Adj_Close,2017-05-30,996.700012
AMZN_Adj_Close,2017-05-31,994.619995
AMZN_Adj_Close,2017-06-01,995.950012
AMZN_Adj_Close,2017-06-02,1006.72998
AMZN_Adj_Close,2017-06-05,1011.340027
AMZN_Adj_Close,2017-06-06,1003
AMZN_Adj_Close,2017-06-07,1010.070007
AMZN_Adj_Close,2017-06-08,1010.27002
AMZN_Adj_Close,2017-06-09,978.309998
AMZN_Adj_Close,2017-06-12,964.909973
AMZN_Adj_Close,2017-06-13,980.789978
AMZN_Adj_Close,2017-06-14,976.469971
AMZN_Adj_Close,2017-06-15,964.169983
AMZN_Adj_Close,2017-06-16,987.710022
AMZN_Adj_Close,2017-06-19,995.169983
AMZN_Adj_Close,2017-06-20,992.590027
AMZN_Adj_Close,2017-06-21,1002.22998
AMZN_Adj_Close,2017-06-22,1001.299988
AMZN_Adj_Close,2017-06-23,1003.73999
AMZN_Adj_Close,2017-06-26,993.97998
AMZN_Adj_Close,2017-06-27,976.780029
AMZN_Adj_Close,2017-06-28,990.330017
AMZN_Adj_Close,2017-06-29,975.929993
AMZN_Adj_Close,2017-06-30,968
AMZN_Adj_Close,2017-07-03,953.659973
AMZN_Adj_Close,2017-07-05,971.400024
AMZN_Adj_Close,2017-07-06,965.140015
AMZN_Adj_Close,2017-07-07,978.76001
AMZN_Adj_Close,2017-07-10,996.469971
AMZN_Adj_Close,2017-07-11,994.130005
AMZN_Adj_Close,2017-07-12,1006.51001
AMZN_Adj_Close,2017-07-13,1000.630005
AMZN_Adj_Close,2017-07-14,1001.809998
AMZN_Adj_Close,2017-07-17,1010.039978
AMZN_Adj_Close,2017-07-18,1024.449951
AMZN_Adj_Close,2017-07-19,1026.869995
AMZN_Adj_Close,2017-07-20,1028.699951
AMZN_Adj_Close,2017-07-21,1025.670044
AMZN_Adj_Close,2017-07-24,1038.949951
AMZN_Adj_Close,2017-07-25,1039.869995
AMZN_Adj_Close,2017-07-26,1052.800049
AMZN_Adj_Close,2017-07-27,1046
AMZN_Adj_Close,2017-07-28,1020.039978
AMZN_Adj_Close,2017-07-31,987.780029
AMZN_Adj_Close,2017-08-01,996.190002
AMZN_Adj_Close,2017-08-02,995.890015
AMZN_Adj_Close,2017-08-03,986.919983
AMZN_Adj_Close,2017-08-04,987.580017
AMZN_Adj_Close,2017-08-07,992.27002
AMZN_Adj_Close,2017-08-08,989.840027
AMZN_Adj_Close,2017-08-09,982.01001
AMZN_Adj_Close,2017-08-10,956.919983
AMZN_Adj_Close,2017-08-11,967.98999
AMZN_Adj_Close,2017-08-14,983.299988
AMZN_Adj_Close,2017-08-15,982.73999
AMZN_Adj_Close,2017-08-16,978.179993
AMZN_Adj_Close,2017-08-17,960.570007
AMZN_Adj_Close,2017-08-18,958.469971
AMZN_Adj_Close,2017-08-21,953.289978
AMZN_Adj_Close,2017-08-22,966.900024
AMZN_Adj_Close,2017-08-23,958
AMZN_Adj_Close,2017-08-24,952.450012
AMZN_Adj_Close,2017-08-25,945.26001
AMZN_Adj_Close,2017-08-28,946.02002
AMZN_Adj_Close,2017-08-29,954.059998
AMZN_Adj_Close,2017-08-30,967.590027
AMZN_Adj_Close,2017-08-31,980.599976
AMZN_Adj_Close,2017-09-01,978.25
AMZN_Adj_Close,2017-09-05,965.27002
AMZN_Adj_Close,2017-09-06,967.799988
AMZN_Adj_Close,2017-09-07,979.469971
AMZN_Adj_Close,2017-09-08,965.900024
AMZN_Adj_Close,2017-09-11,977.960022
AMZN_Adj_Close,2017-09-12,982.580017
AMZN_Adj_Close,2017-09-13,999.599976
AMZN_Adj_Close,2017-09-14,992.210022
AMZN_Adj_Close,2017-09-15,986.789978
AMZN_Adj_Close,2017-09-18,974.190002
AMZN_Adj_Close,2017-09-19,969.859985
AMZN_Adj_Close,2017-09-20,973.210022
AMZN_Adj_Close,2017-09-21,964.650024
AMZN_Adj_Close,2017-09-22,955.099976
AMZN_Adj_Close,2017-09-25,939.789978
AMZN_Adj_Close,2017-09-26,938.599976
AMZN_Adj_Close,2017-09-27,950.869995
AMZN_Adj_Close,2017-09-28,956.400024
AMZN_Adj_Close,2017-09-29,961.349976
AMZN_Adj_Close,2017-10-02,959.190002
AMZN_Adj_Close,2017-10-03,957.099976
AMZN_Adj_Close,2017-10-04,965.450012
AMZN_Adj_Close,2017-10-05,980.849976
AMZN_Adj_Close,2017-10-06,989.580017
AMZN_Adj_Close,2017-10-09,990.98999
AMZN_Adj_Close,2017-10-10,987.200012
AMZN_Adj_Close,2017-10-11,995
AMZN_Adj_Close,2017-10-12,1000.929993
AMZN_Adj_Close,2017-10-13,1002.940002
AMZN_Adj_Close,2017-10-16,1006.340027
AMZN_Adj_Close,2017-10-17,1009.130005
AMZN_Adj_Close,2017-10-18,997
AMZN_Adj_Close,2017-10-19,986.609985
AMZN_Adj_Close,2017-10-20,982.909973
AMZN_Adj_Close,2017-10-23,966.299988
AMZN_Adj_Close,2017-10-24,975.900024
AMZN_Adj_Close,2017-10-25,972.909973
AMZN_Adj_Close,2017-10-26,972.429993
AMZN_Adj_Close,2017-10-27,1100.949951
AMZN_Adj_Close,2017-10-30,1110.849976
AMZN_Adj_Close,2017-10-31,1105.280029
AMZN_Adj_Close,2017-11-01,1103.680054
AMZN_Adj_Close,2017-11-02,1094.219971
AMZN_Adj_Close,2017-11-03,1111.599976
AMZN_Adj_Close,2017-11-06,1120.660034
AMZN_Adj_Close,2017-11-07,1123.170044
AMZN_Adj_Close,2017-11-08,1132.880005
AMZN_Adj_Close,2017-11-09,1129.130005
AMZN_Adj_Close,2017-11-10,1125.349976
AMZN_Adj_Close,2017-11-13,1129.170044
AMZN_Adj_Close,2017-11-14,1136.839966
AMZN_Adj_Close,2017-11-15,1126.689941
AMZN_Adj_Close,2017-11-16,1137.290039
AMZN_Adj_Close,2017-11-17,1129.880005
AMZN_Adj_Close,2017-11-20,1126.310059
AMZN_Adj_Close,2017-11-21,1139.48999
AMZN_Adj_Close,2017-11-22,1156.160034
AMZN_Adj_Close,2017-11-24,1186
AMZN_Adj_Close,2017-11-27,1195.829956
AMZN_Adj_Close,2017-11-28,1193.599976
AMZN_Adj_Close,2017-11-29,1161.27002
AMZN_Adj_Close,2017-11-30,1176.75
AMZN_Adj_Close,2017-12-01,1162.349976
AMZN_Adj_Close,2017-12-04,1133.949951
AMZN_Adj_Close,2017-12-05,1141.569946
AMZN_Adj_Close,2017-12-06,1152.349976
AMZN_Adj_Close,2017-12-07,1159.790039
AMZN_Adj_Close,2017-12-08,1162
AMZN_Adj_Close,2017-12-11,1168.920044
AMZN_Adj_Close,2017-12-12,1165.079956
AMZN_Adj_Close,2017-12-13,1164.130005
AMZN_Adj_Close,2017-12-14,1174.26001
AMZN_Adj_Close,2017-12-15,1179.140015
AMZN_Adj_Close,2017-12-18,1190.579956
AMZN_Adj_Close,2017-12-19,1187.380005
AMZN_Adj_Close,2017-12-20,1177.619995
AMZN_Adj_Close,2017-12-21,1174.76001
AMZN_Adj_Close,2017-12-22,1168.359985
AMZN_Adj_Close,2017-12-26,1176.76001
AMZN_Adj_Close,2017-12-27,1182.26001
AMZN_Adj_Close,2017-12-28,1186.099976
AMZN_Adj_Close,2017-12-29,1169.469971
AMZN_Adj_Close,2018-01-02,1189.01001
AMZN_Adj_Close,2018-01-03,1204.199951
AMZN_Adj_Close,2018-01-04,1209.589966
AMZN_Adj_Close,2018-01-05,1229.140015
AMZN_Adj_Close,2018-01-08,1246.869995
AMZN_Adj_Close,2018-01-09,1252.699951
AMZN_Adj_Close,2018-01-10,1254.329956
AMZN_Adj_Close,2018-01-11,1276.680054
AMZN_Adj_Close,2018-01-12,1305.199951
AMZN_Adj_Close,2018-01-16,1304.859985
AMZN_Adj_Close,2018-01-17,1295
AMZN_Adj_Close,2018-01-18,1293.319946
AMZN_Adj_Close,2018-01-19,1294.579956
AMZN_Adj_Close,2018-01-22,1327.310059
AMZN_Adj_Close,2018-01-23,1362.540039
AMZN_Adj_Close,2018-01-24,1357.51001
AMZN_Adj_Close,2018-01-25,1377.949951
AMZN_Adj_Close,2018-01-26,1402.050049
AMZN_Adj_Close,2018-01-29,1417.680054
AMZN_Adj_Close,2018-01-30,1437.819946
AMZN_Adj_Close,2018-01-31,1450.890015
AMZN_Adj_Close,2018-02-01,1390
AMZN_Adj_Close,2018-02-02,1429.949951
AMZN_Adj_Close,2018-02-05,1390
AMZN_Adj_Close,2018-02-06,1442.839966
AMZN_Adj_Close,2018-02-07,1416.780029
AMZN_Adj_Close,2018-02-08,1350.5
AMZN_Adj_Close,2018-02-09,1339.599976
AMZN_Adj_Close,2018-02-12,1386.22998
AMZN_Adj_Close,2018-02-13,1414.51001
AMZN_Adj_Close,2018-02-14,1451.050049
AMZN_Adj_Close,2018-02-15,1461.76001
AMZN_Adj_Close,2018-02-16,1448.689941
AMZN_Adj_Close,2018-02-20,1468.349976
AMZN_Adj_Close,2018-02-21,1482.920044
AMZN_Adj_Close,2018-02-22,1485.339966
AMZN_Adj_Close,2018-02-23,1500
AMZN_Adj_Close,2018-02-26,1521.949951
AMZN_Adj_Close,2018-02-27,1511.97998
AMZN_Adj_Close,2018-02-28,1512.449951
AMZN_Adj_Close,2018-03-01,1493.449951
AMZN_Adj_Close,2018-03-02,1500.25
AMZN_Adj_Close,2018-03-05,1523.609985
AMZN_Adj_Close,2018-03-06,1537.640015
AMZN_Adj_Close,2018-03-07,1545
AMZN_Adj_Close,2018-03-08,1551.859985
AMZN_Adj_Close,2018-03-09,1578.890015
AMZN_Adj_Close,2018-03-12,1598.390015
AMZN_Adj_Close,2018-03-13,1588.180054
AMZN_Adj_Close,2018-03-14,1591
AMZN_Adj_Close,2018-03-15,1582.319946
AMZN_Adj_Close,2018-03-16,1571.680054
AMZN_Adj_Close,2018-03-19,1544.930054
AMZN_Adj_Close,2018-03-20,1586.51001
AMZN_Adj_Close,2018-03-21,1581.859985
AMZN_Adj_Close,2018-03-22,1544.920044
AMZN_Adj_Close,2018-03-23,1495.560059
AMZN_Adj_Close,2018-03-26,1555.859985
AMZN_Adj_Close,2018-03-27,1497.050049
AMZN_Adj_Close,2018-03-28,1431.420044
AMZN_Adj_Close,2018-03-29,1447.339966
AMZN_Adj_Close,2018-04-02,1371.98999
AMZN_Adj_Close,2018-04-03,1392.050049
AMZN_Adj_Close,2018-04-04,1410.569946
AMZN_Adj_Close,2018-04-05,1451.75
AMZN_Adj_Close,2018-04-06,1405.22998
AMZN_Adj_Close,2018-04-09,1406.079956
AMZN_Adj_Close,2018-04-10,1436.219971
AMZN_Adj_Close,2018-04-11,1427.050049
AMZN_Adj_Close,2018-04-12,1448.5
AMZN_Adj_Close,2018-04-13,1430.790039
AMZN_Adj_Close,2018-04-16,1441.5
AMZN_Adj_Close,2018-04-17,1503.829956
AMZN_Adj_Close,2018-04-18,1527.839966
AMZN_Adj_Close,2018-04-19,1556.910034
AMZN_Adj_Close,2018-04-20,1527.48999
AMZN_Adj_Close,2018-04-23,1517.859985
AMZN_Adj_Close,2018-04-24,1460.089966
AMZN_Adj_Close,2018-04-25,1460.170044
AMZN_Adj_Close,2018-04-26,1517.959961
AMZN_Adj_Close,2018-04-27,1572.619995
AMZN_Adj_Close,2018-04-30,1566.130005
AMZN_Adj_Close,2018-05-01,1582.26001
AMZN_Adj_Close,2018-05-02,1569.680054
AMZN_Adj_Close,2018-05-03,1572.079956
AMZN_Adj_Close,2018-05-04,1580.949951
AMZN_Adj_Close,2018-05-07,1600.140015
AMZN_Adj_Close,2018-05-08,1592.390015
AMZN_Adj_Close,2018-05-09,1608
AMZN_Adj_Close,2018-05-10,1609.079956
AMZN_Adj_Close,2018-05-11,1602.910034
AMZN_Adj_Close,2018-05-14,1601.540039
AMZN_Adj_Close,2018-05-15,1576.119995
AMZN_Adj_Close,2018-05-16,1587.280029
AMZN_Adj_Close,2018-05-17,1581.76001
AMZN_Adj_Close,2018-05-18,1574.369995
AMZN_Adj_Close,2018-05-21,1585.459961
AMZN_Adj_Close,2018-05-22,1581.400024
AMZN_Adj_Close,2018-05-23,1601.859985
AMZN_Adj_Close,2018-05-24,1603.069946
AMZN_Adj_Close,2018-05-25,1610.150024
AMZN_Adj_Close,2018-05-29,1612.869995
AMZN_Adj_Close,2018-05-30,1624.890015
AMZN_Adj_Close,2018-05-31,1629.619995
AMZN_Adj_Close,2018-06-01,1641.540039
AMZN_Adj_Close,2018-06-04,1665.27002
AMZN_Adj_Close,2018-06-05,1696.349976
AMZN_Adj_Close,2018-06-06,1695.75
AMZN_Adj_Close,2018-06-07,1689.300049
AMZN_Adj_Close,2018-06-08,1683.98999
AMZN_Adj_Close,2018-06-11,1689.119995
AMZN_Adj_Close,2018-06-12,1698.75
AMZN_Adj_Close,2018-06-13,1704.859985
AMZN_Adj_Close,2018-06-14,1723.859985
AMZN_Adj_Close,2018-06-15,1715.969971
AMZN_Adj_Close,2018-06-18,1723.790039
AMZN_Adj_Close,2018-06-19,1734.780029
AMZN_Adj_Close,2018-06-20,1750.079956
AMZN_Adj_Close,2018-06-21,1730.219971
AMZN_Adj_Close,2018-06-22,1715.670044
AMZN_Adj_Close,2018-06-25,1663.150024
AMZN_Adj_Close,2018-06-26,1691.089966
AMZN_Adj_Close,2018-06-27,1660.51001
AMZN_Adj_Close,2018-06-28,1701.449951
AMZN_Adj_Close,2018-06-29,1699.800049
AMZN_Adj_Close,2018-07-02,1713.780029
AMZN_Adj_Close,2018-07-03,1693.959961
AMZN_Adj_Close,2018-07-05,1699.72998
AMZN_Adj_Close,2018-07-06,1710.630005
AMZN_Adj_Close,2018-07-09,1739.02002
AMZN_Adj_Close,2018-07-10,1743.069946
AMZN_Adj_Close,2018-07-11,1755
AMZN_Adj_Close,2018-07-12,1796.619995
AMZN_Adj_Close,2018-07-13,1813.030029
AMZN_Adj_Close,2018-07-16,1822.48999
AMZN_Adj_Close,2018-07-17,1843.930054
AMZN_Adj_Close,2018-07-18,1842.920044
AMZN_Adj_Close,2018-07-19,1812.969971
AMZN_Adj_Close,2018-07-20,1813.699951
AMZN_Adj_Close,2018-07-23,1802
AMZN_Adj_Close,2018-07-24,1829.23999
AMZN_Adj_Close,2018-07-25,1863.609985
AMZN_Adj_Close,2018-07-26,1808
AMZN_Adj_Close,2018-07-27,1817.27002
AMZN_Adj_Close,2018-07-30,1779.219971
AMZN_Adj_Close,2018-07-31,1777.439941
AMZN_Adj_Close,2018-08-01,1797.170044
AMZN_Adj_Close,2018-08-02,1834.329956
AMZN_Adj_Close,2018-08-03,1823.290039
AMZN_Adj_Close,2018-08-06,1847.75
AMZN_Adj_Close,2018-08-07,1862.47998
AMZN_Adj_Close,2018-08-08,1886.52002
AMZN_Adj_Close,2018-08-09,1898.52002
AMZN_Adj_Close,2018-08-10,1886.300049
AMZN_Adj_Close,2018-08-13,1896.199951
AMZN_Adj_Close,2018-08-14,1919.650024
AMZN_Adj_Close,2018-08-15,1882.619995
AMZN_Adj_Close,2018-08-16,1886.52002
AMZN_Adj_Close,2018-08-17,1882.219971
AMZN_Adj_Close,2018-08-20,1876.709961
AMZN_Adj_Close,2018-08-21,1883.420044
AMZN_Adj_Close,2018-08-22,1904.900024
AMZN_Adj_Close,2018-08-23,1902.900024
AMZN_Adj_Close,2018-08-24,1905.390015
AMZN_Adj_Close,2018-08-27,1927.680054
AMZN_Adj_Close,2018-08-28,1932.819946
AMZN_Adj_Close,2018-08-29,1998.099976
AMZN_Adj_Close,2018-08-30,2002.380005
AMZN_Adj_Close,2018-08-31,2012.709961
AMZN_Adj_Close,2018-09-04,2039.51001
AMZN_Adj_Close,2018-09-05,1994.819946
AMZN_Adj_Close,2018-09-06,1958.310059
AMZN_Adj_Close,2018-09-07,1952.069946
AMZN_Adj_Close,2018-09-10,1939.01001
AMZN_Adj_Close,2018-09-11,1987.150024
AMZN_Adj_Close,2018-09-12,1990
AMZN_Adj_Close,2018-09-13,1989.869995
AMZN_Adj_Close,2018-09-14,1970.189941
AMZN_Adj_Close,2018-09-17,1908.030029
AMZN_Adj_Close,2018-09-18,1941.050049
AMZN_Adj_Close,2018-09-19,1926.420044
AMZN_Adj_Close,2018-09-20,1944.300049
AMZN_Adj_Close,2018-09-21,1915.01001
AMZN_Adj_Close,2018-09-24,1934.359985
AMZN_Adj_Close,2018-09-25,1974.550049
AMZN_Adj_Close,2018-09-26,1974.849976
AMZN_Adj_Close,2018-09-27,2012.97998
AMZN_Adj_Close,2018-09-28,2003
AMZN_Adj_Close,2018-10-01,2004.359985
AMZN_Adj_Close,2018-10-02,1971.310059
AMZN_Adj_Close,2018-10-03,1952.76001
AMZN_Adj_Close,2018-10-04,1909.420044
AMZN_Adj_Close,2018-10-05,1889.650024
AMZN_Adj_Close,2018-10-08,1864.420044
AMZN_Adj_Close,2018-10-09,1870.319946
AMZN_Adj_Close,2018-10-10,1755.25
AMZN_Adj_Close,2018-10-11,1719.359985
AMZN_Adj_Close,2018-10-12,1788.609985
AMZN_Adj_Close,2018-10-15,1760.949951
AMZN_Adj_Close,2018-10-16,1819.959961
AMZN_Adj_Close,2018-10-17,1831.72998
AMZN_Adj_Close,2018-10-18,1770.719971
AMZN_Adj_Close,2018-10-19,1764.030029
AMZN_Adj_Close,2018-10-22,1789.300049
AMZN_Adj_Close,2018-10-23,1768.699951
AMZN_Adj_Close,2018-10-24,1664.199951
AMZN_Adj_Close,2018-10-25,1782.170044
AMZN_Adj_Close,2018-10-26,1642.810059
AMZN_Adj_Close,2018-10-29,1538.880005
AMZN_Adj_Close,2018-10-30,1530.420044
AMZN_Adj_Close,2018-10-31,1598.01001
AMZN_Adj_Close,2018-11-01,1665.530029
AMZN_Adj_Close,2018-11-02,1665.530029
AMZN_Adj_Close,2018-11-05,1627.800049
AMZN_Adj_Close,2018-11-06,1642.810059
AMZN_Adj_Close,2018-11-07,1755.48999
AMZN_Adj_Close,2018-11-08,1754.910034
AMZN_Adj_Close,2018-11-09,1712.430054
AMZN_Adj_Close,2018-11-12,1636.849976
AMZN_Adj_Close,2018-11-13,1631.170044
AMZN_Adj_Close,2018-11-14,1599.01001
AMZN_Adj_Close,2018-11-15,1619.439941
AMZN_Adj_Close,2018-11-16,1593.410034
AMZN_Adj_Close,2018-11-19,1512.290039
AMZN_Adj_Close,2018-11-20,1495.459961
AMZN_Adj_Close,2018-11-21,1516.72998
AMZN_Adj_Close,2018-11-23,1502.060059
AMZN_Adj_Close,2018-11-26,1581.329956
AMZN_Adj_Close,2018-11-27,1581.420044
AMZN_Adj_Close,2018-11-28,1677.75
AMZN_Adj_Close,2018-11-29,1673.569946
AMZN_Adj_Close,2018-11-30,1690.170044
AMZN_Adj_Close,2018-12-03,1772.359985
AMZN_Adj_Close,2018-12-04,1668.400024
AMZN_Adj_Close,2018-12-06,1699.189941
AMZN_Adj_Close,2018-12-07,1629.130005
AMZN_Adj_Close,2018-12-10,1641.030029
AMZN_Adj_Close,2018-12-11,1643.23999
AMZN_Adj_Close,2018-12-12,1663.540039
AMZN_Adj_Close,2018-12-13,1658.380005
AMZN_Adj_Close,2018-12-14,1591.910034
AMZN_Adj_Close,2018-12-17,1520.910034
AMZN_Adj_Close,2018-12-18,1551.47998
AMZN_Adj_Close,2018-12-19,1495.079956
AMZN_Adj_Close,2018-12-20,1460.829956
AMZN_Adj_Close,2018-12-21,1377.449951
AMZN_Adj_Close,2018-12-24,1343.959961
AMZN_Adj_Close,2018-12-26,1470.900024
AMZN_Adj_Close,2018-12-27,1461.640015
AMZN_Adj_Close,2018-12-28,1478.02002
AMZN_Adj_Close,2018-12-31,1501.969971
FB_Adj_Close,2014-01-02,54.709999
FB_Adj_Close,2014-01-03,54.560001
FB_Adj_Close,2014-01-06,57.200001
FB_Adj_Close,2014-01-07,57.919998
FB_Adj_Close,2014-01-08,58.23
FB_Adj_Close,2014-01-09,57.220001
FB_Adj_Close,2014-01-10,57.939999
FB_Adj_Close,2014-01-13,55.91
FB_Adj_Close,2014-01-14,57.740002
FB_Adj_Close,2014-01-15,57.599998
FB_Adj_Close,2014-01-16,57.189999
FB_Adj_Close,2014-01-17,56.299999
FB_Adj_Close,2014-01-21,58.509998
FB_Adj_Close,2014-01-22,57.509998
FB_Adj_Close,2014-01-23,56.630001
FB_Adj_Close,2014-01-24,54.450001
FB_Adj_Close,2014-01-27,53.549999
FB_Adj_Close,2014-01-28,55.139999
FB_Adj_Close,2014-01-29,53.529999
FB_Adj_Close,2014-01-30,61.080002
FB_Adj_Close,2014-01-31,62.57
FB_Adj_Close,2014-02-03,61.48
FB_Adj_Close,2014-02-04,62.75
FB_Adj_Close,2014-02-05,62.189999
FB_Adj_Close,2014-02-06,62.16
FB_Adj_Close,2014-02-07,64.32
FB_Adj_Close,2014-02-10,63.549999
FB_Adj_Close,2014-02-11,64.849998
FB_Adj_Close,2014-02-12,64.449997
FB_Adj_Close,2014-02-13,67.330002
FB_Adj_Close,2014-02-14,67.089996
FB_Adj_Close,2014-02-18,67.300003
FB_Adj_Close,2014-02-19,68.059998
FB_Adj_Close,2014-02-20,69.629997
FB_Adj_Close,2014-02-21,68.589996
FB_Adj_Close,2014-02-24,70.779999
FB_Adj_Close,2014-02-25,69.849998
FB_Adj_Close,2014-02-26,69.260002
FB_Adj_Close,2014-02-27,68.940002
FB_Adj_Close,2014-02-28,68.459999
FB_Adj_Close,2014-03-03,67.410004
FB_Adj_Close,2014-03-04,68.800003
FB_Adj_Close,2014-03-05,71.57
FB_Adj_Close,2014-03-06,70.839996
FB_Adj_Close,2014-03-07,69.800003
FB_Adj_Close,2014-03-10,72.029999
FB_Adj_Close,2014-03-11,70.099998
FB_Adj_Close,2014-03-12,70.879997
FB_Adj_Close,2014-03-13,68.830002
FB_Adj_Close,2014-03-14,67.720001
FB_Adj_Close,2014-03-17,68.739998
FB_Adj_Close,2014-03-18,69.190002
FB_Adj_Close,2014-03-19,68.239998
FB_Adj_Close,2014-03-20,66.970001
FB_Adj_Close,2014-03-21,67.239998
FB_Adj_Close,2014-03-24,64.099998
FB_Adj_Close,2014-03-25,64.889999
FB_Adj_Close,2014-03-26,60.389999
FB_Adj_Close,2014-03-27,60.970001
FB_Adj_Close,2014-03-28,60.009998
FB_Adj_Close,2014-03-31,60.240002
FB_Adj_Close,2014-04-01,62.619999
FB_Adj_Close,2014-04-02,62.720001
FB_Adj_Close,2014-04-03,59.490002
FB_Adj_Close,2014-04-04,56.75
FB_Adj_Close,2014-04-07,56.950001
FB_Adj_Close,2014-04-08,58.189999
FB_Adj_Close,2014-04-09,62.41
FB_Adj_Close,2014-04-10,59.16
FB_Adj_Close,2014-04-11,58.529999
FB_Adj_Close,2014-04-14,58.889999
FB_Adj_Close,2014-04-15,59.09
FB_Adj_Close,2014-04-16,59.720001
FB_Adj_Close,2014-04-17,58.939999
FB_Adj_Close,2014-04-21,61.240002
FB_Adj_Close,2014-04-22,63.029999
FB_Adj_Close,2014-04-23,61.360001
FB_Adj_Close,2014-04-24,60.869999
FB_Adj_Close,2014-04-25,57.709999
FB_Adj_Close,2014-04-28,56.139999
FB_Adj_Close,2014-04-29,58.150002
FB_Adj_Close,2014-04-30,59.779999
FB_Adj_Close,2014-05-01,61.150002
FB_Adj_Close,2014-05-02,60.459999
FB_Adj_Close,2014-05-05,61.220001
FB_Adj_Close,2014-05-06,58.529999
FB_Adj_Close,2014-05-07,57.389999
FB_Adj_Close,2014-05-08,56.759998
FB_Adj_Close,2014-05-09,57.240002
FB_Adj_Close,2014-05-12,59.830002
FB_Adj_Close,2014-05-13,59.830002
FB_Adj_Close,2014-05-14,59.23
FB_Adj_Close,2014-05-15,57.919998
FB_Adj_Close,2014-05-16,58.02
FB_Adj_Close,2014-05-19,59.209999
FB_Adj_Close,2014-05-20,58.560001
FB_Adj_Close,2014-05-21,60.490002
FB_Adj_Close,2014-05-22,60.52
FB_Adj_Close,2014-05-23,61.349998
FB_Adj_Close,2014-05-27,63.48
FB_Adj_Close,2014-05-28,63.509998
FB_Adj_Close,2014-05-29,63.830002
FB_Adj_Close,2014-05-30,63.299999
FB_Adj_Close,2014-06-02,63.080002
FB_Adj_Close,2014-06-03,62.869999
FB_Adj_Close,2014-06-04,63.34
FB_Adj_Close,2014-06-05,63.189999
FB_Adj_Close,2014-06-06,62.5
FB_Adj_Close,2014-06-09,62.880001
FB_Adj_Close,2014-06-10,65.769997
FB_Adj_Close,2014-06-11,65.779999
FB_Adj_Close,2014-06-12,64.290001
FB_Adj_Close,2014-06-13,64.5
FB_Adj_Close,2014-06-16,64.190002
FB_Adj_Close,2014-06-17,64.400002
FB_Adj_Close,2014-06-18,65.599998
FB_Adj_Close,2014-06-19,64.339996
FB_Adj_Close,2014-06-20,64.5
FB_Adj_Close,2014-06-23,65.370003
FB_Adj_Close,2014-06-24,65.720001
FB_Adj_Close,2014-06-25,67.440002
FB_Adj_Close,2014-06-26,67.129997
FB_Adj_Close,2014-06-27,67.599998
FB_Adj_Close,2014-06-30,67.290001
FB_Adj_Close,2014-07-01,68.059998
FB_Adj_Close,2014-07-02,66.449997
FB_Adj_Close,2014-07-03,66.290001
FB_Adj_Close,2014-07-07,65.290001
FB_Adj_Close,2014-07-08,62.759998
FB_Adj_Close,2014-07-09,64.970001
FB_Adj_Close,2014-07-10,64.870003
FB_Adj_Close,2014-07-11,66.339996
FB_Adj_Close,2014-07-14,67.900002
FB_Adj_Close,2014-07-15,67.169998
FB_Adj_Close,2014-07-16,67.660004
FB_Adj_Close,2014-07-17,66.410004
FB_Adj_Close,2014-07-18,68.419998
FB_Adj_Close,2014-07-21,69.400002
FB_Adj_Close,2014-07-22,69.269997
FB_Adj_Close,2014-07-23,71.290001
FB_Adj_Close,2014-07-24,74.980003
FB_Adj_Close,2014-07-25,75.190002
FB_Adj_Close,2014-07-28,74.919998
FB_Adj_Close,2014-07-29,73.709999
FB_Adj_Close,2014-07-30,74.68
FB_Adj_Close,2014-07-31,72.650002
FB_Adj_Close,2014-08-01,72.360001
FB_Adj_Close,2014-08-04,73.510002
FB_Adj_Close,2014-08-05,72.690002
FB_Adj_Close,2014-08-06,72.470001
FB_Adj_Close,2014-08-07,73.169998
FB_Adj_Close,2014-08-08,73.059998
FB_Adj_Close,2014-08-11,73.440002
FB_Adj_Close,2014-08-12,72.830002
FB_Adj_Close,2014-08-13,73.769997
FB_Adj_Close,2014-08-14,74.300003
FB_Adj_Close,2014-08-15,73.629997
FB_Adj_Close,2014-08-18,74.589996
FB_Adj_Close,2014-08-19,75.290001
FB_Adj_Close,2014-08-20,74.809998
FB_Adj_Close,2014-08-21,74.57
FB_Adj_Close,2014-08-22,74.57
FB_Adj_Close,2014-08-25,75.019997
FB_Adj_Close,2014-08-26,75.959999
FB_Adj_Close,2014-08-27,74.629997
FB_Adj_Close,2014-08-28,73.860001
FB_Adj_Close,2014-08-29,74.82
FB_Adj_Close,2014-09-02,76.68
FB_Adj_Close,2014-09-03,75.830002
FB_Adj_Close,2014-09-04,75.949997
FB_Adj_Close,2014-09-05,77.260002
FB_Adj_Close,2014-09-08,77.889999
FB_Adj_Close,2014-09-09,76.669998
FB_Adj_Close,2014-09-10,77.43
FB_Adj_Close,2014-09-11,77.919998
FB_Adj_Close,2014-09-12,77.480003
FB_Adj_Close,2014-09-15,74.580002
FB_Adj_Close,2014-09-16,76.080002
FB_Adj_Close,2014-09-17,76.43
FB_Adj_Close,2014-09-18,77
FB_Adj_Close,2014-09-19,77.910004
FB_Adj_Close,2014-09-22,76.800003
FB_Adj_Close,2014-09-23,78.290001
FB_Adj_Close,2014-09-24,78.540001
FB_Adj_Close,2014-09-25,77.220001
FB_Adj_Close,2014-09-26,78.790001
FB_Adj_Close,2014-09-29,79
FB_Adj_Close,2014-09-30,79.040001
FB_Adj_Close,2014-10-01,76.550003
FB_Adj_Close,2014-10-02,77.080002
FB_Adj_Close,2014-10-03,77.440002
FB_Adj_Close,2014-10-06,77.559998
FB_Adj_Close,2014-10-07,76.290001
FB_Adj_Close,2014-10-08,77.519997
FB_Adj_Close,2014-10-09,75.910004
FB_Adj_Close,2014-10-10,72.910004
FB_Adj_Close,2014-10-13,72.989998
FB_Adj_Close,2014-10-14,73.589996
FB_Adj_Close,2014-10-15,73.209999
FB_Adj_Close,2014-10-16,72.629997
FB_Adj_Close,2014-10-17,75.949997
FB_Adj_Close,2014-10-20,76.949997
FB_Adj_Close,2014-10-21,78.690002
FB_Adj_Close,2014-10-22,78.370003
FB_Adj_Close,2014-10-23,80.040001
FB_Adj_Close,2014-10-24,80.669998
FB_Adj_Close,2014-10-27,80.279999
FB_Adj_Close,2014-10-28,80.769997
FB_Adj_Close,2014-10-29,75.860001
FB_Adj_Close,2014-10-30,74.110001
FB_Adj_Close,2014-10-31,74.989998
FB_Adj_Close,2014-11-03,73.879997
FB_Adj_Close,2014-11-04,75.760002
FB_Adj_Close,2014-11-05,74.830002
FB_Adj_Close,2014-11-06,75.260002
FB_Adj_Close,2014-11-07,75.599998
FB_Adj_Close,2014-11-10,75
FB_Adj_Close,2014-11-11,74.610001
FB_Adj_Close,2014-11-12,74.720001
FB_Adj_Close,2014-11-13,74.25
FB_Adj_Close,2014-11-14,74.879997
FB_Adj_Close,2014-11-17,74.239998
FB_Adj_Close,2014-11-18,74.339996
FB_Adj_Close,2014-11-19,73.330002
FB_Adj_Close,2014-11-20,73.599998
FB_Adj_Close,2014-11-21,73.75
FB_Adj_Close,2014-11-24,74.010002
FB_Adj_Close,2014-11-25,75.629997
FB_Adj_Close,2014-11-26,77.620003
FB_Adj_Close,2014-11-28,77.699997
FB_Adj_Close,2014-12-01,75.099998
FB_Adj_Close,2014-12-02,75.459999
FB_Adj_Close,2014-12-03,74.879997
FB_Adj_Close,2014-12-04,75.239998
FB_Adj_Close,2014-12-05,76.360001
FB_Adj_Close,2014-12-08,76.519997
FB_Adj_Close,2014-12-09,76.839996
FB_Adj_Close,2014-12-10,76.18
FB_Adj_Close,2014-12-11,77.730003
FB_Adj_Close,2014-12-12,77.830002
FB_Adj_Close,2014-12-15,76.989998
FB_Adj_Close,2014-12-16,74.690002
FB_Adj_Close,2014-12-17,76.110001
FB_Adj_Close,2014-12-18,78.400002
FB_Adj_Close,2014-12-19,79.879997
FB_Adj_Close,2014-12-22,81.449997
FB_Adj_Close,2014-12-23,80.610001
FB_Adj_Close,2014-12-24,80.769997
FB_Adj_Close,2014-12-26,80.779999
FB_Adj_Close,2014-12-29,80.019997
FB_Adj_Close,2014-12-30,79.220001
FB_Adj_Close,2014-12-31,78.019997
FB_Adj_Close,2015-01-02,78.449997
FB_Adj_Close,2015-01-05,77.190002
FB_Adj_Close,2015-01-06,76.150002
FB_Adj_Close,2015-01-07,76.150002
FB_Adj_Close,2015-01-08,78.18
FB_Adj_Close,2015-01-09,77.739998
FB_Adj_Close,2015-01-12,76.720001
FB_Adj_Close,2015-01-13,76.449997
FB_Adj_Close,2015-01-14,76.279999
FB_Adj_Close,2015-01-15,74.050003
FB_Adj_Close,2015-01-16,75.18
FB_Adj_Close,2015-01-20,76.239998
FB_Adj_Close,2015-01-21,76.739998
FB_Adj_Close,2015-01-22,77.650002
FB_Adj_Close,2015-01-23,77.830002
FB_Adj_Close,2015-01-26,77.5
FB_Adj_Close,2015-01-27,75.779999
FB_Adj_Close,2015-01-28,76.239998
FB_Adj_Close,2015-01-29,78
FB_Adj_Close,2015-01-30,75.910004
FB_Adj_Close,2015-02-02,74.989998
FB_Adj_Close,2015-02-03,75.400002
FB_Adj_Close,2015-02-04,75.629997
FB_Adj_Close,2015-02-05,75.610001
FB_Adj_Close,2015-02-06,74.470001
FB_Adj_Close,2015-02-09,74.440002
FB_Adj_Close,2015-02-10,75.190002
FB_Adj_Close,2015-02-11,76.510002
FB_Adj_Close,2015-02-12,76.230003
FB_Adj_Close,2015-02-13,75.739998
FB_Adj_Close,2015-02-17,75.599998
FB_Adj_Close,2015-02-18,76.709999
FB_Adj_Close,2015-02-19,79.419998
FB_Adj_Close,2015-02-20,79.900002
FB_Adj_Close,2015-02-23,78.839996
FB_Adj_Close,2015-02-24,78.449997
FB_Adj_Close,2015-02-25,79.559998
FB_Adj_Close,2015-02-26,80.410004
FB_Adj_Close,2015-02-27,78.970001
FB_Adj_Close,2015-03-02,79.75
FB_Adj_Close,2015-03-03,79.599998
FB_Adj_Close,2015-03-04,80.900002
FB_Adj_Close,2015-03-05,81.209999
FB_Adj_Close,2015-03-06,80.010002
FB_Adj_Close,2015-03-09,79.440002
FB_Adj_Close,2015-03-10,77.550003
FB_Adj_Close,2015-03-11,77.57
FB_Adj_Close,2015-03-12,78.93
FB_Adj_Close,2015-03-13,78.050003
FB_Adj_Close,2015-03-16,78.07
FB_Adj_Close,2015-03-17,79.360001
FB_Adj_Close,2015-03-18,80.910004
FB_Adj_Close,2015-03-19,82.75
FB_Adj_Close,2015-03-20,83.800003
FB_Adj_Close,2015-03-23,84.43
FB_Adj_Close,2015-03-24,85.309998
FB_Adj_Close,2015-03-25,82.919998
FB_Adj_Close,2015-03-26,83.010002
FB_Adj_Close,2015-03-27,83.300003
FB_Adj_Close,2015-03-30,83.199997
FB_Adj_Close,2015-03-31,82.220001
FB_Adj_Close,2015-04-01,81.669998
FB_Adj_Close,2015-04-02,81.559998
FB_Adj_Close,2015-04-06,82.440002
FB_Adj_Close,2015-04-07,82.32
FB_Adj_Close,2015-04-08,82.279999
FB_Adj_Close,2015-04-09,82.169998
FB_Adj_Close,2015-04-10,82.040001
FB_Adj_Close,2015-04-13,83.010002
FB_Adj_Close,2015-04-14,83.519997
FB_Adj_Close,2015-04-15,82.709999
FB_Adj_Close,2015-04-16,82.309998
FB_Adj_Close,2015-04-17,80.779999
FB_Adj_Close,2015-04-20,83.089996
FB_Adj_Close,2015-04-21,83.620003
FB_Adj_Close,2015-04-22,84.629997
FB_Adj_Close,2015-04-23,82.410004
FB_Adj_Close,2015-04-24,81.529999
FB_Adj_Close,2015-04-27,81.910004
FB_Adj_Close,2015-04-28,80.68
FB_Adj_Close,2015-04-29,80.470001
FB_Adj_Close,2015-04-30,78.769997
FB_Adj_Close,2015-05-01,78.989998
FB_Adj_Close,2015-05-04,78.809998
FB_Adj_Close,2015-05-05,77.559998
FB_Adj_Close,2015-05-06,78.099998
FB_Adj_Close,2015-05-07,78.43
FB_Adj_Close,2015-05-08,78.510002
FB_Adj_Close,2015-05-11,78.010002
FB_Adj_Close,2015-05-12,77.459999
FB_Adj_Close,2015-05-13,78.440002
FB_Adj_Close,2015-05-14,81.370003
FB_Adj_Close,2015-05-15,80.419998
FB_Adj_Close,2015-05-18,80.879997
FB_Adj_Close,2015-05-19,80.629997
FB_Adj_Close,2015-05-20,80.550003
FB_Adj_Close,2015-05-21,80.480003
FB_Adj_Close,2015-05-22,80.540001
FB_Adj_Close,2015-05-26,79.330002
FB_Adj_Close,2015-05-27,80.550003
FB_Adj_Close,2015-05-28,80.150002
FB_Adj_Close,2015-05-29,79.190002
FB_Adj_Close,2015-06-01,80.290001
FB_Adj_Close,2015-06-02,80.440002
FB_Adj_Close,2015-06-03,82.440002
FB_Adj_Close,2015-06-04,82.050003
FB_Adj_Close,2015-06-05,82.139999
FB_Adj_Close,2015-06-08,80.669998
FB_Adj_Close,2015-06-09,80.669998
FB_Adj_Close,2015-06-10,82.160004
FB_Adj_Close,2015-06-11,81.830002
FB_Adj_Close,2015-06-12,81.529999
FB_Adj_Close,2015-06-15,80.709999
FB_Adj_Close,2015-06-16,81.059998
FB_Adj_Close,2015-06-17,81.790001
FB_Adj_Close,2015-06-18,82.910004
FB_Adj_Close,2015-06-19,82.510002
FB_Adj_Close,2015-06-22,84.739998
FB_Adj_Close,2015-06-23,87.879997
FB_Adj_Close,2015-06-24,88.860001
FB_Adj_Close,2015-06-25,87.980003
FB_Adj_Close,2015-06-26,88.010002
FB_Adj_Close,2015-06-29,85.800003
FB_Adj_Close,2015-06-30,85.769997
FB_Adj_Close,2015-07-01,86.910004
FB_Adj_Close,2015-07-02,87.290001
FB_Adj_Close,2015-07-06,87.550003
FB_Adj_Close,2015-07-07,87.220001
FB_Adj_Close,2015-07-08,85.650002
FB_Adj_Close,2015-07-09,85.879997
FB_Adj_Close,2015-07-10,87.949997
FB_Adj_Close,2015-07-13,90.099998
FB_Adj_Close,2015-07-14,89.68
FB_Adj_Close,2015-07-15,89.760002
FB_Adj_Close,2015-07-16,90.849998
FB_Adj_Close,2015-07-17,94.970001
FB_Adj_Close,2015-07-20,97.910004
FB_Adj_Close,2015-07-21,98.389999
FB_Adj_Close,2015-07-22,97.040001
FB_Adj_Close,2015-07-23,95.440002
FB_Adj_Close,2015-07-24,96.949997
FB_Adj_Close,2015-07-27,94.169998
FB_Adj_Close,2015-07-28,95.290001
FB_Adj_Close,2015-07-29,96.989998
FB_Adj_Close,2015-07-30,95.209999
FB_Adj_Close,2015-07-31,94.010002
FB_Adj_Close,2015-08-03,94.139999
FB_Adj_Close,2015-08-04,94.059998
FB_Adj_Close,2015-08-05,96.440002
FB_Adj_Close,2015-08-06,95.120003
FB_Adj_Close,2015-08-07,94.300003
FB_Adj_Close,2015-08-10,94.150002
FB_Adj_Close,2015-08-11,93.620003
FB_Adj_Close,2015-08-12,94.190002
FB_Adj_Close,2015-08-13,93.43
FB_Adj_Close,2015-08-14,94.419998
FB_Adj_Close,2015-08-17,93.93
FB_Adj_Close,2015-08-18,95.169998
FB_Adj_Close,2015-08-19,95.309998
FB_Adj_Close,2015-08-20,90.559998
FB_Adj_Close,2015-08-21,86.059998
FB_Adj_Close,2015-08-24,82.089996
FB_Adj_Close,2015-08-25,83
FB_Adj_Close,2015-08-26,87.190002
FB_Adj_Close,2015-08-27,89.730003
FB_Adj_Close,2015-08-28,91.010002
FB_Adj_Close,2015-08-31,89.43
FB_Adj_Close,2015-09-01,87.230003
FB_Adj_Close,2015-09-02,89.889999
FB_Adj_Close,2015-09-03,88.150002
FB_Adj_Close,2015-09-04,88.260002
FB_Adj_Close,2015-09-08,89.529999
FB_Adj_Close,2015-09-09,90.440002
FB_Adj_Close,2015-09-10,91.980003
FB_Adj_Close,2015-09-11,92.050003
FB_Adj_Close,2015-09-14,92.309998
FB_Adj_Close,2015-09-15,92.900002
FB_Adj_Close,2015-09-16,93.449997
FB_Adj_Close,2015-09-17,94.339996
FB_Adj_Close,2015-09-18,94.400002
FB_Adj_Close,2015-09-21,95.550003
FB_Adj_Close,2015-09-22,92.959999
FB_Adj_Close,2015-09-23,93.970001
FB_Adj_Close,2015-09-24,94.410004
FB_Adj_Close,2015-09-25,92.769997
FB_Adj_Close,2015-09-28,89.209999
FB_Adj_Close,2015-09-29,86.669998
FB_Adj_Close,2015-09-30,89.900002
FB_Adj_Close,2015-10-01,90.949997
FB_Adj_Close,2015-10-02,92.07
FB_Adj_Close,2015-10-05,94.010002
FB_Adj_Close,2015-10-06,92.800003
FB_Adj_Close,2015-10-07,92.400002
FB_Adj_Close,2015-10-08,92.470001
FB_Adj_Close,2015-10-09,93.239998
FB_Adj_Close,2015-10-12,94.260002
FB_Adj_Close,2015-10-13,94.120003
FB_Adj_Close,2015-10-14,94.07
FB_Adj_Close,2015-10-15,95.959999
FB_Adj_Close,2015-10-16,97.540001
FB_Adj_Close,2015-10-19,98.470001
FB_Adj_Close,2015-10-20,97
FB_Adj_Close,2015-10-21,97.110001
FB_Adj_Close,2015-10-22,99.669998
FB_Adj_Close,2015-10-23,102.190002
FB_Adj_Close,2015-10-26,103.769997
FB_Adj_Close,2015-10-27,103.699997
FB_Adj_Close,2015-10-28,104.199997
FB_Adj_Close,2015-10-29,104.879997
FB_Adj_Close,2015-10-30,101.970001
FB_Adj_Close,2015-11-02,103.309998
FB_Adj_Close,2015-11-03,102.580002
FB_Adj_Close,2015-11-04,103.940002
FB_Adj_Close,2015-11-05,108.760002
FB_Adj_Close,2015-11-06,107.099998
FB_Adj_Close,2015-11-09,106.489998
FB_Adj_Close,2015-11-10,107.910004
FB_Adj_Close,2015-11-11,109.010002
FB_Adj_Close,2015-11-12,108.019997
FB_Adj_Close,2015-11-13,103.949997
FB_Adj_Close,2015-11-16,104.040001
FB_Adj_Close,2015-11-17,105.129997
FB_Adj_Close,2015-11-18,107.769997
FB_Adj_Close,2015-11-19,106.260002
FB_Adj_Close,2015-11-20,107.32
FB_Adj_Close,2015-11-23,106.949997
FB_Adj_Close,2015-11-24,105.739998
FB_Adj_Close,2015-11-25,105.410004
FB_Adj_Close,2015-11-27,105.449997
FB_Adj_Close,2015-11-30,104.239998
FB_Adj_Close,2015-12-01,107.120003
FB_Adj_Close,2015-12-02,106.07
FB_Adj_Close,2015-12-03,104.379997
FB_Adj_Close,2015-12-04,106.18
FB_Adj_Close,2015-12-07,105.610001
FB_Adj_Close,2015-12-08,106.489998
FB_Adj_Close,2015-12-09,104.599998
FB_Adj_Close,2015-12-10,105.419998
FB_Adj_Close,2015-12-11,102.120003
FB_Adj_Close,2015-12-14,104.660004
FB_Adj_Close,2015-12-15,104.550003
FB_Adj_Close,2015-12-16,106.790001
FB_Adj_Close,2015-12-17,106.220001
FB_Adj_Close,2015-12-18,104.040001
FB_Adj_Close,2015-12-21,104.769997
FB_Adj_Close,2015-12-22,105.510002
FB_Adj_Close,2015-12-23,104.629997
FB_Adj_Close,2015-12-24,105.019997
FB_Adj_Close,2015-12-28,105.93
FB_Adj_Close,2015-12-29,107.260002
FB_Adj_Close,2015-12-30,106.220001
FB_Adj_Close,2015-12-31,104.660004
FB_Adj_Close,2016-01-04,102.220001
FB_Adj_Close,2016-01-05,102.730003
FB_Adj_Close,2016-01-06,102.970001
FB_Adj_Close,2016-01-07,97.919998
FB_Adj_Close,2016-01-08,97.330002
FB_Adj_Close,2016-01-11,97.510002
FB_Adj_Close,2016-01-12,99.370003
FB_Adj_Close,2016-01-13,95.440002
FB_Adj_Close,2016-01-14,98.370003
FB_Adj_Close,2016-01-15,94.970001
FB_Adj_Close,2016-01-19,95.260002
FB_Adj_Close,2016-01-20,94.349998
FB_Adj_Close,2016-01-21,94.160004
FB_Adj_Close,2016-01-22,97.940002
FB_Adj_Close,2016-01-25,97.010002
FB_Adj_Close,2016-01-26,97.339996
FB_Adj_Close,2016-01-27,94.449997
FB_Adj_Close,2016-01-28,109.110001
FB_Adj_Close,2016-01-29,112.209999
FB_Adj_Close,2016-02-01,115.089996
FB_Adj_Close,2016-02-02,114.610001
FB_Adj_Close,2016-02-03,112.690002
FB_Adj_Close,2016-02-04,110.489998
FB_Adj_Close,2016-02-05,104.07
FB_Adj_Close,2016-02-08,99.75
FB_Adj_Close,2016-02-09,99.540001
FB_Adj_Close,2016-02-10,101
FB_Adj_Close,2016-02-11,101.910004
FB_Adj_Close,2016-02-12,102.010002
FB_Adj_Close,2016-02-16,101.610001
FB_Adj_Close,2016-02-17,105.199997
FB_Adj_Close,2016-02-18,103.470001
FB_Adj_Close,2016-02-19,104.57
FB_Adj_Close,2016-02-22,107.160004
FB_Adj_Close,2016-02-23,105.459999
FB_Adj_Close,2016-02-24,106.879997
FB_Adj_Close,2016-02-25,108.07
FB_Adj_Close,2016-02-26,107.919998
FB_Adj_Close,2016-02-29,106.919998
FB_Adj_Close,2016-03-01,109.82
FB_Adj_Close,2016-03-02,109.949997
FB_Adj_Close,2016-03-03,109.580002
FB_Adj_Close,2016-03-04,108.389999
FB_Adj_Close,2016-03-07,105.730003
FB_Adj_Close,2016-03-08,105.93
FB_Adj_Close,2016-03-09,107.510002
FB_Adj_Close,2016-03-10,107.32
FB_Adj_Close,2016-03-11,109.410004
FB_Adj_Close,2016-03-14,109.889999
FB_Adj_Close,2016-03-15,110.669998
FB_Adj_Close,2016-03-16,112.18
FB_Adj_Close,2016-03-17,111.019997
FB_Adj_Close,2016-03-18,111.449997
FB_Adj_Close,2016-03-21,111.849998
FB_Adj_Close,2016-03-22,112.25
FB_Adj_Close,2016-03-23,112.540001
FB_Adj_Close,2016-03-24,113.050003
FB_Adj_Close,2016-03-28,113.690002
FB_Adj_Close,2016-03-29,116.139999
FB_Adj_Close,2016-03-30,114.699997
FB_Adj_Close,2016-03-31,114.099998
FB_Adj_Close,2016-04-01,116.059998
FB_Adj_Close,2016-04-04,112.550003
FB_Adj_Close,2016-04-05,112.220001
FB_Adj_Close,2016-04-06,113.709999
FB_Adj_Close,2016-04-07,113.639999
FB_Adj_Close,2016-04-08,110.629997
FB_Adj_Close,2016-04-11,108.989998
FB_Adj_Close,2016-04-12,110.610001
FB_Adj_Close,2016-04-13,110.510002
FB_Adj_Close,2016-04-14,110.839996
FB_Adj_Close,2016-04-15,109.639999
FB_Adj_Close,2016-04-18,110.449997
FB_Adj_Close,2016-04-19,112.290001
FB_Adj_Close,2016-04-20,112.419998
FB_Adj_Close,2016-04-21,113.440002
FB_Adj_Close,2016-04-22,110.559998
FB_Adj_Close,2016-04-25,110.099998
FB_Adj_Close,2016-04-26,108.760002
FB_Adj_Close,2016-04-27,108.889999
FB_Adj_Close,2016-04-28,116.730003
FB_Adj_Close,2016-04-29,117.580002
FB_Adj_Close,2016-05-02,118.57
FB_Adj_Close,2016-05-03,117.43
FB_Adj_Close,2016-05-04,118.059998
FB_Adj_Close,2016-05-05,117.809998
FB_Adj_Close,2016-05-06,119.489998
FB_Adj_Close,2016-05-09,119.239998
FB_Adj_Close,2016-05-10,120.5
FB_Adj_Close,2016-05-11,119.519997
FB_Adj_Close,2016-05-12,120.279999
FB_Adj_Close,2016-05-13,119.809998
FB_Adj_Close,2016-05-16,118.669998
FB_Adj_Close,2016-05-17,117.349998
FB_Adj_Close,2016-05-18,117.650002
FB_Adj_Close,2016-05-19,116.809998
FB_Adj_Close,2016-05-20,117.349998
FB_Adj_Close,2016-05-23,115.970001
FB_Adj_Close,2016-05-24,117.699997
FB_Adj_Close,2016-05-25,117.889999
FB_Adj_Close,2016-05-26,119.470001
FB_Adj_Close,2016-05-27,119.379997
FB_Adj_Close,2016-05-31,118.809998
FB_Adj_Close,2016-06-01,118.779999
FB_Adj_Close,2016-06-02,118.93
FB_Adj_Close,2016-06-03,118.470001
FB_Adj_Close,2016-06-06,118.790001
FB_Adj_Close,2016-06-07,117.760002
FB_Adj_Close,2016-06-08,118.389999
FB_Adj_Close,2016-06-09,118.559998
FB_Adj_Close,2016-06-10,116.620003
FB_Adj_Close,2016-06-13,113.949997
FB_Adj_Close,2016-06-14,114.940002
FB_Adj_Close,2016-06-15,114.599998
FB_Adj_Close,2016-06-16,114.389999
FB_Adj_Close,2016-06-17,113.019997
FB_Adj_Close,2016-06-20,113.370003
FB_Adj_Close,2016-06-21,114.379997
FB_Adj_Close,2016-06-22,113.910004
FB_Adj_Close,2016-06-23,115.080002
FB_Adj_Close,2016-06-24,112.080002
FB_Adj_Close,2016-06-27,108.970001
FB_Adj_Close,2016-06-28,112.699997
FB_Adj_Close,2016-06-29,114.160004
FB_Adj_Close,2016-06-30,114.279999
FB_Adj_Close,2016-07-01,114.190002
FB_Adj_Close,2016-07-05,114.199997
FB_Adj_Close,2016-07-06,116.699997
FB_Adj_Close,2016-07-07,115.849998
FB_Adj_Close,2016-07-08,117.239998
FB_Adj_Close,2016-07-11,117.870003
FB_Adj_Close,2016-07-12,117.93
FB_Adj_Close,2016-07-13,116.779999
FB_Adj_Close,2016-07-14,117.290001
FB_Adj_Close,2016-07-15,116.860001
FB_Adj_Close,2016-07-18,119.370003
FB_Adj_Close,2016-07-19,120.610001
FB_Adj_Close,2016-07-20,121.919998
FB_Adj_Close,2016-07-21,120.610001
FB_Adj_Close,2016-07-22,121
FB_Adj_Close,2016-07-25,121.629997
FB_Adj_Close,2016-07-26,121.220001
FB_Adj_Close,2016-07-27,123.339996
FB_Adj_Close,2016-07-28,125
FB_Adj_Close,2016-07-29,123.940002
FB_Adj_Close,2016-08-01,124.309998
FB_Adj_Close,2016-08-02,123.089996
FB_Adj_Close,2016-08-03,122.510002
FB_Adj_Close,2016-08-04,124.360001
FB_Adj_Close,2016-08-05,125.150002
FB_Adj_Close,2016-08-08,125.260002
FB_Adj_Close,2016-08-09,125.059998
FB_Adj_Close,2016-08-10,124.879997
FB_Adj_Close,2016-08-11,124.900002
FB_Adj_Close,2016-08-12,124.879997
FB_Adj_Close,2016-08-15,123.900002
FB_Adj_Close,2016-08-16,123.300003
FB_Adj_Close,2016-08-17,124.370003
FB_Adj_Close,2016-08-18,123.910004
FB_Adj_Close,2016-08-19,123.559998
FB_Adj_Close,2016-08-22,124.150002
FB_Adj_Close,2016-08-23,124.370003
FB_Adj_Close,2016-08-24,123.480003
FB_Adj_Close,2016-08-25,123.889999
FB_Adj_Close,2016-08-26,124.959999
FB_Adj_Close,2016-08-29,126.540001
FB_Adj_Close,2016-08-30,125.839996
FB_Adj_Close,2016-08-31,126.120003
FB_Adj_Close,2016-09-01,126.169998
FB_Adj_Close,2016-09-02,126.510002
FB_Adj_Close,2016-09-06,129.729996
FB_Adj_Close,2016-09-07,131.050003
FB_Adj_Close,2016-09-08,130.270004
FB_Adj_Close,2016-09-09,127.099998
FB_Adj_Close,2016-09-12,128.690002
FB_Adj_Close,2016-09-13,127.209999
FB_Adj_Close,2016-09-14,127.769997
FB_Adj_Close,2016-09-15,128.350006
FB_Adj_Close,2016-09-16,129.070007
FB_Adj_Close,2016-09-19,128.649994
FB_Adj_Close,2016-09-20,128.639999
FB_Adj_Close,2016-09-21,129.940002
FB_Adj_Close,2016-09-22,130.080002
FB_Adj_Close,2016-09-23,127.959999
FB_Adj_Close,2016-09-26,127.309998
FB_Adj_Close,2016-09-27,128.690002
FB_Adj_Close,2016-09-28,129.229996
FB_Adj_Close,2016-09-29,128.089996
FB_Adj_Close,2016-09-30,128.270004
FB_Adj_Close,2016-10-03,128.770004
FB_Adj_Close,2016-10-04,128.190002
FB_Adj_Close,2016-10-05,128.470001
FB_Adj_Close,2016-10-06,128.740005
FB_Adj_Close,2016-10-07,128.990005
FB_Adj_Close,2016-10-10,130.240005
FB_Adj_Close,2016-10-11,128.880005
FB_Adj_Close,2016-10-12,129.050003
FB_Adj_Close,2016-10-13,127.82
FB_Adj_Close,2016-10-14,127.879997
FB_Adj_Close,2016-10-17,127.540001
FB_Adj_Close,2016-10-18,128.570007
FB_Adj_Close,2016-10-19,130.110001
FB_Adj_Close,2016-10-20,130
FB_Adj_Close,2016-10-21,132.070007
FB_Adj_Close,2016-10-24,133.279999
FB_Adj_Close,2016-10-25,132.289993
FB_Adj_Close,2016-10-26,131.039993
FB_Adj_Close,2016-10-27,129.690002
FB_Adj_Close,2016-10-28,131.289993
FB_Adj_Close,2016-10-31,130.990005
FB_Adj_Close,2016-11-01,129.5
FB_Adj_Close,2016-11-02,127.169998
FB_Adj_Close,2016-11-03,120
FB_Adj_Close,2016-11-04,120.75
FB_Adj_Close,2016-11-07,122.150002
FB_Adj_Close,2016-11-08,124.220001
FB_Adj_Close,2016-11-09,123.18
FB_Adj_Close,2016-11-10,120.800003
FB_Adj_Close,2016-11-11,119.019997
FB_Adj_Close,2016-11-14,115.080002
FB_Adj_Close,2016-11-15,117.199997
FB_Adj_Close,2016-11-16,116.339996
FB_Adj_Close,2016-11-17,117.790001
FB_Adj_Close,2016-11-18,117.019997
FB_Adj_Close,2016-11-21,121.769997
FB_Adj_Close,2016-11-22,121.470001
FB_Adj_Close,2016-11-23,120.839996
FB_Adj_Close,2016-11-25,120.379997
FB_Adj_Close,2016-11-28,120.410004
FB_Adj_Close,2016-11-29,120.870003
FB_Adj_Close,2016-11-30,118.419998
FB_Adj_Close,2016-12-01,115.099998
FB_Adj_Close,2016-12-02,115.400002
FB_Adj_Close,2016-12-05,117.43
FB_Adj_Close,2016-12-06,117.309998
FB_Adj_Close,2016-12-07,117.949997
FB_Adj_Close,2016-12-08,118.910004
FB_Adj_Close,2016-12-09,119.68
FB_Adj_Close,2016-12-12,117.769997
FB_Adj_Close,2016-12-13,120.309998
FB_Adj_Close,2016-12-14,120.209999
FB_Adj_Close,2016-12-15,120.57
FB_Adj_Close,2016-12-16,119.870003
FB_Adj_Close,2016-12-19,119.239998
FB_Adj_Close,2016-12-20,119.089996
FB_Adj_Close,2016-12-21,119.040001
FB_Adj_Close,2016-12-22,117.400002
FB_Adj_Close,2016-12-23,117.269997
FB_Adj_Close,2016-12-27,118.010002
FB_Adj_Close,2016-12-28,116.919998
FB_Adj_Close,2016-12-29,116.349998
FB_Adj_Close,2016-12-30,115.050003
FB_Adj_Close,2017-01-03,116.860001
FB_Adj_Close,2017-01-04,118.690002
FB_Adj_Close,2017-01-05,120.669998
FB_Adj_Close,2017-01-06,123.410004
FB_Adj_Close,2017-01-09,124.900002
FB_Adj_Close,2017-01-10,124.349998
FB_Adj_Close,2017-01-11,126.089996
FB_Adj_Close,2017-01-12,126.620003
FB_Adj_Close,2017-01-13,128.339996
FB_Adj_Close,2017-01-17,127.870003
FB_Adj_Close,2017-01-18,127.919998
FB_Adj_Close,2017-01-19,127.550003
FB_Adj_Close,2017-01-20,127.040001
FB_Adj_Close,2017-01-23,128.929993
FB_Adj_Close,2017-01-24,129.369995
FB_Adj_Close,2017-01-25,131.479996
FB_Adj_Close,2017-01-26,132.779999
FB_Adj_Close,2017-01-27,132.179993
FB_Adj_Close,2017-01-30,130.979996
FB_Adj_Close,2017-01-31,130.320007
FB_Adj_Close,2017-02-01,133.229996
FB_Adj_Close,2017-02-02,130.839996
FB_Adj_Close,2017-02-03,130.979996
FB_Adj_Close,2017-02-06,132.059998
FB_Adj_Close,2017-02-07,131.839996
FB_Adj_Close,2017-02-08,134.199997
FB_Adj_Close,2017-02-09,134.139999
FB_Adj_Close,2017-02-10,134.190002
FB_Adj_Close,2017-02-13,134.050003
FB_Adj_Close,2017-02-14,133.850006
FB_Adj_Close,2017-02-15,133.440002
FB_Adj_Close,2017-02-16,133.839996
FB_Adj_Close,2017-02-17,133.529999
FB_Adj_Close,2017-02-21,133.720001
FB_Adj_Close,2017-02-22,136.119995
FB_Adj_Close,2017-02-23,135.360001
FB_Adj_Close,2017-02-24,135.440002
FB_Adj_Close,2017-02-27,136.410004
FB_Adj_Close,2017-02-28,135.539993
FB_Adj_Close,2017-03-01,137.419998
FB_Adj_Close,2017-03-02,136.759995
FB_Adj_Close,2017-03-03,137.169998
FB_Adj_Close,2017-03-06,137.419998
FB_Adj_Close,2017-03-07,137.300003
FB_Adj_Close,2017-03-08,137.720001
FB_Adj_Close,2017-03-09,138.240005
FB_Adj_Close,2017-03-10,138.789993
FB_Adj_Close,2017-03-13,139.600006
FB_Adj_Close,2017-03-14,139.320007
FB_Adj_Close,2017-03-15,139.720001
FB_Adj_Close,2017-03-16,139.990005
FB_Adj_Close,2017-03-17,139.839996
FB_Adj_Close,2017-03-20,139.940002
FB_Adj_Close,2017-03-21,138.509995
FB_Adj_Close,2017-03-22,139.589996
FB_Adj_Close,2017-03-23,139.529999
FB_Adj_Close,2017-03-24,140.339996
FB_Adj_Close,2017-03-27,140.320007
FB_Adj_Close,2017-03-28,141.759995
FB_Adj_Close,2017-03-29,142.649994
FB_Adj_Close,2017-03-30,142.410004
FB_Adj_Close,2017-03-31,142.050003
FB_Adj_Close,2017-04-03,142.279999
FB_Adj_Close,2017-04-04,141.729996
FB_Adj_Close,2017-04-05,141.850006
FB_Adj_Close,2017-04-06,141.169998
FB_Adj_Close,2017-04-07,140.779999
FB_Adj_Close,2017-04-10,141.039993
FB_Adj_Close,2017-04-11,139.919998
FB_Adj_Close,2017-04-12,139.580002
FB_Adj_Close,2017-04-13,139.389999
FB_Adj_Close,2017-04-17,141.419998
FB_Adj_Close,2017-04-18,140.960007
FB_Adj_Close,2017-04-19,142.270004
FB_Adj_Close,2017-04-20,143.800003
FB_Adj_Close,2017-04-21,143.679993
FB_Adj_Close,2017-04-24,145.470001
FB_Adj_Close,2017-04-25,146.490005
FB_Adj_Close,2017-04-26,146.559998
FB_Adj_Close,2017-04-27,147.699997
FB_Adj_Close,2017-04-28,150.25
FB_Adj_Close,2017-05-01,152.460007
FB_Adj_Close,2017-05-02,152.779999
FB_Adj_Close,2017-05-03,151.800003
FB_Adj_Close,2017-05-04,150.850006
FB_Adj_Close,2017-05-05,150.240005
FB_Adj_Close,2017-05-08,151.059998
FB_Adj_Close,2017-05-09,150.479996
FB_Adj_Close,2017-05-10,150.289993
FB_Adj_Close,2017-05-11,150.039993
FB_Adj_Close,2017-05-12,150.330002
FB_Adj_Close,2017-05-15,150.190002
FB_Adj_Close,2017-05-16,149.779999
FB_Adj_Close,2017-05-17,144.850006
FB_Adj_Close,2017-05-18,147.660004
FB_Adj_Close,2017-05-19,148.059998
FB_Adj_Close,2017-05-22,148.240005
FB_Adj_Close,2017-05-23,148.070007
FB_Adj_Close,2017-05-24,150.039993
FB_Adj_Close,2017-05-25,151.960007
FB_Adj_Close,2017-05-26,152.130005
FB_Adj_Close,2017-05-30,152.380005
FB_Adj_Close,2017-05-31,151.460007
FB_Adj_Close,2017-06-01,151.529999
FB_Adj_Close,2017-06-02,153.610001
FB_Adj_Close,2017-06-05,153.630005
FB_Adj_Close,2017-06-06,152.809998
FB_Adj_Close,2017-06-07,153.119995
FB_Adj_Close,2017-06-08,154.710007
FB_Adj_Close,2017-06-09,149.600006
FB_Adj_Close,2017-06-12,148.440002
FB_Adj_Close,2017-06-13,150.679993
FB_Adj_Close,2017-06-14,150.25
FB_Adj_Close,2017-06-15,149.800003
FB_Adj_Close,2017-06-16,150.639999
FB_Adj_Close,2017-06-19,152.869995
FB_Adj_Close,2017-06-20,152.25
FB_Adj_Close,2017-06-21,153.910004
FB_Adj_Close,2017-06-22,153.399994
FB_Adj_Close,2017-06-23,155.070007
FB_Adj_Close,2017-06-26,153.589996
FB_Adj_Close,2017-06-27,150.580002
FB_Adj_Close,2017-06-28,153.240005
FB_Adj_Close,2017-06-29,151.039993
FB_Adj_Close,2017-06-30,150.979996
FB_Adj_Close,2017-07-03,148.429993
FB_Adj_Close,2017-07-05,150.339996
FB_Adj_Close,2017-07-06,148.820007
FB_Adj_Close,2017-07-07,151.440002
FB_Adj_Close,2017-07-10,153.5
FB_Adj_Close,2017-07-11,155.270004
FB_Adj_Close,2017-07-12,158.899994
FB_Adj_Close,2017-07-13,159.259995
FB_Adj_Close,2017-07-14,159.970001
FB_Adj_Close,2017-07-17,159.729996
FB_Adj_Close,2017-07-18,162.860001
FB_Adj_Close,2017-07-19,164.139999
FB_Adj_Close,2017-07-20,164.529999
FB_Adj_Close,2017-07-21,164.429993
FB_Adj_Close,2017-07-24,166
FB_Adj_Close,2017-07-25,165.279999
FB_Adj_Close,2017-07-26,165.610001
FB_Adj_Close,2017-07-27,170.440002
FB_Adj_Close,2017-07-28,172.449997
FB_Adj_Close,2017-07-31,169.25
FB_Adj_Close,2017-08-01,169.860001
FB_Adj_Close,2017-08-02,169.300003
FB_Adj_Close,2017-08-03,168.589996
FB_Adj_Close,2017-08-04,169.619995
FB_Adj_Close,2017-08-07,171.979996
FB_Adj_Close,2017-08-08,171.229996
FB_Adj_Close,2017-08-09,171.179993
FB_Adj_Close,2017-08-10,167.399994
FB_Adj_Close,2017-08-11,168.080002
FB_Adj_Close,2017-08-14,170.75
FB_Adj_Close,2017-08-15,171
FB_Adj_Close,2017-08-16,170
FB_Adj_Close,2017-08-17,166.910004
FB_Adj_Close,2017-08-18,167.410004
FB_Adj_Close,2017-08-21,167.779999
FB_Adj_Close,2017-08-22,169.639999
FB_Adj_Close,2017-08-23,168.710007
FB_Adj_Close,2017-08-24,167.740005
FB_Adj_Close,2017-08-25,166.320007
FB_Adj_Close,2017-08-28,167.240005
FB_Adj_Close,2017-08-29,168.050003
FB_Adj_Close,2017-08-30,169.919998
FB_Adj_Close,2017-08-31,171.970001
FB_Adj_Close,2017-09-01,172.020004
FB_Adj_Close,2017-09-05,170.720001
FB_Adj_Close,2017-09-06,172.089996
FB_Adj_Close,2017-09-07,173.210007
FB_Adj_Close,2017-09-08,170.949997
FB_Adj_Close,2017-09-11,173.509995
FB_Adj_Close,2017-09-12,172.960007
FB_Adj_Close,2017-09-13,173.050003
FB_Adj_Close,2017-09-14,170.960007
FB_Adj_Close,2017-09-15,171.639999
FB_Adj_Close,2017-09-18,170.009995
FB_Adj_Close,2017-09-19,172.520004
FB_Adj_Close,2017-09-20,172.169998
FB_Adj_Close,2017-09-21,171.110001
FB_Adj_Close,2017-09-22,170.539993
FB_Adj_Close,2017-09-25,162.869995
FB_Adj_Close,2017-09-26,164.210007
FB_Adj_Close,2017-09-27,167.679993
FB_Adj_Close,2017-09-28,168.729996
FB_Adj_Close,2017-09-29,170.869995
FB_Adj_Close,2017-10-02,169.470001
FB_Adj_Close,2017-10-03,169.960007
FB_Adj_Close,2017-10-04,168.419998
FB_Adj_Close,2017-10-05,171.240005
FB_Adj_Close,2017-10-06,172.229996
FB_Adj_Close,2017-10-09,172.5
FB_Adj_Close,2017-10-10,171.589996
FB_Adj_Close,2017-10-11,172.740005
FB_Adj_Close,2017-10-12,172.550003
FB_Adj_Close,2017-10-13,173.740005
FB_Adj_Close,2017-10-16,174.520004
FB_Adj_Close,2017-10-17,176.110001
FB_Adj_Close,2017-10-18,176.029999
FB_Adj_Close,2017-10-19,174.559998
FB_Adj_Close,2017-10-20,174.979996
FB_Adj_Close,2017-10-23,171.270004
FB_Adj_Close,2017-10-24,171.800003
FB_Adj_Close,2017-10-25,170.600006
FB_Adj_Close,2017-10-26,170.630005
FB_Adj_Close,2017-10-27,177.880005
FB_Adj_Close,2017-10-30,179.869995
FB_Adj_Close,2017-10-31,180.059998
FB_Adj_Close,2017-11-01,182.660004
FB_Adj_Close,2017-11-02,178.919998
FB_Adj_Close,2017-11-03,178.919998
FB_Adj_Close,2017-11-06,180.169998
FB_Adj_Close,2017-11-07,180.25
FB_Adj_Close,2017-11-08,179.559998
FB_Adj_Close,2017-11-09,179.300003
FB_Adj_Close,2017-11-10,178.460007
FB_Adj_Close,2017-11-13,178.770004
FB_Adj_Close,2017-11-14,178.070007
FB_Adj_Close,2017-11-15,177.949997
FB_Adj_Close,2017-11-16,179.589996
FB_Adj_Close,2017-11-17,179
FB_Adj_Close,2017-11-20,178.740005
FB_Adj_Close,2017-11-21,181.860001
FB_Adj_Close,2017-11-22,180.869995
FB_Adj_Close,2017-11-24,182.779999
FB_Adj_Close,2017-11-27,183.029999
FB_Adj_Close,2017-11-28,182.419998
FB_Adj_Close,2017-11-29,175.130005
FB_Adj_Close,2017-11-30,177.179993
FB_Adj_Close,2017-12-01,175.100006
FB_Adj_Close,2017-12-04,171.470001
FB_Adj_Close,2017-12-05,172.830002
FB_Adj_Close,2017-12-06,176.059998
FB_Adj_Close,2017-12-07,180.139999
FB_Adj_Close,2017-12-08,179
FB_Adj_Close,2017-12-11,179.039993
FB_Adj_Close,2017-12-12,176.960007
FB_Adj_Close,2017-12-13,178.300003
FB_Adj_Close,2017-12-14,178.389999
FB_Adj_Close,2017-12-15,180.179993
FB_Adj_Close,2017-12-18,180.820007
FB_Adj_Close,2017-12-19,179.509995
FB_Adj_Close,2017-12-20,177.889999
FB_Adj_Close,2017-12-21,177.449997
FB_Adj_Close,2017-12-22,177.199997
FB_Adj_Close,2017-12-26,175.990005
FB_Adj_Close,2017-12-27,177.619995
FB_Adj_Close,2017-12-28,177.919998
FB_Adj_Close,2017-12-29,176.460007
FB_Adj_Close,2018-01-02,181.419998
FB_Adj_Close,2018-01-03,184.669998
FB_Adj_Close,2018-01-04,184.330002
FB_Adj_Close,2018-01-05,186.850006
FB_Adj_Close,2018-01-08,188.279999
FB_Adj_Close,2018-01-09,187.869995
FB_Adj_Close,2018-01-10,187.839996
FB_Adj_Close,2018-01-11,187.770004
FB_Adj_Close,2018-01-12,179.369995
FB_Adj_Close,2018-01-16,178.389999
FB_Adj_Close,2018-01-17,177.600006
FB_Adj_Close,2018-01-18,179.800003
FB_Adj_Close,2018-01-19,181.289993
FB_Adj_Close,2018-01-22,185.369995
FB_Adj_Close,2018-01-23,189.350006
FB_Adj_Close,2018-01-24,186.550003
FB_Adj_Close,2018-01-25,187.479996
FB_Adj_Close,2018-01-26,190
FB_Adj_Close,2018-01-29,185.979996
FB_Adj_Close,2018-01-30,187.119995
FB_Adj_Close,2018-01-31,186.889999
FB_Adj_Close,2018-02-01,193.089996
FB_Adj_Close,2018-02-02,190.279999
FB_Adj_Close,2018-02-05,181.259995
FB_Adj_Close,2018-02-06,185.309998
FB_Adj_Close,2018-02-07,180.179993
FB_Adj_Close,2018-02-08,171.580002
FB_Adj_Close,2018-02-09,176.110001
FB_Adj_Close,2018-02-12,176.410004
FB_Adj_Close,2018-02-13,173.149994
FB_Adj_Close,2018-02-14,179.520004
FB_Adj_Close,2018-02-15,179.960007
FB_Adj_Close,2018-02-16,177.360001
FB_Adj_Close,2018-02-20,176.009995
FB_Adj_Close,2018-02-21,177.910004
FB_Adj_Close,2018-02-22,178.990005
FB_Adj_Close,2018-02-23,183.289993
FB_Adj_Close,2018-02-26,184.929993
FB_Adj_Close,2018-02-27,181.460007
FB_Adj_Close,2018-02-28,178.320007
FB_Adj_Close,2018-03-01,175.940002
FB_Adj_Close,2018-03-02,176.619995
FB_Adj_Close,2018-03-05,180.399994
FB_Adj_Close,2018-03-06,179.779999
FB_Adj_Close,2018-03-07,183.710007
FB_Adj_Close,2018-03-08,182.339996
FB_Adj_Close,2018-03-09,185.229996
FB_Adj_Close,2018-03-12,184.759995
FB_Adj_Close,2018-03-13,181.880005
FB_Adj_Close,2018-03-14,184.190002
FB_Adj_Close,2018-03-15,183.860001
FB_Adj_Close,2018-03-16,185.089996
FB_Adj_Close,2018-03-19,172.559998
FB_Adj_Close,2018-03-20,168.149994
FB_Adj_Close,2018-03-21,169.389999
FB_Adj_Close,2018-03-22,164.889999
FB_Adj_Close,2018-03-23,159.389999
FB_Adj_Close,2018-03-26,160.059998
FB_Adj_Close,2018-03-27,152.220001
FB_Adj_Close,2018-03-28,153.029999
FB_Adj_Close,2018-03-29,159.789993
FB_Adj_Close,2018-04-02,155.389999
FB_Adj_Close,2018-04-03,156.110001
FB_Adj_Close,2018-04-04,155.100006
FB_Adj_Close,2018-04-05,159.339996
FB_Adj_Close,2018-04-06,157.199997
FB_Adj_Close,2018-04-09,157.929993
FB_Adj_Close,2018-04-10,165.039993
FB_Adj_Close,2018-04-11,166.320007
FB_Adj_Close,2018-04-12,163.869995
FB_Adj_Close,2018-04-13,164.520004
FB_Adj_Close,2018-04-16,164.830002
FB_Adj_Close,2018-04-17,168.660004
FB_Adj_Close,2018-04-18,166.360001
FB_Adj_Close,2018-04-19,168.100006
FB_Adj_Close,2018-04-20,166.279999
FB_Adj_Close,2018-04-23,165.839996
FB_Adj_Close,2018-04-24,159.690002
FB_Adj_Close,2018-04-25,159.690002
FB_Adj_Close,2018-04-26,174.160004
FB_Adj_Close,2018-04-27,173.589996
FB_Adj_Close,2018-04-30,172
FB_Adj_Close,2018-05-01,173.860001
FB_Adj_Close,2018-05-02,176.070007
FB_Adj_Close,2018-05-03,174.020004
FB_Adj_Close,2018-05-04,176.610001
FB_Adj_Close,2018-05-07,177.970001
FB_Adj_Close,2018-05-08,178.919998
FB_Adj_Close,2018-05-09,182.660004
FB_Adj_Close,2018-05-10,185.529999
FB_Adj_Close,2018-05-11,186.990005
FB_Adj_Close,2018-05-14,186.639999
FB_Adj_Close,2018-05-15,184.320007
FB_Adj_Close,2018-05-16,183.199997
FB_Adj_Close,2018-05-17,183.759995
FB_Adj_Close,2018-05-18,182.679993
FB_Adj_Close,2018-05-21,184.490005
FB_Adj_Close,2018-05-22,183.800003
FB_Adj_Close,2018-05-23,186.899994
FB_Adj_Close,2018-05-24,185.929993
FB_Adj_Close,2018-05-25,184.919998
FB_Adj_Close,2018-05-29,185.740005
FB_Adj_Close,2018-05-30,187.669998
FB_Adj_Close,2018-05-31,191.779999
FB_Adj_Close,2018-06-01,193.990005
FB_Adj_Close,2018-06-04,193.279999
FB_Adj_Close,2018-06-05,192.940002
FB_Adj_Close,2018-06-06,191.339996
FB_Adj_Close,2018-06-07,188.179993
FB_Adj_Close,2018-06-08,189.100006
FB_Adj_Close,2018-06-11,191.539993
FB_Adj_Close,2018-06-12,192.399994
FB_Adj_Close,2018-06-13,192.410004
FB_Adj_Close,2018-06-14,196.809998
FB_Adj_Close,2018-06-15,195.850006
FB_Adj_Close,2018-06-18,198.309998
FB_Adj_Close,2018-06-19,197.490005
FB_Adj_Close,2018-06-20,202
FB_Adj_Close,2018-06-21,201.5
FB_Adj_Close,2018-06-22,201.740005
FB_Adj_Close,2018-06-25,196.350006
FB_Adj_Close,2018-06-26,199
FB_Adj_Close,2018-06-27,195.839996
FB_Adj_Close,2018-06-28,196.229996
FB_Adj_Close,2018-06-29,194.320007
FB_Adj_Close,2018-07-02,197.360001
FB_Adj_Close,2018-07-03,192.729996
FB_Adj_Close,2018-07-05,198.449997
FB_Adj_Close,2018-07-06,203.229996
FB_Adj_Close,2018-07-09,204.740005
FB_Adj_Close,2018-07-10,203.539993
FB_Adj_Close,2018-07-11,202.539993
FB_Adj_Close,2018-07-12,206.919998
FB_Adj_Close,2018-07-13,207.320007
FB_Adj_Close,2018-07-16,207.229996
FB_Adj_Close,2018-07-17,209.990005
FB_Adj_Close,2018-07-18,209.360001
FB_Adj_Close,2018-07-19,208.089996
FB_Adj_Close,2018-07-20,209.940002
FB_Adj_Close,2018-07-23,210.910004
FB_Adj_Close,2018-07-24,214.669998
FB_Adj_Close,2018-07-25,217.5
FB_Adj_Close,2018-07-26,176.259995
FB_Adj_Close,2018-07-27,174.889999
FB_Adj_Close,2018-07-30,171.059998
FB_Adj_Close,2018-07-31,172.580002
FB_Adj_Close,2018-08-01,171.649994
FB_Adj_Close,2018-08-02,176.369995
FB_Adj_Close,2018-08-03,177.779999
FB_Adj_Close,2018-08-06,185.690002
FB_Adj_Close,2018-08-07,183.809998
FB_Adj_Close,2018-08-08,185.179993
FB_Adj_Close,2018-08-09,183.089996
FB_Adj_Close,2018-08-10,180.259995
FB_Adj_Close,2018-08-13,180.050003
FB_Adj_Close,2018-08-14,181.110001
FB_Adj_Close,2018-08-15,179.529999
FB_Adj_Close,2018-08-16,174.699997
FB_Adj_Close,2018-08-17,173.800003
FB_Adj_Close,2018-08-20,172.5
FB_Adj_Close,2018-08-21,172.619995
FB_Adj_Close,2018-08-22,173.639999
FB_Adj_Close,2018-08-23,172.899994
FB_Adj_Close,2018-08-24,174.649994
FB_Adj_Close,2018-08-27,177.460007
FB_Adj_Close,2018-08-28,176.259995
FB_Adj_Close,2018-08-29,175.899994
FB_Adj_Close,2018-08-30,177.639999
FB_Adj_Close,2018-08-31,175.729996
FB_Adj_Close,2018-09-04,171.160004
FB_Adj_Close,2018-09-05,167.179993
FB_Adj_Close,2018-09-06,162.529999
FB_Adj_Close,2018-09-07,163.039993
FB_Adj_Close,2018-09-10,164.179993
FB_Adj_Close,2018-09-11,165.940002
FB_Adj_Close,2018-09-12,162
FB_Adj_Close,2018-09-13,161.360001
FB_Adj_Close,2018-09-14,162.320007
FB_Adj_Close,2018-09-17,160.580002
FB_Adj_Close,2018-09-18,160.300003
FB_Adj_Close,2018-09-19,163.059998
FB_Adj_Close,2018-09-20,166.020004
FB_Adj_Close,2018-09-21,162.929993
FB_Adj_Close,2018-09-24,165.410004
FB_Adj_Close,2018-09-25,164.910004
FB_Adj_Close,2018-09-26,166.949997
FB_Adj_Close,2018-09-27,168.839996
FB_Adj_Close,2018-09-28,164.460007
FB_Adj_Close,2018-10-01,162.440002
FB_Adj_Close,2018-10-02,159.330002
FB_Adj_Close,2018-10-03,162.429993
FB_Adj_Close,2018-10-04,158.850006
FB_Adj_Close,2018-10-05,157.330002
FB_Adj_Close,2018-10-08,157.25
FB_Adj_Close,2018-10-09,157.899994
FB_Adj_Close,2018-10-10,151.380005
FB_Adj_Close,2018-10-11,153.350006
FB_Adj_Close,2018-10-12,153.740005
FB_Adj_Close,2018-10-15,153.520004
FB_Adj_Close,2018-10-16,158.779999
FB_Adj_Close,2018-10-17,159.419998
FB_Adj_Close,2018-10-18,154.919998
FB_Adj_Close,2018-10-19,154.050003
FB_Adj_Close,2018-10-22,154.779999
FB_Adj_Close,2018-10-23,154.389999
FB_Adj_Close,2018-10-24,146.039993
FB_Adj_Close,2018-10-25,150.949997
FB_Adj_Close,2018-10-26,145.369995
FB_Adj_Close,2018-10-29,142.089996
FB_Adj_Close,2018-10-30,146.220001
FB_Adj_Close,2018-10-31,151.789993
FB_Adj_Close,2018-11-01,151.75
FB_Adj_Close,2018-11-02,150.350006
FB_Adj_Close,2018-11-05,148.679993
FB_Adj_Close,2018-11-06,149.940002
FB_Adj_Close,2018-11-07,151.529999
FB_Adj_Close,2018-11-08,147.869995
FB_Adj_Close,2018-11-09,144.960007
FB_Adj_Close,2018-11-12,141.550003
FB_Adj_Close,2018-11-13,142.160004
FB_Adj_Close,2018-11-14,144.220001
FB_Adj_Close,2018-11-15,143.850006
FB_Adj_Close,2018-11-16,139.529999
FB_Adj_Close,2018-11-19,131.550003
FB_Adj_Close,2018-11-20,132.429993
FB_Adj_Close,2018-11-21,134.820007
FB_Adj_Close,2018-11-23,131.729996
FB_Adj_Close,2018-11-26,136.380005
FB_Adj_Close,2018-11-27,135
FB_Adj_Close,2018-11-28,136.759995
FB_Adj_Close,2018-11-29,138.679993
FB_Adj_Close,2018-11-30,140.610001
FB_Adj_Close,2018-12-03,141.089996
FB_Adj_Close,2018-12-04,137.929993
FB_Adj_Close,2018-12-06,139.630005
FB_Adj_Close,2018-12-07,137.419998
FB_Adj_Close,2018-12-10,141.850006
FB_Adj_Close,2018-12-11,142.080002
FB_Adj_Close,2018-12-12,144.5
FB_Adj_Close,2018-12-13,145.009995
FB_Adj_Close,2018-12-14,144.059998
FB_Adj_Close,2018-12-17,140.190002
FB_Adj_Close,2018-12-18,143.660004
FB_Adj_Close,2018-12-19,133.240005
FB_Adj_Close,2018-12-20,133.399994
FB_Adj_Close,2018-12-21,124.949997
FB_Adj_Close,2018-12-24,124.059998
FB_Adj_Close,2018-12-26,134.179993
FB_Adj_Close,2018-12-27,134.520004
FB_Adj_Close,2018-12-28,133.199997
FB_Adj_Close,2018-12-31,131.089996
GOOG_Adj_Close,2014-01-02,552.963501
GOOG_Adj_Close,2014-01-03,548.929749
GOOG_Adj_Close,2014-01-06,555.049927
GOOG_Adj_Close,2014-01-07,565.750366
GOOG_Adj_Close,2014-01-08,566.927673
GOOG_Adj_Close,2014-01-09,561.468201
GOOG_Adj_Close,2014-01-10,561.438354
GOOG_Adj_Close,2014-01-13,557.861633
GOOG_Adj_Close,2014-01-14,570.986267
GOOG_Adj_Close,2014-01-15,570.598816
GOOG_Adj_Close,2014-01-16,574.374268
GOOG_Adj_Close,2014-01-17,571.547607
GOOG_Adj_Close,2014-01-21,578.090088
GOOG_Adj_Close,2014-01-22,578.745789
GOOG_Adj_Close,2014-01-23,576.301697
GOOG_Adj_Close,2014-01-24,558.283875
GOOG_Adj_Close,2014-01-27,547.056946
GOOG_Adj_Close,2014-01-28,557.876526
GOOG_Adj_Close,2014-01-29,549.883545
GOOG_Adj_Close,2014-01-30,564.02655
GOOG_Adj_Close,2014-01-31,586.669312
GOOG_Adj_Close,2014-02-03,563.052856
GOOG_Adj_Close,2014-02-04,565.402588
GOOG_Adj_Close,2014-02-05,567.906311
GOOG_Adj_Close,2014-02-06,576.232178
GOOG_Adj_Close,2014-02-07,584.91571
GOOG_Adj_Close,2014-02-10,582.675232
GOOG_Adj_Close,2014-02-11,591.244507
GOOG_Adj_Close,2014-02-12,589.510803
GOOG_Adj_Close,2014-02-13,596.07312
GOOG_Adj_Close,2014-02-14,597.513733
GOOG_Adj_Close,2014-02-18,601.527649
GOOG_Adj_Close,2014-02-19,597.285217
GOOG_Adj_Close,2014-02-20,598.16449
GOOG_Adj_Close,2014-02-21,598.005554
GOOG_Adj_Close,2014-02-24,602.337402
GOOG_Adj_Close,2014-02-25,606.058167
GOOG_Adj_Close,2014-02-26,606.142639
GOOG_Adj_Close,2014-02-27,605.66571
GOOG_Adj_Close,2014-02-28,603.897217
GOOG_Adj_Close,2014-03-03,597.459106
GOOG_Adj_Close,2014-03-04,603.529602
GOOG_Adj_Close,2014-03-05,605.193787
GOOG_Adj_Close,2014-03-06,605.864441
GOOG_Adj_Close,2014-03-07,603.470032
GOOG_Adj_Close,2014-03-10,601.870422
GOOG_Adj_Close,2014-03-11,596.117798
GOOG_Adj_Close,2014-03-12,599.749207
GOOG_Adj_Close,2014-03-13,590.688171
GOOG_Adj_Close,2014-03-14,582.610657
GOOG_Adj_Close,2014-03-17,592.198303
GOOG_Adj_Close,2014-03-18,601.716431
GOOG_Adj_Close,2014-03-19,595.750244
GOOG_Adj_Close,2014-03-20,594.711975
GOOG_Adj_Close,2014-03-21,587.697571
GOOG_Adj_Close,2014-03-24,575.223694
GOOG_Adj_Close,2014-03-25,575.61615
GOOG_Adj_Close,2014-03-26,562.327576
GOOG_Adj_Close,2014-03-27,555.406067
GOOG_Adj_Close,2014-03-28,556.927734
GOOG_Adj_Close,2014-03-31,553.924255
GOOG_Adj_Close,2014-04-01,564.058533
GOOG_Adj_Close,2014-04-02,563.899353
GOOG_Adj_Close,2014-04-03,566.62439
GOOG_Adj_Close,2014-04-04,540.169861
GOOG_Adj_Close,2014-04-07,535.207153
GOOG_Adj_Close,2014-04-08,551.86554
GOOG_Adj_Close,2014-04-09,561.054993
GOOG_Adj_Close,2014-04-10,537.991821
GOOG_Adj_Close,2014-04-11,527.698425
GOOG_Adj_Close,2014-04-14,529.60791
GOOG_Adj_Close,2014-04-15,533.50647
GOOG_Adj_Close,2014-04-16,553.496582
GOOG_Adj_Close,2014-04-17,533.168335
GOOG_Adj_Close,2014-04-21,525.729248
GOOG_Adj_Close,2014-04-22,531.885437
GOOG_Adj_Close,2014-04-23,524.058472
GOOG_Adj_Close,2014-04-24,522.288208
GOOG_Adj_Close,2014-04-25,513.3573
GOOG_Adj_Close,2014-04-28,514.32196
GOOG_Adj_Close,2014-04-29,524.81427
GOOG_Adj_Close,2014-04-30,523.779968
GOOG_Adj_Close,2014-05-01,528.444336
GOOG_Adj_Close,2014-05-02,525.04303
GOOG_Adj_Close,2014-05-05,524.923706
GOOG_Adj_Close,2014-05-06,512.322998
GOOG_Adj_Close,2014-05-07,507.171295
GOOG_Adj_Close,2014-05-08,508.205627
GOOG_Adj_Close,2014-05-09,515.893311
GOOG_Adj_Close,2014-05-12,527.022156
GOOG_Adj_Close,2014-05-13,530.174805
GOOG_Adj_Close,2014-05-14,523.77002
GOOG_Adj_Close,2014-05-15,517.136536
GOOG_Adj_Close,2014-05-16,517.782959
GOOG_Adj_Close,2014-05-19,525.967957
GOOG_Adj_Close,2014-05-20,526.872986
GOOG_Adj_Close,2014-05-21,535.992798
GOOG_Adj_Close,2014-05-22,542.079346
GOOG_Adj_Close,2014-05-23,549.677551
GOOG_Adj_Close,2014-05-27,562.855103
GOOG_Adj_Close,2014-05-28,558.608459
GOOG_Adj_Close,2014-05-29,557.017212
GOOG_Adj_Close,2014-05-30,556.828247
GOOG_Adj_Close,2014-06-02,550.900879
GOOG_Adj_Close,2014-06-03,541.960022
GOOG_Adj_Close,2014-06-04,541.681519
GOOG_Adj_Close,2014-06-05,550.871033
GOOG_Adj_Close,2014-06-06,553.28772
GOOG_Adj_Close,2014-06-09,559.046082
GOOG_Adj_Close,2014-06-10,557.484619
GOOG_Adj_Close,2014-06-11,555.783997
GOOG_Adj_Close,2014-06-12,548.334961
GOOG_Adj_Close,2014-06-13,548.742737
GOOG_Adj_Close,2014-06-16,541.30365
GOOG_Adj_Close,2014-06-17,540.040588
GOOG_Adj_Close,2014-06-18,550.343933
GOOG_Adj_Close,2014-06-19,551.86554
GOOG_Adj_Close,2014-06-20,553.317566
GOOG_Adj_Close,2014-06-23,561.860596
GOOG_Adj_Close,2014-06-24,561.53241
GOOG_Adj_Close,2014-06-25,575.485657
GOOG_Adj_Close,2014-06-26,572.850159
GOOG_Adj_Close,2014-06-27,574.083374
GOOG_Adj_Close,2014-06-30,572.134094
GOOG_Adj_Close,2014-07-01,579.483704
GOOG_Adj_Close,2014-07-02,579.150513
GOOG_Adj_Close,2014-07-03,581.53241
GOOG_Adj_Close,2014-07-07,579.065979
GOOG_Adj_Close,2014-07-08,567.967041
GOOG_Adj_Close,2014-07-09,572.929749
GOOG_Adj_Close,2014-07-10,567.976929
GOOG_Adj_Close,2014-07-11,576.012756
GOOG_Adj_Close,2014-07-14,581.671631
GOOG_Adj_Close,2014-07-15,581.582153
GOOG_Adj_Close,2014-07-16,579.473755
GOOG_Adj_Close,2014-07-17,570.59259
GOOG_Adj_Close,2014-07-18,591.825806
GOOG_Adj_Close,2014-07-21,586.246521
GOOG_Adj_Close,2014-07-22,591.487671
GOOG_Adj_Close,2014-07-23,592.720886
GOOG_Adj_Close,2014-07-24,590.105286
GOOG_Adj_Close,2014-07-25,585.79895
GOOG_Adj_Close,2014-07-28,587.3703
GOOG_Adj_Close,2014-07-29,582.407593
GOOG_Adj_Close,2014-07-30,584.207703
GOOG_Adj_Close,2014-07-31,568.474243
GOOG_Adj_Close,2014-08-01,562.974487
GOOG_Adj_Close,2014-08-04,570.015747
GOOG_Adj_Close,2014-08-05,561.979919
GOOG_Adj_Close,2014-08-06,563.276794
GOOG_Adj_Close,2014-08-07,560.279297
GOOG_Adj_Close,2014-08-08,565.659729
GOOG_Adj_Close,2014-08-11,564.774536
GOOG_Adj_Close,2014-08-12,559.65271
GOOG_Adj_Close,2014-08-13,571.636841
GOOG_Adj_Close,2014-08-14,571.507568
GOOG_Adj_Close,2014-08-15,570.343933
GOOG_Adj_Close,2014-08-18,578.976501
GOOG_Adj_Close,2014-08-19,583.650757
GOOG_Adj_Close,2014-08-20,581.293762
GOOG_Adj_Close,2014-08-21,580.179871
GOOG_Adj_Close,2014-08-22,579.374268
GOOG_Adj_Close,2014-08-25,577.027222
GOOG_Adj_Close,2014-08-26,574.700012
GOOG_Adj_Close,2014-08-27,567.877502
GOOG_Adj_Close,2014-08-28,566.087341
GOOG_Adj_Close,2014-08-29,568.474243
GOOG_Adj_Close,2014-09-02,574.172913
GOOG_Adj_Close,2014-09-03,574.779541
GOOG_Adj_Close,2014-09-04,578.797485
GOOG_Adj_Close,2014-09-05,582.875061
GOOG_Adj_Close,2014-09-08,586.495117
GOOG_Adj_Close,2014-09-09,577.832764
GOOG_Adj_Close,2014-09-10,579.911316
GOOG_Adj_Close,2014-09-11,578.170898
GOOG_Adj_Close,2014-09-12,572.472229
GOOG_Adj_Close,2014-09-15,569.966003
GOOG_Adj_Close,2014-09-16,576.778564
GOOG_Adj_Close,2014-09-17,581.572205
GOOG_Adj_Close,2014-09-18,586.047607
GOOG_Adj_Close,2014-09-19,592.820374
GOOG_Adj_Close,2014-09-22,584.157959
GOOG_Adj_Close,2014-09-23,577.952087
GOOG_Adj_Close,2014-09-24,584.774597
GOOG_Adj_Close,2014-09-25,571.915283
GOOG_Adj_Close,2014-09-26,573.944153
GOOG_Adj_Close,2014-09-29,573.208191
GOOG_Adj_Close,2014-09-30,574.202698
GOOG_Adj_Close,2014-10-01,565.162415
GOOG_Adj_Close,2014-10-02,566.962524
GOOG_Adj_Close,2014-10-03,572.134094
GOOG_Adj_Close,2014-10-06,574.192749
GOOG_Adj_Close,2014-10-07,560.657227
GOOG_Adj_Close,2014-10-08,569.369324
GOOG_Adj_Close,2014-10-09,557.812866
GOOG_Adj_Close,2014-10-10,541.512451
GOOG_Adj_Close,2014-10-13,530.294128
GOOG_Adj_Close,2014-10-14,534.998291
GOOG_Adj_Close,2014-10-15,527.131531
GOOG_Adj_Close,2014-10-16,521.641724
GOOG_Adj_Close,2014-10-17,508.374695
GOOG_Adj_Close,2014-10-20,517.991821
GOOG_Adj_Close,2014-10-21,523.660645
GOOG_Adj_Close,2014-10-22,529.796875
GOOG_Adj_Close,2014-10-23,541.005249
GOOG_Adj_Close,2014-10-24,536.828247
GOOG_Adj_Close,2014-10-27,537.812805
GOOG_Adj_Close,2014-10-28,545.898376
GOOG_Adj_Close,2014-10-29,546.325989
GOOG_Adj_Close,2014-10-30,547.300659
GOOG_Adj_Close,2014-10-31,556.022705
GOOG_Adj_Close,2014-11-03,552.183777
GOOG_Adj_Close,2014-11-04,551.079895
GOOG_Adj_Close,2014-11-05,542.934631
GOOG_Adj_Close,2014-11-06,539.075867
GOOG_Adj_Close,2014-11-07,538.051514
GOOG_Adj_Close,2014-11-10,544.496094
GOOG_Adj_Close,2014-11-11,547.280762
GOOG_Adj_Close,2014-11-12,544.317078
GOOG_Adj_Close,2014-11-13,542.397583
GOOG_Adj_Close,2014-11-14,541.422974
GOOG_Adj_Close,2014-11-17,533.576111
GOOG_Adj_Close,2014-11-18,532.104187
GOOG_Adj_Close,2014-11-19,534.053467
GOOG_Adj_Close,2014-11-20,531.905273
GOOG_Adj_Close,2014-11-21,534.560669
GOOG_Adj_Close,2014-11-24,536.321045
GOOG_Adj_Close,2014-11-25,538.121094
GOOG_Adj_Close,2014-11-26,537.414978
GOOG_Adj_Close,2014-11-28,538.867004
GOOG_Adj_Close,2014-12-01,530.88092
GOOG_Adj_Close,2014-12-02,530.831177
GOOG_Adj_Close,2014-12-03,528.41449
GOOG_Adj_Close,2014-12-04,534.371765
GOOG_Adj_Close,2014-12-05,522.387634
GOOG_Adj_Close,2014-12-08,524.098206
GOOG_Adj_Close,2014-12-09,530.453308
GOOG_Adj_Close,2014-12-10,523.183228
GOOG_Adj_Close,2014-12-11,525.450806
GOOG_Adj_Close,2014-12-12,515.82373
GOOG_Adj_Close,2014-12-15,510.990295
GOOG_Adj_Close,2014-12-16,492.680969
GOOG_Adj_Close,2014-12-17,502.129028
GOOG_Adj_Close,2014-12-18,508.305054
GOOG_Adj_Close,2014-12-19,513.526367
GOOG_Adj_Close,2014-12-22,521.999756
GOOG_Adj_Close,2014-12-23,527.688477
GOOG_Adj_Close,2014-12-24,525.878418
GOOG_Adj_Close,2014-12-26,531.10968
GOOG_Adj_Close,2014-12-29,527.429932
GOOG_Adj_Close,2014-12-30,527.519409
GOOG_Adj_Close,2014-12-31,523.521423
GOOG_Adj_Close,2015-01-02,521.937744
GOOG_Adj_Close,2015-01-05,511.057617
GOOG_Adj_Close,2015-01-06,499.212799
GOOG_Adj_Close,2015-01-07,498.357513
GOOG_Adj_Close,2015-01-08,499.928864
GOOG_Adj_Close,2015-01-09,493.454498
GOOG_Adj_Close,2015-01-12,489.854309
GOOG_Adj_Close,2015-01-13,493.464447
GOOG_Adj_Close,2015-01-14,498.128784
GOOG_Adj_Close,2015-01-15,499.043732
GOOG_Adj_Close,2015-01-16,505.299316
GOOG_Adj_Close,2015-01-20,504.125763
GOOG_Adj_Close,2015-01-21,515.204773
GOOG_Adj_Close,2015-01-22,531.465332
GOOG_Adj_Close,2015-01-23,536.994873
GOOG_Adj_Close,2015-01-26,532.280823
GOOG_Adj_Close,2015-01-27,515.791565
GOOG_Adj_Close,2015-01-28,507.208801
GOOG_Adj_Close,2015-01-29,507.865204
GOOG_Adj_Close,2015-01-30,531.594604
GOOG_Adj_Close,2015-02-02,525.587646
GOOG_Adj_Close,2015-02-03,526.343506
GOOG_Adj_Close,2015-02-04,519.898987
GOOG_Adj_Close,2015-02-05,524.692566
GOOG_Adj_Close,2015-02-06,528.093872
GOOG_Adj_Close,2015-02-09,524.941223
GOOG_Adj_Close,2015-02-10,534.001343
GOOG_Adj_Close,2015-02-11,533.036682
GOOG_Adj_Close,2015-02-12,539.958557
GOOG_Adj_Close,2015-02-13,546.00531
GOOG_Adj_Close,2015-02-17,539.86908
GOOG_Adj_Close,2015-02-18,536.746277
GOOG_Adj_Close,2015-02-19,539.901306
GOOG_Adj_Close,2015-02-20,536.000366
GOOG_Adj_Close,2015-02-23,528.998901
GOOG_Adj_Close,2015-02-24,533.156006
GOOG_Adj_Close,2015-02-25,540.893433
GOOG_Adj_Close,2015-02-26,552.43988
GOOG_Adj_Close,2015-02-27,555.343933
GOOG_Adj_Close,2015-03-02,568.213074
GOOG_Adj_Close,2015-03-03,570.500488
GOOG_Adj_Close,2015-03-04,570.231995
GOOG_Adj_Close,2015-03-05,572.181274
GOOG_Adj_Close,2015-03-06,564.578125
GOOG_Adj_Close,2015-03-09,565.736694
GOOG_Adj_Close,2015-03-10,551.972473
GOOG_Adj_Close,2015-03-11,548.163452
GOOG_Adj_Close,2015-03-12,552.469727
GOOG_Adj_Close,2015-03-13,544.324585
GOOG_Adj_Close,2015-03-16,551.47522
GOOG_Adj_Close,2015-03-17,547.825317
GOOG_Adj_Close,2015-03-18,556.437866
GOOG_Adj_Close,2015-03-19,554.936157
GOOG_Adj_Close,2015-03-20,557.293213
GOOG_Adj_Close,2015-03-23,555.751648
GOOG_Adj_Close,2015-03-24,567.069397
GOOG_Adj_Close,2015-03-25,555.726807
GOOG_Adj_Close,2015-03-26,552.131592
GOOG_Adj_Close,2015-03-27,545.338989
GOOG_Adj_Close,2015-03-30,549.008789
GOOG_Adj_Close,2015-03-31,545.000854
GOOG_Adj_Close,2015-04-01,539.590576
GOOG_Adj_Close,2015-04-02,532.59906
GOOG_Adj_Close,2015-04-06,533.827332
GOOG_Adj_Close,2015-04-07,534.080933
GOOG_Adj_Close,2015-04-08,538.645813
GOOG_Adj_Close,2015-04-09,537.820374
GOOG_Adj_Close,2015-04-10,537.054565
GOOG_Adj_Close,2015-04-13,536.219177
GOOG_Adj_Close,2015-04-14,527.487183
GOOG_Adj_Close,2015-04-15,529.617859
GOOG_Adj_Close,2015-04-16,530.87854
GOOG_Adj_Close,2015-04-17,521.181885
GOOG_Adj_Close,2015-04-20,532.44989
GOOG_Adj_Close,2015-04-21,531.049988
GOOG_Adj_Close,2015-04-22,536.413086
GOOG_Adj_Close,2015-04-23,544.006287
GOOG_Adj_Close,2015-04-24,561.967468
GOOG_Adj_Close,2015-04-27,555.369995
GOOG_Adj_Close,2015-04-28,553.679993
GOOG_Adj_Close,2015-04-29,549.080017
GOOG_Adj_Close,2015-04-30,537.340027
GOOG_Adj_Close,2015-05-01,537.900024
GOOG_Adj_Close,2015-05-04,540.780029
GOOG_Adj_Close,2015-05-05,530.799988
GOOG_Adj_Close,2015-05-06,524.219971
GOOG_Adj_Close,2015-05-07,530.700012
GOOG_Adj_Close,2015-05-08,538.219971
GOOG_Adj_Close,2015-05-11,535.700012
GOOG_Adj_Close,2015-05-12,529.039978
GOOG_Adj_Close,2015-05-13,529.619995
GOOG_Adj_Close,2015-05-14,538.400024
GOOG_Adj_Close,2015-05-15,533.849976
GOOG_Adj_Close,2015-05-18,532.299988
GOOG_Adj_Close,2015-05-19,537.359985
GOOG_Adj_Close,2015-05-20,539.27002
GOOG_Adj_Close,2015-05-21,542.51001
GOOG_Adj_Close,2015-05-22,540.109985
GOOG_Adj_Close,2015-05-26,532.320007
GOOG_Adj_Close,2015-05-27,539.789978
GOOG_Adj_Close,2015-05-28,539.780029
GOOG_Adj_Close,2015-05-29,532.109985
GOOG_Adj_Close,2015-06-01,533.98999
GOOG_Adj_Close,2015-06-02,539.179993
GOOG_Adj_Close,2015-06-03,540.309998
GOOG_Adj_Close,2015-06-04,536.700012
GOOG_Adj_Close,2015-06-05,533.330017
GOOG_Adj_Close,2015-06-08,526.830017
GOOG_Adj_Close,2015-06-09,526.690002
GOOG_Adj_Close,2015-06-10,536.690002
GOOG_Adj_Close,2015-06-11,534.609985
GOOG_Adj_Close,2015-06-12,532.330017
GOOG_Adj_Close,2015-06-15,527.200012
GOOG_Adj_Close,2015-06-16,528.150024
GOOG_Adj_Close,2015-06-17,529.26001
GOOG_Adj_Close,2015-06-18,536.72998
GOOG_Adj_Close,2015-06-19,536.690002
GOOG_Adj_Close,2015-06-22,538.190002
GOOG_Adj_Close,2015-06-23,540.47998
GOOG_Adj_Close,2015-06-24,537.840027
GOOG_Adj_Close,2015-06-25,535.22998
GOOG_Adj_Close,2015-06-26,531.690002
GOOG_Adj_Close,2015-06-29,521.52002
GOOG_Adj_Close,2015-06-30,520.51001
GOOG_Adj_Close,2015-07-01,521.840027
GOOG_Adj_Close,2015-07-02,523.400024
GOOG_Adj_Close,2015-07-06,522.859985
GOOG_Adj_Close,2015-07-07,525.02002
GOOG_Adj_Close,2015-07-08,516.830017
GOOG_Adj_Close,2015-07-09,520.679993
GOOG_Adj_Close,2015-07-10,530.130005
GOOG_Adj_Close,2015-07-13,546.549988
GOOG_Adj_Close,2015-07-14,561.099976
GOOG_Adj_Close,2015-07-15,560.219971
GOOG_Adj_Close,2015-07-16,579.849976
GOOG_Adj_Close,2015-07-17,672.929993
GOOG_Adj_Close,2015-07-20,663.02002
GOOG_Adj_Close,2015-07-21,662.299988
GOOG_Adj_Close,2015-07-22,662.099976
GOOG_Adj_Close,2015-07-23,644.280029
GOOG_Adj_Close,2015-07-24,623.559998
GOOG_Adj_Close,2015-07-27,627.26001
GOOG_Adj_Close,2015-07-28,628
GOOG_Adj_Close,2015-07-29,631.929993
GOOG_Adj_Close,2015-07-30,632.590027
GOOG_Adj_Close,2015-07-31,625.609985
GOOG_Adj_Close,2015-08-03,631.210022
GOOG_Adj_Close,2015-08-04,629.25
GOOG_Adj_Close,2015-08-05,643.780029
GOOG_Adj_Close,2015-08-06,642.679993
GOOG_Adj_Close,2015-08-07,635.299988
GOOG_Adj_Close,2015-08-10,633.72998
GOOG_Adj_Close,2015-08-11,660.780029
GOOG_Adj_Close,2015-08-12,659.559998
GOOG_Adj_Close,2015-08-13,656.450012
GOOG_Adj_Close,2015-08-14,657.119995
GOOG_Adj_Close,2015-08-17,660.869995
GOOG_Adj_Close,2015-08-18,656.130005
GOOG_Adj_Close,2015-08-19,660.900024
GOOG_Adj_Close,2015-08-20,646.830017
GOOG_Adj_Close,2015-08-21,612.47998
GOOG_Adj_Close,2015-08-24,589.609985
GOOG_Adj_Close,2015-08-25,582.059998
GOOG_Adj_Close,2015-08-26,628.619995
GOOG_Adj_Close,2015-08-27,637.609985
GOOG_Adj_Close,2015-08-28,630.380005
GOOG_Adj_Close,2015-08-31,618.25
GOOG_Adj_Close,2015-09-01,597.789978
GOOG_Adj_Close,2015-09-02,614.340027
GOOG_Adj_Close,2015-09-03,606.25
GOOG_Adj_Close,2015-09-04,600.700012
GOOG_Adj_Close,2015-09-08,614.659973
GOOG_Adj_Close,2015-09-09,612.719971
GOOG_Adj_Close,2015-09-10,621.349976
GOOG_Adj_Close,2015-09-11,625.77002
GOOG_Adj_Close,2015-09-14,623.23999
GOOG_Adj_Close,2015-09-15,635.140015
GOOG_Adj_Close,2015-09-16,635.97998
GOOG_Adj_Close,2015-09-17,642.900024
GOOG_Adj_Close,2015-09-18,629.25
GOOG_Adj_Close,2015-09-21,635.440002
GOOG_Adj_Close,2015-09-22,622.690002
GOOG_Adj_Close,2015-09-23,622.359985
GOOG_Adj_Close,2015-09-24,625.799988
GOOG_Adj_Close,2015-09-25,611.969971
GOOG_Adj_Close,2015-09-28,594.890015
GOOG_Adj_Close,2015-09-29,594.969971
GOOG_Adj_Close,2015-09-30,608.419983
GOOG_Adj_Close,2015-10-01,611.289978
GOOG_Adj_Close,2015-10-02,626.909973
GOOG_Adj_Close,2015-10-05,641.469971
GOOG_Adj_Close,2015-10-06,645.440002
GOOG_Adj_Close,2015-10-07,642.359985
GOOG_Adj_Close,2015-10-08,639.159973
GOOG_Adj_Close,2015-10-09,643.609985
GOOG_Adj_Close,2015-10-12,646.669983
GOOG_Adj_Close,2015-10-13,652.299988
GOOG_Adj_Close,2015-10-14,651.159973
GOOG_Adj_Close,2015-10-15,661.73999
GOOG_Adj_Close,2015-10-16,662.200012
GOOG_Adj_Close,2015-10-19,666.099976
GOOG_Adj_Close,2015-10-20,650.280029
GOOG_Adj_Close,2015-10-21,642.609985
GOOG_Adj_Close,2015-10-22,651.789978
GOOG_Adj_Close,2015-10-23,702
GOOG_Adj_Close,2015-10-26,712.780029
GOOG_Adj_Close,2015-10-27,708.48999
GOOG_Adj_Close,2015-10-28,712.950012
GOOG_Adj_Close,2015-10-29,716.919983
GOOG_Adj_Close,2015-10-30,710.809998
GOOG_Adj_Close,2015-11-02,721.109985
GOOG_Adj_Close,2015-11-03,722.159973
GOOG_Adj_Close,2015-11-04,728.109985
GOOG_Adj_Close,2015-11-05,731.25
GOOG_Adj_Close,2015-11-06,733.76001
GOOG_Adj_Close,2015-11-09,724.890015
GOOG_Adj_Close,2015-11-10,728.320007
GOOG_Adj_Close,2015-11-11,735.400024
GOOG_Adj_Close,2015-11-12,731.22998
GOOG_Adj_Close,2015-11-13,717
GOOG_Adj_Close,2015-11-16,728.960022
GOOG_Adj_Close,2015-11-17,725.299988
GOOG_Adj_Close,2015-11-18,740
GOOG_Adj_Close,2015-11-19,738.409973
GOOG_Adj_Close,2015-11-20,756.599976
GOOG_Adj_Close,2015-11-23,755.97998
GOOG_Adj_Close,2015-11-24,748.280029
GOOG_Adj_Close,2015-11-25,748.150024
GOOG_Adj_Close,2015-11-27,750.26001
GOOG_Adj_Close,2015-11-30,742.599976
GOOG_Adj_Close,2015-12-01,767.039978
GOOG_Adj_Close,2015-12-02,762.380005
GOOG_Adj_Close,2015-12-03,752.539978
GOOG_Adj_Close,2015-12-04,766.809998
GOOG_Adj_Close,2015-12-07,763.25
GOOG_Adj_Close,2015-12-08,762.369995
GOOG_Adj_Close,2015-12-09,751.609985
GOOG_Adj_Close,2015-12-10,749.460022
GOOG_Adj_Close,2015-12-11,738.869995
GOOG_Adj_Close,2015-12-14,747.77002
GOOG_Adj_Close,2015-12-15,743.400024
GOOG_Adj_Close,2015-12-16,758.090027
GOOG_Adj_Close,2015-12-17,749.429993
GOOG_Adj_Close,2015-12-18,739.309998
GOOG_Adj_Close,2015-12-21,747.77002
GOOG_Adj_Close,2015-12-22,750
GOOG_Adj_Close,2015-12-23,750.309998
GOOG_Adj_Close,2015-12-24,748.400024
GOOG_Adj_Close,2015-12-28,762.51001
GOOG_Adj_Close,2015-12-29,776.599976
GOOG_Adj_Close,2015-12-30,771
GOOG_Adj_Close,2015-12-31,758.880005
GOOG_Adj_Close,2016-01-04,741.840027
GOOG_Adj_Close,2016-01-05,742.580017
GOOG_Adj_Close,2016-01-06,743.619995
GOOG_Adj_Close,2016-01-07,726.390015
GOOG_Adj_Close,2016-01-08,714.469971
GOOG_Adj_Close,2016-01-11,716.030029
GOOG_Adj_Close,2016-01-12,726.070007
GOOG_Adj_Close,2016-01-13,700.559998
GOOG_Adj_Close,2016-01-14,714.719971
GOOG_Adj_Close,2016-01-15,694.450012
GOOG_Adj_Close,2016-01-19,701.789978
GOOG_Adj_Close,2016-01-20,698.450012
GOOG_Adj_Close,2016-01-21,706.590027
GOOG_Adj_Close,2016-01-22,725.25
GOOG_Adj_Close,2016-01-25,711.669983
GOOG_Adj_Close,2016-01-26,713.039978
GOOG_Adj_Close,2016-01-27,699.98999
GOOG_Adj_Close,2016-01-28,730.960022
GOOG_Adj_Close,2016-01-29,742.950012
GOOG_Adj_Close,2016-02-01,752
GOOG_Adj_Close,2016-02-02,764.650024
GOOG_Adj_Close,2016-02-03,726.950012
GOOG_Adj_Close,2016-02-04,708.01001
GOOG_Adj_Close,2016-02-05,683.570007
GOOG_Adj_Close,2016-02-08,682.73999
GOOG_Adj_Close,2016-02-09,678.109985
GOOG_Adj_Close,2016-02-10,684.119995
GOOG_Adj_Close,2016-02-11,683.109985
GOOG_Adj_Close,2016-02-12,682.400024
GOOG_Adj_Close,2016-02-16,691
GOOG_Adj_Close,2016-02-17,708.400024
GOOG_Adj_Close,2016-02-18,697.349976
GOOG_Adj_Close,2016-02-19,700.909973
GOOG_Adj_Close,2016-02-22,706.460022
GOOG_Adj_Close,2016-02-23,695.849976
GOOG_Adj_Close,2016-02-24,699.559998
GOOG_Adj_Close,2016-02-25,705.75
GOOG_Adj_Close,2016-02-26,705.070007
GOOG_Adj_Close,2016-02-29,697.77002
GOOG_Adj_Close,2016-03-01,718.809998
GOOG_Adj_Close,2016-03-02,718.849976
GOOG_Adj_Close,2016-03-03,712.419983
GOOG_Adj_Close,2016-03-04,710.890015
GOOG_Adj_Close,2016-03-07,695.159973
GOOG_Adj_Close,2016-03-08,693.969971
GOOG_Adj_Close,2016-03-09,705.23999
GOOG_Adj_Close,2016-03-10,712.820007
GOOG_Adj_Close,2016-03-11,726.820007
GOOG_Adj_Close,2016-03-14,730.48999
GOOG_Adj_Close,2016-03-15,728.330017
GOOG_Adj_Close,2016-03-16,736.090027
GOOG_Adj_Close,2016-03-17,737.780029
GOOG_Adj_Close,2016-03-18,737.599976
GOOG_Adj_Close,2016-03-21,742.090027
GOOG_Adj_Close,2016-03-22,740.75
GOOG_Adj_Close,2016-03-23,738.059998
GOOG_Adj_Close,2016-03-24,735.299988
GOOG_Adj_Close,2016-03-28,733.530029
GOOG_Adj_Close,2016-03-29,744.77002
GOOG_Adj_Close,2016-03-30,750.530029
GOOG_Adj_Close,2016-03-31,744.950012
GOOG_Adj_Close,2016-04-01,749.909973
GOOG_Adj_Close,2016-04-04,745.289978
GOOG_Adj_Close,2016-04-05,737.799988
GOOG_Adj_Close,2016-04-06,745.690002
GOOG_Adj_Close,2016-04-07,740.280029
GOOG_Adj_Close,2016-04-08,739.150024
GOOG_Adj_Close,2016-04-11,736.099976
GOOG_Adj_Close,2016-04-12,743.090027
GOOG_Adj_Close,2016-04-13,751.719971
GOOG_Adj_Close,2016-04-14,753.200012
GOOG_Adj_Close,2016-04-15,759
GOOG_Adj_Close,2016-04-18,766.609985
GOOG_Adj_Close,2016-04-19,753.929993
GOOG_Adj_Close,2016-04-20,752.669983
GOOG_Adj_Close,2016-04-21,759.140015
GOOG_Adj_Close,2016-04-22,718.77002
GOOG_Adj_Close,2016-04-25,723.150024
GOOG_Adj_Close,2016-04-26,708.140015
GOOG_Adj_Close,2016-04-27,705.840027
GOOG_Adj_Close,2016-04-28,691.02002
GOOG_Adj_Close,2016-04-29,693.01001
GOOG_Adj_Close,2016-05-02,698.210022
GOOG_Adj_Close,2016-05-03,692.359985
GOOG_Adj_Close,2016-05-04,695.700012
GOOG_Adj_Close,2016-05-05,701.429993
GOOG_Adj_Close,2016-05-06,711.119995
GOOG_Adj_Close,2016-05-09,712.900024
GOOG_Adj_Close,2016-05-10,723.179993
GOOG_Adj_Close,2016-05-11,715.289978
GOOG_Adj_Close,2016-05-12,713.309998
GOOG_Adj_Close,2016-05-13,710.830017
GOOG_Adj_Close,2016-05-16,716.48999
GOOG_Adj_Close,2016-05-17,706.22998
GOOG_Adj_Close,2016-05-18,706.630005
GOOG_Adj_Close,2016-05-19,700.320007
GOOG_Adj_Close,2016-05-20,709.73999
GOOG_Adj_Close,2016-05-23,704.23999
GOOG_Adj_Close,2016-05-24,720.090027
GOOG_Adj_Close,2016-05-25,725.27002
GOOG_Adj_Close,2016-05-26,724.119995
GOOG_Adj_Close,2016-05-27,732.659973
GOOG_Adj_Close,2016-05-31,735.719971
GOOG_Adj_Close,2016-06-01,734.150024
GOOG_Adj_Close,2016-06-02,730.400024
GOOG_Adj_Close,2016-06-03,722.340027
GOOG_Adj_Close,2016-06-06,716.549988
GOOG_Adj_Close,2016-06-07,716.650024
GOOG_Adj_Close,2016-06-08,728.280029
GOOG_Adj_Close,2016-06-09,728.580017
GOOG_Adj_Close,2016-06-10,719.409973
GOOG_Adj_Close,2016-06-13,718.359985
GOOG_Adj_Close,2016-06-14,718.27002
GOOG_Adj_Close,2016-06-15,718.919983
GOOG_Adj_Close,2016-06-16,710.359985
GOOG_Adj_Close,2016-06-17,691.719971
GOOG_Adj_Close,2016-06-20,693.710022
GOOG_Adj_Close,2016-06-21,695.940002
GOOG_Adj_Close,2016-06-22,697.460022
GOOG_Adj_Close,2016-06-23,701.869995
GOOG_Adj_Close,2016-06-24,675.219971
GOOG_Adj_Close,2016-06-27,668.26001
GOOG_Adj_Close,2016-06-28,680.039978
GOOG_Adj_Close,2016-06-29,684.109985
GOOG_Adj_Close,2016-06-30,692.099976
GOOG_Adj_Close,2016-07-01,699.210022
GOOG_Adj_Close,2016-07-05,694.950012
GOOG_Adj_Close,2016-07-06,697.77002
GOOG_Adj_Close,2016-07-07,695.359985
GOOG_Adj_Close,2016-07-08,705.630005
GOOG_Adj_Close,2016-07-11,715.090027
GOOG_Adj_Close,2016-07-12,720.640015
GOOG_Adj_Close,2016-07-13,716.97998
GOOG_Adj_Close,2016-07-14,720.950012
GOOG_Adj_Close,2016-07-15,719.849976
GOOG_Adj_Close,2016-07-18,733.780029
GOOG_Adj_Close,2016-07-19,736.960022
GOOG_Adj_Close,2016-07-20,741.190002
GOOG_Adj_Close,2016-07-21,738.630005
GOOG_Adj_Close,2016-07-22,742.73999
GOOG_Adj_Close,2016-07-25,739.77002
GOOG_Adj_Close,2016-07-26,738.419983
GOOG_Adj_Close,2016-07-27,741.77002
GOOG_Adj_Close,2016-07-28,745.909973
GOOG_Adj_Close,2016-07-29,768.789978
GOOG_Adj_Close,2016-08-01,772.880005
GOOG_Adj_Close,2016-08-02,771.070007
GOOG_Adj_Close,2016-08-03,773.179993
GOOG_Adj_Close,2016-08-04,771.609985
GOOG_Adj_Close,2016-08-05,782.219971
GOOG_Adj_Close,2016-08-08,781.76001
GOOG_Adj_Close,2016-08-09,784.26001
GOOG_Adj_Close,2016-08-10,784.679993
GOOG_Adj_Close,2016-08-11,784.849976
GOOG_Adj_Close,2016-08-12,783.219971
GOOG_Adj_Close,2016-08-15,782.440002
GOOG_Adj_Close,2016-08-16,777.140015
GOOG_Adj_Close,2016-08-17,779.909973
GOOG_Adj_Close,2016-08-18,777.5
GOOG_Adj_Close,2016-08-19,775.419983
GOOG_Adj_Close,2016-08-22,772.150024
GOOG_Adj_Close,2016-08-23,772.080017
GOOG_Adj_Close,2016-08-24,769.640015
GOOG_Adj_Close,2016-08-25,769.409973
GOOG_Adj_Close,2016-08-26,769.539978
GOOG_Adj_Close,2016-08-29,772.150024
GOOG_Adj_Close,2016-08-30,769.090027
GOOG_Adj_Close,2016-08-31,767.049988
GOOG_Adj_Close,2016-09-01,768.780029
GOOG_Adj_Close,2016-09-02,771.460022
GOOG_Adj_Close,2016-09-06,780.080017
GOOG_Adj_Close,2016-09-07,780.349976
GOOG_Adj_Close,2016-09-08,775.320007
GOOG_Adj_Close,2016-09-09,759.659973
GOOG_Adj_Close,2016-09-12,769.02002
GOOG_Adj_Close,2016-09-13,759.690002
GOOG_Adj_Close,2016-09-14,762.48999
GOOG_Adj_Close,2016-09-15,771.76001
GOOG_Adj_Close,2016-09-16,768.880005
GOOG_Adj_Close,2016-09-19,765.700012
GOOG_Adj_Close,2016-09-20,771.409973
GOOG_Adj_Close,2016-09-21,776.219971
GOOG_Adj_Close,2016-09-22,787.210022
GOOG_Adj_Close,2016-09-23,786.900024
GOOG_Adj_Close,2016-09-26,774.210022
GOOG_Adj_Close,2016-09-27,783.01001
GOOG_Adj_Close,2016-09-28,781.559998
GOOG_Adj_Close,2016-09-29,775.01001
GOOG_Adj_Close,2016-09-30,777.289978
GOOG_Adj_Close,2016-10-03,772.559998
GOOG_Adj_Close,2016-10-04,776.429993
GOOG_Adj_Close,2016-10-05,776.469971
GOOG_Adj_Close,2016-10-06,776.859985
GOOG_Adj_Close,2016-10-07,775.080017
GOOG_Adj_Close,2016-10-10,785.940002
GOOG_Adj_Close,2016-10-11,783.070007
GOOG_Adj_Close,2016-10-12,786.140015
GOOG_Adj_Close,2016-10-13,778.190002
GOOG_Adj_Close,2016-10-14,778.530029
GOOG_Adj_Close,2016-10-17,779.960022
GOOG_Adj_Close,2016-10-18,795.26001
GOOG_Adj_Close,2016-10-19,801.5
GOOG_Adj_Close,2016-10-20,796.969971
GOOG_Adj_Close,2016-10-21,799.369995
GOOG_Adj_Close,2016-10-24,813.109985
GOOG_Adj_Close,2016-10-25,807.669983
GOOG_Adj_Close,2016-10-26,799.070007
GOOG_Adj_Close,2016-10-27,795.349976
GOOG_Adj_Close,2016-10-28,795.369995
GOOG_Adj_Close,2016-10-31,784.539978
GOOG_Adj_Close,2016-11-01,783.609985
GOOG_Adj_Close,2016-11-02,768.700012
GOOG_Adj_Close,2016-11-03,762.130005
GOOG_Adj_Close,2016-11-04,762.02002
GOOG_Adj_Close,2016-11-07,782.52002
GOOG_Adj_Close,2016-11-08,790.51001
GOOG_Adj_Close,2016-11-09,785.309998
GOOG_Adj_Close,2016-11-10,762.559998
GOOG_Adj_Close,2016-11-11,754.02002
GOOG_Adj_Close,2016-11-14,736.080017
GOOG_Adj_Close,2016-11-15,758.48999
GOOG_Adj_Close,2016-11-16,764.47998
GOOG_Adj_Close,2016-11-17,771.22998
GOOG_Adj_Close,2016-11-18,760.539978
GOOG_Adj_Close,2016-11-21,769.200012
GOOG_Adj_Close,2016-11-22,768.27002
GOOG_Adj_Close,2016-11-23,760.98999
GOOG_Adj_Close,2016-11-25,761.679993
GOOG_Adj_Close,2016-11-28,768.23999
GOOG_Adj_Close,2016-11-29,770.840027
GOOG_Adj_Close,2016-11-30,758.039978
GOOG_Adj_Close,2016-12-01,747.919983
GOOG_Adj_Close,2016-12-02,750.5
GOOG_Adj_Close,2016-12-05,762.52002
GOOG_Adj_Close,2016-12-06,759.109985
GOOG_Adj_Close,2016-12-07,771.190002
GOOG_Adj_Close,2016-12-08,776.419983
GOOG_Adj_Close,2016-12-09,789.289978
GOOG_Adj_Close,2016-12-12,789.27002
GOOG_Adj_Close,2016-12-13,796.099976
GOOG_Adj_Close,2016-12-14,797.070007
GOOG_Adj_Close,2016-12-15,797.849976
GOOG_Adj_Close,2016-12-16,790.799988
GOOG_Adj_Close,2016-12-19,794.200012
GOOG_Adj_Close,2016-12-20,796.419983
GOOG_Adj_Close,2016-12-21,794.559998
GOOG_Adj_Close,2016-12-22,791.26001
GOOG_Adj_Close,2016-12-23,789.909973
GOOG_Adj_Close,2016-12-27,791.549988
GOOG_Adj_Close,2016-12-28,785.049988
GOOG_Adj_Close,2016-12-29,782.789978
GOOG_Adj_Close,2016-12-30,771.820007
GOOG_Adj_Close,2017-01-03,786.140015
GOOG_Adj_Close,2017-01-04,786.900024
GOOG_Adj_Close,2017-01-05,794.02002
GOOG_Adj_Close,2017-01-06,806.150024
GOOG_Adj_Close,2017-01-09,806.650024
GOOG_Adj_Close,2017-01-10,804.789978
GOOG_Adj_Close,2017-01-11,807.909973
GOOG_Adj_Close,2017-01-12,806.359985
GOOG_Adj_Close,2017-01-13,807.880005
GOOG_Adj_Close,2017-01-17,804.609985
GOOG_Adj_Close,2017-01-18,806.070007
GOOG_Adj_Close,2017-01-19,802.174988
GOOG_Adj_Close,2017-01-20,805.02002
GOOG_Adj_Close,2017-01-23,819.309998
GOOG_Adj_Close,2017-01-24,823.869995
GOOG_Adj_Close,2017-01-25,835.669983
GOOG_Adj_Close,2017-01-26,832.150024
GOOG_Adj_Close,2017-01-27,823.309998
GOOG_Adj_Close,2017-01-30,802.320007
GOOG_Adj_Close,2017-01-31,796.789978
GOOG_Adj_Close,2017-02-01,795.695007
GOOG_Adj_Close,2017-02-02,798.530029
GOOG_Adj_Close,2017-02-03,801.48999
GOOG_Adj_Close,2017-02-06,801.340027
GOOG_Adj_Close,2017-02-07,806.969971
GOOG_Adj_Close,2017-02-08,808.380005
GOOG_Adj_Close,2017-02-09,809.559998
GOOG_Adj_Close,2017-02-10,813.669983
GOOG_Adj_Close,2017-02-13,819.23999
GOOG_Adj_Close,2017-02-14,820.450012
GOOG_Adj_Close,2017-02-15,818.97998
GOOG_Adj_Close,2017-02-16,824.159973
GOOG_Adj_Close,2017-02-17,828.070007
GOOG_Adj_Close,2017-02-21,831.659973
GOOG_Adj_Close,2017-02-22,830.76001
GOOG_Adj_Close,2017-02-23,831.330017
GOOG_Adj_Close,2017-02-24,828.640015
GOOG_Adj_Close,2017-02-27,829.280029
GOOG_Adj_Close,2017-02-28,823.210022
GOOG_Adj_Close,2017-03-01,835.23999
GOOG_Adj_Close,2017-03-02,830.630005
GOOG_Adj_Close,2017-03-03,829.080017
GOOG_Adj_Close,2017-03-06,827.780029
GOOG_Adj_Close,2017-03-07,831.909973
GOOG_Adj_Close,2017-03-08,835.369995
GOOG_Adj_Close,2017-03-09,838.679993
GOOG_Adj_Close,2017-03-10,843.25
GOOG_Adj_Close,2017-03-13,845.539978
GOOG_Adj_Close,2017-03-14,845.619995
GOOG_Adj_Close,2017-03-15,847.200012
GOOG_Adj_Close,2017-03-16,848.780029
GOOG_Adj_Close,2017-03-17,852.119995
GOOG_Adj_Close,2017-03-20,848.400024
GOOG_Adj_Close,2017-03-21,830.460022
GOOG_Adj_Close,2017-03-22,829.590027
GOOG_Adj_Close,2017-03-23,817.580017
GOOG_Adj_Close,2017-03-24,814.429993
GOOG_Adj_Close,2017-03-27,819.51001
GOOG_Adj_Close,2017-03-28,820.919983
GOOG_Adj_Close,2017-03-29,831.409973
GOOG_Adj_Close,2017-03-30,831.5
GOOG_Adj_Close,2017-03-31,829.559998
GOOG_Adj_Close,2017-04-03,838.549988
GOOG_Adj_Close,2017-04-04,834.570007
GOOG_Adj_Close,2017-04-05,831.409973
GOOG_Adj_Close,2017-04-06,827.880005
GOOG_Adj_Close,2017-04-07,824.669983
GOOG_Adj_Close,2017-04-10,824.72998
GOOG_Adj_Close,2017-04-11,823.349976
GOOG_Adj_Close,2017-04-12,824.320007
GOOG_Adj_Close,2017-04-13,823.559998
GOOG_Adj_Close,2017-04-17,837.169983
GOOG_Adj_Close,2017-04-18,836.820007
GOOG_Adj_Close,2017-04-19,838.210022
GOOG_Adj_Close,2017-04-20,841.650024
GOOG_Adj_Close,2017-04-21,843.190002
GOOG_Adj_Close,2017-04-24,862.76001
GOOG_Adj_Close,2017-04-25,872.299988
GOOG_Adj_Close,2017-04-26,871.72998
GOOG_Adj_Close,2017-04-27,874.25
GOOG_Adj_Close,2017-04-28,905.960022
GOOG_Adj_Close,2017-05-01,912.570007
GOOG_Adj_Close,2017-05-02,916.440002
GOOG_Adj_Close,2017-05-03,927.039978
GOOG_Adj_Close,2017-05-04,931.659973
GOOG_Adj_Close,2017-05-05,927.130005
GOOG_Adj_Close,2017-05-08,934.299988
GOOG_Adj_Close,2017-05-09,932.169983
GOOG_Adj_Close,2017-05-10,928.780029
GOOG_Adj_Close,2017-05-11,930.599976
GOOG_Adj_Close,2017-05-12,932.219971
GOOG_Adj_Close,2017-05-15,937.080017
GOOG_Adj_Close,2017-05-16,943
GOOG_Adj_Close,2017-05-17,919.619995
GOOG_Adj_Close,2017-05-18,930.23999
GOOG_Adj_Close,2017-05-19,934.01001
GOOG_Adj_Close,2017-05-22,941.859985
GOOG_Adj_Close,2017-05-23,948.820007
GOOG_Adj_Close,2017-05-24,954.960022
GOOG_Adj_Close,2017-05-25,969.539978
GOOG_Adj_Close,2017-05-26,971.469971
GOOG_Adj_Close,2017-05-30,975.880005
GOOG_Adj_Close,2017-05-31,964.859985
GOOG_Adj_Close,2017-06-01,966.950012
GOOG_Adj_Close,2017-06-02,975.599976
GOOG_Adj_Close,2017-06-05,983.679993
GOOG_Adj_Close,2017-06-06,976.570007
GOOG_Adj_Close,2017-06-07,980.940002
GOOG_Adj_Close,2017-06-08,983.409973
GOOG_Adj_Close,2017-06-09,949.830017
GOOG_Adj_Close,2017-06-12,942.900024
GOOG_Adj_Close,2017-06-13,953.400024
GOOG_Adj_Close,2017-06-14,950.76001
GOOG_Adj_Close,2017-06-15,942.309998
GOOG_Adj_Close,2017-06-16,939.780029
GOOG_Adj_Close,2017-06-19,957.369995
GOOG_Adj_Close,2017-06-20,950.630005
GOOG_Adj_Close,2017-06-21,959.450012
GOOG_Adj_Close,2017-06-22,957.090027
GOOG_Adj_Close,2017-06-23,965.590027
GOOG_Adj_Close,2017-06-26,952.27002
GOOG_Adj_Close,2017-06-27,927.330017
GOOG_Adj_Close,2017-06-28,940.48999
GOOG_Adj_Close,2017-06-29,917.789978
GOOG_Adj_Close,2017-06-30,908.72998
GOOG_Adj_Close,2017-07-03,898.700012
GOOG_Adj_Close,2017-07-05,911.710022
GOOG_Adj_Close,2017-07-06,906.690002
GOOG_Adj_Close,2017-07-07,918.590027
GOOG_Adj_Close,2017-07-10,928.799988
GOOG_Adj_Close,2017-07-11,930.090027
GOOG_Adj_Close,2017-07-12,943.830017
GOOG_Adj_Close,2017-07-13,947.159973
GOOG_Adj_Close,2017-07-14,955.98999
GOOG_Adj_Close,2017-07-17,953.419983
GOOG_Adj_Close,2017-07-18,965.400024
GOOG_Adj_Close,2017-07-19,970.890015
GOOG_Adj_Close,2017-07-20,968.150024
GOOG_Adj_Close,2017-07-21,972.919983
GOOG_Adj_Close,2017-07-24,980.340027
GOOG_Adj_Close,2017-07-25,950.700012
GOOG_Adj_Close,2017-07-26,947.799988
GOOG_Adj_Close,2017-07-27,934.090027
GOOG_Adj_Close,2017-07-28,941.530029
GOOG_Adj_Close,2017-07-31,930.5
GOOG_Adj_Close,2017-08-01,930.830017
GOOG_Adj_Close,2017-08-02,930.390015
GOOG_Adj_Close,2017-08-03,923.650024
GOOG_Adj_Close,2017-08-04,927.960022
GOOG_Adj_Close,2017-08-07,929.359985
GOOG_Adj_Close,2017-08-08,926.789978
GOOG_Adj_Close,2017-08-09,922.900024
GOOG_Adj_Close,2017-08-10,907.23999
GOOG_Adj_Close,2017-08-11,914.390015
GOOG_Adj_Close,2017-08-14,922.669983
GOOG_Adj_Close,2017-08-15,922.219971
GOOG_Adj_Close,2017-08-16,926.960022
GOOG_Adj_Close,2017-08-17,910.97998
GOOG_Adj_Close,2017-08-18,910.669983
GOOG_Adj_Close,2017-08-21,906.659973
GOOG_Adj_Close,2017-08-22,924.690002
GOOG_Adj_Close,2017-08-23,927
GOOG_Adj_Close,2017-08-24,921.280029
GOOG_Adj_Close,2017-08-25,915.890015
GOOG_Adj_Close,2017-08-28,913.809998
GOOG_Adj_Close,2017-08-29,921.289978
GOOG_Adj_Close,2017-08-30,929.570007
GOOG_Adj_Close,2017-08-31,939.330017
GOOG_Adj_Close,2017-09-01,937.340027
GOOG_Adj_Close,2017-09-05,928.450012
GOOG_Adj_Close,2017-09-06,927.809998
GOOG_Adj_Close,2017-09-07,935.950012
GOOG_Adj_Close,2017-09-08,926.5
GOOG_Adj_Close,2017-09-11,929.080017
GOOG_Adj_Close,2017-09-12,932.070007
GOOG_Adj_Close,2017-09-13,935.090027
GOOG_Adj_Close,2017-09-14,925.109985
GOOG_Adj_Close,2017-09-15,920.289978
GOOG_Adj_Close,2017-09-18,915
GOOG_Adj_Close,2017-09-19,921.809998
GOOG_Adj_Close,2017-09-20,931.580017
GOOG_Adj_Close,2017-09-21,932.450012
GOOG_Adj_Close,2017-09-22,928.530029
GOOG_Adj_Close,2017-09-25,920.969971
GOOG_Adj_Close,2017-09-26,924.859985
GOOG_Adj_Close,2017-09-27,944.48999
GOOG_Adj_Close,2017-09-28,949.5
GOOG_Adj_Close,2017-09-29,959.109985
GOOG_Adj_Close,2017-10-02,953.27002
GOOG_Adj_Close,2017-10-03,957.789978
GOOG_Adj_Close,2017-10-04,951.679993
GOOG_Adj_Close,2017-10-05,969.960022
GOOG_Adj_Close,2017-10-06,978.890015
GOOG_Adj_Close,2017-10-09,977
GOOG_Adj_Close,2017-10-10,972.599976
GOOG_Adj_Close,2017-10-11,989.25
GOOG_Adj_Close,2017-10-12,987.830017
GOOG_Adj_Close,2017-10-13,989.679993
GOOG_Adj_Close,2017-10-16,992
GOOG_Adj_Close,2017-10-17,992.179993
GOOG_Adj_Close,2017-10-18,992.809998
GOOG_Adj_Close,2017-10-19,984.450012
GOOG_Adj_Close,2017-10-20,988.200012
GOOG_Adj_Close,2017-10-23,968.450012
GOOG_Adj_Close,2017-10-24,970.539978
GOOG_Adj_Close,2017-10-25,973.330017
GOOG_Adj_Close,2017-10-26,972.559998
GOOG_Adj_Close,2017-10-27,1019.27002
GOOG_Adj_Close,2017-10-30,1017.109985
GOOG_Adj_Close,2017-10-31,1016.640015
GOOG_Adj_Close,2017-11-01,1025.5
GOOG_Adj_Close,2017-11-02,1025.579956
GOOG_Adj_Close,2017-11-03,1032.47998
GOOG_Adj_Close,2017-11-06,1025.900024
GOOG_Adj_Close,2017-11-07,1033.329956
GOOG_Adj_Close,2017-11-08,1039.849976
GOOG_Adj_Close,2017-11-09,1031.26001
GOOG_Adj_Close,2017-11-10,1028.069946
GOOG_Adj_Close,2017-11-13,1025.75
GOOG_Adj_Close,2017-11-14,1026
GOOG_Adj_Close,2017-11-15,1020.909973
GOOG_Adj_Close,2017-11-16,1032.5
GOOG_Adj_Close,2017-11-17,1019.090027
GOOG_Adj_Close,2017-11-20,1018.380005
GOOG_Adj_Close,2017-11-21,1034.48999
GOOG_Adj_Close,2017-11-22,1035.959961
GOOG_Adj_Close,2017-11-24,1040.609985
GOOG_Adj_Close,2017-11-27,1054.209961
GOOG_Adj_Close,2017-11-28,1047.410034
GOOG_Adj_Close,2017-11-29,1021.659973
GOOG_Adj_Close,2017-11-30,1021.409973
GOOG_Adj_Close,2017-12-01,1010.169983
GOOG_Adj_Close,2017-12-04,998.679993
GOOG_Adj_Close,2017-12-05,1005.150024
GOOG_Adj_Close,2017-12-06,1018.380005
GOOG_Adj_Close,2017-12-07,1030.930054
GOOG_Adj_Close,2017-12-08,1037.050049
GOOG_Adj_Close,2017-12-11,1041.099976
GOOG_Adj_Close,2017-12-12,1040.47998
GOOG_Adj_Close,2017-12-13,1040.609985
GOOG_Adj_Close,2017-12-14,1049.150024
GOOG_Adj_Close,2017-12-15,1064.189941
GOOG_Adj_Close,2017-12-18,1077.140015
GOOG_Adj_Close,2017-12-19,1070.680054
GOOG_Adj_Close,2017-12-20,1064.949951
GOOG_Adj_Close,2017-12-21,1063.630005
GOOG_Adj_Close,2017-12-22,1060.119995
GOOG_Adj_Close,2017-12-26,1056.73999
GOOG_Adj_Close,2017-12-27,1049.369995
GOOG_Adj_Close,2017-12-28,1048.140015
GOOG_Adj_Close,2017-12-29,1046.400024
GOOG_Adj_Close,2018-01-02,1065
GOOG_Adj_Close,2018-01-03,1082.47998
GOOG_Adj_Close,2018-01-04,1086.400024
GOOG_Adj_Close,2018-01-05,1102.22998
GOOG_Adj_Close,2018-01-08,1106.939941
GOOG_Adj_Close,2018-01-09,1106.26001
GOOG_Adj_Close,2018-01-10,1102.609985
GOOG_Adj_Close,2018-01-11,1105.52002
GOOG_Adj_Close,2018-01-12,1122.26001
GOOG_Adj_Close,2018-01-16,1121.76001
GOOG_Adj_Close,2018-01-17,1131.97998
GOOG_Adj_Close,2018-01-18,1129.790039
GOOG_Adj_Close,2018-01-19,1137.51001
GOOG_Adj_Close,2018-01-22,1155.810059
GOOG_Adj_Close,2018-01-23,1169.969971
GOOG_Adj_Close,2018-01-24,1164.23999
GOOG_Adj_Close,2018-01-25,1170.369995
GOOG_Adj_Close,2018-01-26,1175.839966
GOOG_Adj_Close,2018-01-29,1175.579956
GOOG_Adj_Close,2018-01-30,1163.689941
GOOG_Adj_Close,2018-01-31,1169.939941
GOOG_Adj_Close,2018-02-01,1167.699951
GOOG_Adj_Close,2018-02-02,1111.900024
GOOG_Adj_Close,2018-02-05,1055.800049
GOOG_Adj_Close,2018-02-06,1080.599976
GOOG_Adj_Close,2018-02-07,1048.579956
GOOG_Adj_Close,2018-02-08,1001.52002
GOOG_Adj_Close,2018-02-09,1037.780029
GOOG_Adj_Close,2018-02-12,1051.939941
GOOG_Adj_Close,2018-02-13,1052.099976
GOOG_Adj_Close,2018-02-14,1069.699951
GOOG_Adj_Close,2018-02-15,1089.52002
GOOG_Adj_Close,2018-02-16,1094.800049
GOOG_Adj_Close,2018-02-20,1102.459961
GOOG_Adj_Close,2018-02-21,1111.339966
GOOG_Adj_Close,2018-02-22,1106.630005
GOOG_Adj_Close,2018-02-23,1126.790039
GOOG_Adj_Close,2018-02-26,1143.75
GOOG_Adj_Close,2018-02-27,1118.290039
GOOG_Adj_Close,2018-02-28,1104.72998
GOOG_Adj_Close,2018-03-01,1069.52002
GOOG_Adj_Close,2018-03-02,1078.920044
GOOG_Adj_Close,2018-03-05,1090.930054
GOOG_Adj_Close,2018-03-06,1095.060059
GOOG_Adj_Close,2018-03-07,1109.640015
GOOG_Adj_Close,2018-03-08,1126
GOOG_Adj_Close,2018-03-09,1160.040039
GOOG_Adj_Close,2018-03-12,1164.5
GOOG_Adj_Close,2018-03-13,1138.170044
GOOG_Adj_Close,2018-03-14,1149.48999
GOOG_Adj_Close,2018-03-15,1149.579956
GOOG_Adj_Close,2018-03-16,1135.72998
GOOG_Adj_Close,2018-03-19,1099.819946
GOOG_Adj_Close,2018-03-20,1097.709961
GOOG_Adj_Close,2018-03-21,1090.880005
GOOG_Adj_Close,2018-03-22,1049.079956
GOOG_Adj_Close,2018-03-23,1021.570007
GOOG_Adj_Close,2018-03-26,1053.209961
GOOG_Adj_Close,2018-03-27,1005.099976
GOOG_Adj_Close,2018-03-28,1004.559998
GOOG_Adj_Close,2018-03-29,1031.790039
GOOG_Adj_Close,2018-04-02,1006.469971
GOOG_Adj_Close,2018-04-03,1013.409973
GOOG_Adj_Close,2018-04-04,1025.140015
GOOG_Adj_Close,2018-04-05,1027.810059
GOOG_Adj_Close,2018-04-06,1007.039978
GOOG_Adj_Close,2018-04-09,1015.450012
GOOG_Adj_Close,2018-04-10,1031.640015
GOOG_Adj_Close,2018-04-11,1019.969971
GOOG_Adj_Close,2018-04-12,1032.51001
GOOG_Adj_Close,2018-04-13,1029.27002
GOOG_Adj_Close,2018-04-16,1037.97998
GOOG_Adj_Close,2018-04-17,1074.160034
GOOG_Adj_Close,2018-04-18,1072.079956
GOOG_Adj_Close,2018-04-19,1087.699951
GOOG_Adj_Close,2018-04-20,1072.959961
GOOG_Adj_Close,2018-04-23,1067.449951
GOOG_Adj_Close,2018-04-24,1019.97998
GOOG_Adj_Close,2018-04-25,1021.179993
GOOG_Adj_Close,2018-04-26,1040.040039
GOOG_Adj_Close,2018-04-27,1030.050049
GOOG_Adj_Close,2018-04-30,1017.330017
GOOG_Adj_Close,2018-05-01,1037.310059
GOOG_Adj_Close,2018-05-02,1024.380005
GOOG_Adj_Close,2018-05-03,1023.719971
GOOG_Adj_Close,2018-05-04,1048.209961
GOOG_Adj_Close,2018-05-07,1054.790039
GOOG_Adj_Close,2018-05-08,1053.910034
GOOG_Adj_Close,2018-05-09,1082.76001
GOOG_Adj_Close,2018-05-10,1097.569946
GOOG_Adj_Close,2018-05-11,1098.26001
GOOG_Adj_Close,2018-05-14,1100.199951
GOOG_Adj_Close,2018-05-15,1079.22998
GOOG_Adj_Close,2018-05-16,1081.77002
GOOG_Adj_Close,2018-05-17,1078.589966
GOOG_Adj_Close,2018-05-18,1066.359985
GOOG_Adj_Close,2018-05-21,1079.579956
GOOG_Adj_Close,2018-05-22,1069.72998
GOOG_Adj_Close,2018-05-23,1079.689941
GOOG_Adj_Close,2018-05-24,1079.23999
GOOG_Adj_Close,2018-05-25,1075.660034
GOOG_Adj_Close,2018-05-29,1060.319946
GOOG_Adj_Close,2018-05-30,1067.800049
GOOG_Adj_Close,2018-05-31,1084.98999
GOOG_Adj_Close,2018-06-01,1119.5
GOOG_Adj_Close,2018-06-04,1139.290039
GOOG_Adj_Close,2018-06-05,1139.660034
GOOG_Adj_Close,2018-06-06,1136.880005
GOOG_Adj_Close,2018-06-07,1123.859985
GOOG_Adj_Close,2018-06-08,1120.869995
GOOG_Adj_Close,2018-06-11,1129.98999
GOOG_Adj_Close,2018-06-12,1139.319946
GOOG_Adj_Close,2018-06-13,1134.790039
GOOG_Adj_Close,2018-06-14,1152.119995
GOOG_Adj_Close,2018-06-15,1152.26001
GOOG_Adj_Close,2018-06-18,1173.459961
GOOG_Adj_Close,2018-06-19,1168.060059
GOOG_Adj_Close,2018-06-20,1169.839966
GOOG_Adj_Close,2018-06-21,1157.660034
GOOG_Adj_Close,2018-06-22,1155.47998
GOOG_Adj_Close,2018-06-25,1124.810059
GOOG_Adj_Close,2018-06-26,1118.459961
GOOG_Adj_Close,2018-06-27,1103.97998
GOOG_Adj_Close,2018-06-28,1114.219971
GOOG_Adj_Close,2018-06-29,1115.650024
GOOG_Adj_Close,2018-07-02,1127.459961
GOOG_Adj_Close,2018-07-03,1102.890015
GOOG_Adj_Close,2018-07-05,1124.27002
GOOG_Adj_Close,2018-07-06,1140.170044
GOOG_Adj_Close,2018-07-09,1154.050049
GOOG_Adj_Close,2018-07-10,1152.839966
GOOG_Adj_Close,2018-07-11,1153.900024
GOOG_Adj_Close,2018-07-12,1183.47998
GOOG_Adj_Close,2018-07-13,1188.819946
GOOG_Adj_Close,2018-07-16,1183.859985
GOOG_Adj_Close,2018-07-17,1198.800049
GOOG_Adj_Close,2018-07-18,1195.880005
GOOG_Adj_Close,2018-07-19,1186.959961
GOOG_Adj_Close,2018-07-20,1184.910034
GOOG_Adj_Close,2018-07-23,1205.5
GOOG_Adj_Close,2018-07-24,1248.079956
GOOG_Adj_Close,2018-07-25,1263.699951
GOOG_Adj_Close,2018-07-26,1268.329956
GOOG_Adj_Close,2018-07-27,1238.5
GOOG_Adj_Close,2018-07-30,1219.73999
GOOG_Adj_Close,2018-07-31,1217.26001
GOOG_Adj_Close,2018-08-01,1220.01001
GOOG_Adj_Close,2018-08-02,1226.150024
GOOG_Adj_Close,2018-08-03,1223.709961
GOOG_Adj_Close,2018-08-06,1224.77002
GOOG_Adj_Close,2018-08-07,1242.219971
GOOG_Adj_Close,2018-08-08,1245.609985
GOOG_Adj_Close,2018-08-09,1249.099976
GOOG_Adj_Close,2018-08-10,1237.609985
GOOG_Adj_Close,2018-08-13,1235.01001
GOOG_Adj_Close,2018-08-14,1242.099976
GOOG_Adj_Close,2018-08-15,1214.380005
GOOG_Adj_Close,2018-08-16,1206.48999
GOOG_Adj_Close,2018-08-17,1200.959961
GOOG_Adj_Close,2018-08-20,1207.77002
GOOG_Adj_Close,2018-08-21,1201.619995
GOOG_Adj_Close,2018-08-22,1207.329956
GOOG_Adj_Close,2018-08-23,1205.380005
GOOG_Adj_Close,2018-08-24,1220.650024
GOOG_Adj_Close,2018-08-27,1241.819946
GOOG_Adj_Close,2018-08-28,1231.150024
GOOG_Adj_Close,2018-08-29,1249.300049
GOOG_Adj_Close,2018-08-30,1239.119995
GOOG_Adj_Close,2018-08-31,1218.189941
GOOG_Adj_Close,2018-09-04,1197
GOOG_Adj_Close,2018-09-05,1186.47998
GOOG_Adj_Close,2018-09-06,1171.439941
GOOG_Adj_Close,2018-09-07,1164.829956
GOOG_Adj_Close,2018-09-10,1164.640015
GOOG_Adj_Close,2018-09-11,1177.359985
GOOG_Adj_Close,2018-09-12,1162.819946
GOOG_Adj_Close,2018-09-13,1175.329956
GOOG_Adj_Close,2018-09-14,1172.530029
GOOG_Adj_Close,2018-09-17,1156.050049
GOOG_Adj_Close,2018-09-18,1161.219971
GOOG_Adj_Close,2018-09-19,1171.089966
GOOG_Adj_Close,2018-09-20,1186.869995
GOOG_Adj_Close,2018-09-21,1166.089966
GOOG_Adj_Close,2018-09-24,1173.369995
GOOG_Adj_Close,2018-09-25,1184.650024
GOOG_Adj_Close,2018-09-26,1180.48999
GOOG_Adj_Close,2018-09-27,1194.640015
GOOG_Adj_Close,2018-09-28,1193.469971
GOOG_Adj_Close,2018-10-01,1195.310059
GOOG_Adj_Close,2018-10-02,1200.109985
GOOG_Adj_Close,2018-10-03,1202.949951
GOOG_Adj_Close,2018-10-04,1168.189941
GOOG_Adj_Close,2018-10-05,1157.349976
GOOG_Adj_Close,2018-10-08,1148.969971
GOOG_Adj_Close,2018-10-09,1138.819946
GOOG_Adj_Close,2018-10-10,1081.219971
GOOG_Adj_Close,2018-10-11,1079.319946
GOOG_Adj_Close,2018-10-12,1110.079956
GOOG_Adj_Close,2018-10-15,1092.25
GOOG_Adj_Close,2018-10-16,1121.280029
GOOG_Adj_Close,2018-10-17,1115.689941
GOOG_Adj_Close,2018-10-18,1087.969971
GOOG_Adj_Close,2018-10-19,1096.459961
GOOG_Adj_Close,2018-10-22,1101.160034
GOOG_Adj_Close,2018-10-23,1103.689941
GOOG_Adj_Close,2018-10-24,1050.709961
GOOG_Adj_Close,2018-10-25,1095.569946
GOOG_Adj_Close,2018-10-26,1071.469971
GOOG_Adj_Close,2018-10-29,1020.080017
GOOG_Adj_Close,2018-10-30,1036.209961
GOOG_Adj_Close,2018-10-31,1076.77002
GOOG_Adj_Close,2018-11-01,1070
GOOG_Adj_Close,2018-11-02,1057.790039
GOOG_Adj_Close,2018-11-05,1040.089966
GOOG_Adj_Close,2018-11-06,1055.810059
GOOG_Adj_Close,2018-11-07,1093.390015
GOOG_Adj_Close,2018-11-08,1082.400024
GOOG_Adj_Close,2018-11-09,1066.150024
GOOG_Adj_Close,2018-11-12,1038.630005
GOOG_Adj_Close,2018-11-13,1036.050049
GOOG_Adj_Close,2018-11-14,1043.660034
GOOG_Adj_Close,2018-11-15,1064.709961
GOOG_Adj_Close,2018-11-16,1061.48999
GOOG_Adj_Close,2018-11-19,1020
GOOG_Adj_Close,2018-11-20,1025.76001
GOOG_Adj_Close,2018-11-21,1037.609985
GOOG_Adj_Close,2018-11-23,1023.880005
GOOG_Adj_Close,2018-11-26,1048.619995
GOOG_Adj_Close,2018-11-27,1044.410034
GOOG_Adj_Close,2018-11-28,1086.22998
GOOG_Adj_Close,2018-11-29,1088.300049
GOOG_Adj_Close,2018-11-30,1094.430054
GOOG_Adj_Close,2018-12-03,1106.430054
GOOG_Adj_Close,2018-12-04,1050.819946
GOOG_Adj_Close,2018-12-06,1068.72998
GOOG_Adj_Close,2018-12-07,1036.579956
GOOG_Adj_Close,2018-12-10,1039.550049
GOOG_Adj_Close,2018-12-11,1051.75
GOOG_Adj_Close,2018-12-12,1063.680054
GOOG_Adj_Close,2018-12-13,1061.900024
GOOG_Adj_Close,2018-12-14,1042.099976
GOOG_Adj_Close,2018-12-17,1016.530029
GOOG_Adj_Close,2018-12-18,1028.709961
GOOG_Adj_Close,2018-12-19,1023.01001
GOOG_Adj_Close,2018-12-20,1009.409973
GOOG_Adj_Close,2018-12-21,979.539978
GOOG_Adj_Close,2018-12-24,976.219971
GOOG_Adj_Close,2018-12-26,1039.459961
GOOG_Adj_Close,2018-12-27,1043.880005
GOOG_Adj_Close,2018-12-28,1037.079956
GOOG_Adj_Close,2018-12-31,1035.609985
AAPL_Volume,2014-01-02,58671200
AAPL_Volume,2014-01-03,98116900
AAPL_Volume,2014-01-06,103152700
AAPL_Volume,2014-01-07,79302300
AAPL_Volume,2014-01-08,64632400
AAPL_Volume,2014-01-09,69787200
AAPL_Volume,2014-01-10,76244000
AAPL_Volume,2014-01-13,94623200
AAPL_Volume,2014-01-14,83140400
AAPL_Volume,2014-01-15,97909700
AAPL_Volume,2014-01-16,57319500
AAPL_Volume,2014-01-17,106684900
AAPL_Volume,2014-01-21,82131700
AAPL_Volume,2014-01-22,94996300
AAPL_Volume,2014-01-23,100809800
AAPL_Volume,2014-01-24,107338700
AAPL_Volume,2014-01-27,138719700
AAPL_Volume,2014-01-28,266380800
AAPL_Volume,2014-01-29,125702500
AAPL_Volume,2014-01-30,169625400
AAPL_Volume,2014-01-31,116199300
AAPL_Volume,2014-02-03,100366000
AAPL_Volume,2014-02-04,94170300
AAPL_Volume,2014-02-05,82086200
AAPL_Volume,2014-02-06,64441300
AAPL_Volume,2014-02-07,92570100
AAPL_Volume,2014-02-10,86389800
AAPL_Volume,2014-02-11,70564200
AAPL_Volume,2014-02-12,77025200
AAPL_Volume,2014-02-13,76849500
AAPL_Volume,2014-02-14,68231100
AAPL_Volume,2014-02-18,65062900
AAPL_Volume,2014-02-19,78442000
AAPL_Volume,2014-02-20,76464500
AAPL_Volume,2014-02-21,69696200
AAPL_Volume,2014-02-24,72227400
AAPL_Volume,2014-02-25,57988000
AAPL_Volume,2014-02-26,69054300
AAPL_Volume,2014-02-27,75470500
AAPL_Volume,2014-02-28,92992200
AAPL_Volume,2014-03-03,59695300
AAPL_Volume,2014-03-04,64785000
AAPL_Volume,2014-03-05,50015700
AAPL_Volume,2014-03-06,46372200
AAPL_Volume,2014-03-07,55182400
AAPL_Volume,2014-03-10,44646000
AAPL_Volume,2014-03-11,69806100
AAPL_Volume,2014-03-12,49831600
AAPL_Volume,2014-03-13,64435700
AAPL_Volume,2014-03-14,59299800
AAPL_Volume,2014-03-17,49886200
AAPL_Volume,2014-03-18,52411800
AAPL_Volume,2014-03-19,56189000
AAPL_Volume,2014-03-20,52099600
AAPL_Volume,2014-03-21,93511600
AAPL_Volume,2014-03-24,88925200
AAPL_Volume,2014-03-25,70573300
AAPL_Volume,2014-03-26,74942000
AAPL_Volume,2014-03-27,55507900
AAPL_Volume,2014-03-28,50141000
AAPL_Volume,2014-03-31,42167300
AAPL_Volume,2014-04-01,50190000
AAPL_Volume,2014-04-02,45105200
AAPL_Volume,2014-04-03,40586000
AAPL_Volume,2014-04-04,68812800
AAPL_Volume,2014-04-07,72462600
AAPL_Volume,2014-04-08,60972100
AAPL_Volume,2014-04-09,51542400
AAPL_Volume,2014-04-10,59913000
AAPL_Volume,2014-04-11,67929400
AAPL_Volume,2014-04-14,51418500
AAPL_Volume,2014-04-15,66622500
AAPL_Volume,2014-04-16,53691400
AAPL_Volume,2014-04-17,71083600
AAPL_Volume,2014-04-21,45637200
AAPL_Volume,2014-04-22,50640800
AAPL_Volume,2014-04-23,98735000
AAPL_Volume,2014-04-24,189977900
AAPL_Volume,2014-04-25,97568800
AAPL_Volume,2014-04-28,167371400
AAPL_Volume,2014-04-29,84344400
AAPL_Volume,2014-04-30,114160200
AAPL_Volume,2014-05-01,61012000
AAPL_Volume,2014-05-02,47878600
AAPL_Volume,2014-05-05,71766800
AAPL_Volume,2014-05-06,93641100
AAPL_Volume,2014-05-07,70716100
AAPL_Volume,2014-05-08,57574300
AAPL_Volume,2014-05-09,72899400
AAPL_Volume,2014-05-12,53302200
AAPL_Volume,2014-05-13,39934300
AAPL_Volume,2014-05-14,41601000
AAPL_Volume,2014-05-15,57711500
AAPL_Volume,2014-05-16,69064100
AAPL_Volume,2014-05-19,79438800
AAPL_Volume,2014-05-20,58709000
AAPL_Volume,2014-05-21,49214900
AAPL_Volume,2014-05-22,50190000
AAPL_Volume,2014-05-23,58052400
AAPL_Volume,2014-05-27,87216500
AAPL_Volume,2014-05-28,78870400
AAPL_Volume,2014-05-29,94118500
AAPL_Volume,2014-05-30,141005200
AAPL_Volume,2014-06-02,92337700
AAPL_Volume,2014-06-03,73177300
AAPL_Volume,2014-06-04,83870500
AAPL_Volume,2014-06-05,75951400
AAPL_Volume,2014-06-06,87484600
AAPL_Volume,2014-06-09,75415000
AAPL_Volume,2014-06-10,62777000
AAPL_Volume,2014-06-11,45681000
AAPL_Volume,2014-06-12,54749000
AAPL_Volume,2014-06-13,54525000
AAPL_Volume,2014-06-16,35561000
AAPL_Volume,2014-06-17,29726000
AAPL_Volume,2014-06-18,33514000
AAPL_Volume,2014-06-19,35528000
AAPL_Volume,2014-06-20,100898000
AAPL_Volume,2014-06-23,43694000
AAPL_Volume,2014-06-24,39036000
AAPL_Volume,2014-06-25,36869000
AAPL_Volume,2014-06-26,32629000
AAPL_Volume,2014-06-27,64029000
AAPL_Volume,2014-06-30,49482300
AAPL_Volume,2014-07-01,38223000
AAPL_Volume,2014-07-02,28465000
AAPL_Volume,2014-07-03,22891800
AAPL_Volume,2014-07-07,56468000
AAPL_Volume,2014-07-08,65222000
AAPL_Volume,2014-07-09,36436000
AAPL_Volume,2014-07-10,39686000
AAPL_Volume,2014-07-11,34018000
AAPL_Volume,2014-07-14,42810000
AAPL_Volume,2014-07-15,45477900
AAPL_Volume,2014-07-16,53396300
AAPL_Volume,2014-07-17,57298000
AAPL_Volume,2014-07-18,49988000
AAPL_Volume,2014-07-21,39079000
AAPL_Volume,2014-07-22,55197000
AAPL_Volume,2014-07-23,92918000
AAPL_Volume,2014-07-24,45729000
AAPL_Volume,2014-07-25,43469000
AAPL_Volume,2014-07-28,55318000
AAPL_Volume,2014-07-29,43143000
AAPL_Volume,2014-07-30,33010000
AAPL_Volume,2014-07-31,56843000
AAPL_Volume,2014-08-01,48511000
AAPL_Volume,2014-08-04,39958000
AAPL_Volume,2014-08-05,55933000
AAPL_Volume,2014-08-06,38558000
AAPL_Volume,2014-08-07,46711000
AAPL_Volume,2014-08-08,41865000
AAPL_Volume,2014-08-11,36585000
AAPL_Volume,2014-08-12,33795000
AAPL_Volume,2014-08-13,31916000
AAPL_Volume,2014-08-14,28116000
AAPL_Volume,2014-08-15,48951000
AAPL_Volume,2014-08-18,47572000
AAPL_Volume,2014-08-19,69399000
AAPL_Volume,2014-08-20,52699000
AAPL_Volume,2014-08-21,33478000
AAPL_Volume,2014-08-22,44184000
AAPL_Volume,2014-08-25,40270000
AAPL_Volume,2014-08-26,33152000
AAPL_Volume,2014-08-27,52369000
AAPL_Volume,2014-08-28,68460000
AAPL_Volume,2014-08-29,44595000
AAPL_Volume,2014-09-02,53564000
AAPL_Volume,2014-09-03,125421000
AAPL_Volume,2014-09-04,85718000
AAPL_Volume,2014-09-05,58457000
AAPL_Volume,2014-09-08,46356700
AAPL_Volume,2014-09-09,189846300
AAPL_Volume,2014-09-10,100869600
AAPL_Volume,2014-09-11,62353100
AAPL_Volume,2014-09-12,62626100
AAPL_Volume,2014-09-15,61316500
AAPL_Volume,2014-09-16,66908100
AAPL_Volume,2014-09-17,60926500
AAPL_Volume,2014-09-18,37299400
AAPL_Volume,2014-09-19,70902400
AAPL_Volume,2014-09-22,52788400
AAPL_Volume,2014-09-23,63402200
AAPL_Volume,2014-09-24,60171800
AAPL_Volume,2014-09-25,100092000
AAPL_Volume,2014-09-26,62370500
AAPL_Volume,2014-09-29,49766300
AAPL_Volume,2014-09-30,55264100
AAPL_Volume,2014-10-01,51491300
AAPL_Volume,2014-10-02,47757800
AAPL_Volume,2014-10-03,43469600
AAPL_Volume,2014-10-06,37051200
AAPL_Volume,2014-10-07,42094200
AAPL_Volume,2014-10-08,57404700
AAPL_Volume,2014-10-09,77376500
AAPL_Volume,2014-10-10,66331600
AAPL_Volume,2014-10-13,53583400
AAPL_Volume,2014-10-14,63688600
AAPL_Volume,2014-10-15,100933600
AAPL_Volume,2014-10-16,72154500
AAPL_Volume,2014-10-17,68179700
AAPL_Volume,2014-10-20,77517300
AAPL_Volume,2014-10-21,94623900
AAPL_Volume,2014-10-22,68263100
AAPL_Volume,2014-10-23,71074700
AAPL_Volume,2014-10-24,47053900
AAPL_Volume,2014-10-27,34187700
AAPL_Volume,2014-10-28,48060900
AAPL_Volume,2014-10-29,52687900
AAPL_Volume,2014-10-30,40654800
AAPL_Volume,2014-10-31,44639300
AAPL_Volume,2014-11-03,52282600
AAPL_Volume,2014-11-04,41574400
AAPL_Volume,2014-11-05,37435900
AAPL_Volume,2014-11-06,34968500
AAPL_Volume,2014-11-07,33691500
AAPL_Volume,2014-11-10,27195500
AAPL_Volume,2014-11-11,27442300
AAPL_Volume,2014-11-12,46942400
AAPL_Volume,2014-11-13,59522900
AAPL_Volume,2014-11-14,44063600
AAPL_Volume,2014-11-17,46746700
AAPL_Volume,2014-11-18,44224000
AAPL_Volume,2014-11-19,41869200
AAPL_Volume,2014-11-20,43395500
AAPL_Volume,2014-11-21,57179300
AAPL_Volume,2014-11-24,47450800
AAPL_Volume,2014-11-25,68840400
AAPL_Volume,2014-11-26,40768300
AAPL_Volume,2014-11-28,24814400
AAPL_Volume,2014-12-01,83814000
AAPL_Volume,2014-12-02,59348900
AAPL_Volume,2014-12-03,43063400
AAPL_Volume,2014-12-04,42044500
AAPL_Volume,2014-12-05,38318900
AAPL_Volume,2014-12-08,57664900
AAPL_Volume,2014-12-09,60208000
AAPL_Volume,2014-12-10,44565300
AAPL_Volume,2014-12-11,41401700
AAPL_Volume,2014-12-12,56028100
AAPL_Volume,2014-12-15,67218100
AAPL_Volume,2014-12-16,60790700
AAPL_Volume,2014-12-17,53411800
AAPL_Volume,2014-12-18,59006200
AAPL_Volume,2014-12-19,88429800
AAPL_Volume,2014-12-22,45167500
AAPL_Volume,2014-12-23,26028400
AAPL_Volume,2014-12-24,14479600
AAPL_Volume,2014-12-26,33721000
AAPL_Volume,2014-12-29,27598900
AAPL_Volume,2014-12-30,29881500
AAPL_Volume,2014-12-31,41403400
AAPL_Volume,2015-01-02,53204600
AAPL_Volume,2015-01-05,64285500
AAPL_Volume,2015-01-06,65797100
AAPL_Volume,2015-01-07,40105900
AAPL_Volume,2015-01-08,59364500
AAPL_Volume,2015-01-09,53699500
AAPL_Volume,2015-01-12,49650800
AAPL_Volume,2015-01-13,67091900
AAPL_Volume,2015-01-14,48337000
AAPL_Volume,2015-01-15,60014000
AAPL_Volume,2015-01-16,78513300
AAPL_Volume,2015-01-20,49899900
AAPL_Volume,2015-01-21,48575900
AAPL_Volume,2015-01-22,53796400
AAPL_Volume,2015-01-23,46464800
AAPL_Volume,2015-01-26,55615000
AAPL_Volume,2015-01-27,95568700
AAPL_Volume,2015-01-28,146477100
AAPL_Volume,2015-01-29,84436400
AAPL_Volume,2015-01-30,83745500
AAPL_Volume,2015-02-02,62739100
AAPL_Volume,2015-02-03,51915700
AAPL_Volume,2015-02-04,70149700
AAPL_Volume,2015-02-05,42246200
AAPL_Volume,2015-02-06,43706600
AAPL_Volume,2015-02-09,38889800
AAPL_Volume,2015-02-10,62008500
AAPL_Volume,2015-02-11,73561800
AAPL_Volume,2015-02-12,74474500
AAPL_Volume,2015-02-13,54272200
AAPL_Volume,2015-02-17,63152400
AAPL_Volume,2015-02-18,44891700
AAPL_Volume,2015-02-19,37362400
AAPL_Volume,2015-02-20,48948400
AAPL_Volume,2015-02-23,70974100
AAPL_Volume,2015-02-24,69228100
AAPL_Volume,2015-02-25,74711700
AAPL_Volume,2015-02-26,91287500
AAPL_Volume,2015-02-27,62014800
AAPL_Volume,2015-03-02,48096700
AAPL_Volume,2015-03-03,37816300
AAPL_Volume,2015-03-04,31666300
AAPL_Volume,2015-03-05,56517100
AAPL_Volume,2015-03-06,72842100
AAPL_Volume,2015-03-09,88528500
AAPL_Volume,2015-03-10,68856600
AAPL_Volume,2015-03-11,68939000
AAPL_Volume,2015-03-12,48362700
AAPL_Volume,2015-03-13,51827300
AAPL_Volume,2015-03-16,35874300
AAPL_Volume,2015-03-17,51023100
AAPL_Volume,2015-03-18,65270900
AAPL_Volume,2015-03-19,45809500
AAPL_Volume,2015-03-20,68695100
AAPL_Volume,2015-03-23,37709700
AAPL_Volume,2015-03-24,32842300
AAPL_Volume,2015-03-25,51655200
AAPL_Volume,2015-03-26,47572900
AAPL_Volume,2015-03-27,39546200
AAPL_Volume,2015-03-30,47099700
AAPL_Volume,2015-03-31,42090600
AAPL_Volume,2015-04-01,40621400
AAPL_Volume,2015-04-02,32220100
AAPL_Volume,2015-04-06,37194000
AAPL_Volume,2015-04-07,35012300
AAPL_Volume,2015-04-08,37329200
AAPL_Volume,2015-04-09,32484000
AAPL_Volume,2015-04-10,40188000
AAPL_Volume,2015-04-13,36365100
AAPL_Volume,2015-04-14,25524600
AAPL_Volume,2015-04-15,28970400
AAPL_Volume,2015-04-16,28369000
AAPL_Volume,2015-04-17,51957000
AAPL_Volume,2015-04-20,47054300
AAPL_Volume,2015-04-21,32435100
AAPL_Volume,2015-04-22,37654500
AAPL_Volume,2015-04-23,45770900
AAPL_Volume,2015-04-24,44525900
AAPL_Volume,2015-04-27,96954200
AAPL_Volume,2015-04-28,118924000
AAPL_Volume,2015-04-29,63386100
AAPL_Volume,2015-04-30,83195400
AAPL_Volume,2015-05-01,58512600
AAPL_Volume,2015-05-04,50988300
AAPL_Volume,2015-05-05,49271400
AAPL_Volume,2015-05-06,72141000
AAPL_Volume,2015-05-07,43940900
AAPL_Volume,2015-05-08,55550400
AAPL_Volume,2015-05-11,42035800
AAPL_Volume,2015-05-12,48160000
AAPL_Volume,2015-05-13,34694200
AAPL_Volume,2015-05-14,45203500
AAPL_Volume,2015-05-15,38208000
AAPL_Volume,2015-05-18,50882900
AAPL_Volume,2015-05-19,44633200
AAPL_Volume,2015-05-20,36454900
AAPL_Volume,2015-05-21,39730400
AAPL_Volume,2015-05-22,45596000
AAPL_Volume,2015-05-26,70697600
AAPL_Volume,2015-05-27,45833200
AAPL_Volume,2015-05-28,30733300
AAPL_Volume,2015-05-29,50884500
AAPL_Volume,2015-06-01,32112800
AAPL_Volume,2015-06-02,33667600
AAPL_Volume,2015-06-03,30889400
AAPL_Volume,2015-06-04,38450100
AAPL_Volume,2015-06-05,35626800
AAPL_Volume,2015-06-08,52674800
AAPL_Volume,2015-06-09,56075400
AAPL_Volume,2015-06-10,39087300
AAPL_Volume,2015-06-11,35390900
AAPL_Volume,2015-06-12,36886200
AAPL_Volume,2015-06-15,43988900
AAPL_Volume,2015-06-16,31494100
AAPL_Volume,2015-06-17,32918100
AAPL_Volume,2015-06-18,35407200
AAPL_Volume,2015-06-19,54716900
AAPL_Volume,2015-06-22,34039300
AAPL_Volume,2015-06-23,30268900
AAPL_Volume,2015-06-24,55280900
AAPL_Volume,2015-06-25,31938100
AAPL_Volume,2015-06-26,44066800
AAPL_Volume,2015-06-29,49161400
AAPL_Volume,2015-06-30,44370700
AAPL_Volume,2015-07-01,30238800
AAPL_Volume,2015-07-02,27211000
AAPL_Volume,2015-07-06,28060400
AAPL_Volume,2015-07-07,46946800
AAPL_Volume,2015-07-08,60761600
AAPL_Volume,2015-07-09,77821600
AAPL_Volume,2015-07-10,61354500
AAPL_Volume,2015-07-13,41440500
AAPL_Volume,2015-07-14,31768100
AAPL_Volume,2015-07-15,33649200
AAPL_Volume,2015-07-16,36222400
AAPL_Volume,2015-07-17,46164700
AAPL_Volume,2015-07-20,58900200
AAPL_Volume,2015-07-21,76756400
AAPL_Volume,2015-07-22,115450600
AAPL_Volume,2015-07-23,50999500
AAPL_Volume,2015-07-24,42162300
AAPL_Volume,2015-07-27,44455500
AAPL_Volume,2015-07-28,33618100
AAPL_Volume,2015-07-29,37011700
AAPL_Volume,2015-07-30,33628300
AAPL_Volume,2015-07-31,42885000
AAPL_Volume,2015-08-03,69976000
AAPL_Volume,2015-08-04,124138600
AAPL_Volume,2015-08-05,99312600
AAPL_Volume,2015-08-06,52903000
AAPL_Volume,2015-08-07,38670400
AAPL_Volume,2015-08-10,54951600
AAPL_Volume,2015-08-11,97082800
AAPL_Volume,2015-08-12,101217500
AAPL_Volume,2015-08-13,48535800
AAPL_Volume,2015-08-14,42929500
AAPL_Volume,2015-08-17,40884700
AAPL_Volume,2015-08-18,34560700
AAPL_Volume,2015-08-19,47445700
AAPL_Volume,2015-08-20,68501600
AAPL_Volume,2015-08-21,128275500
AAPL_Volume,2015-08-24,162206300
AAPL_Volume,2015-08-25,103601600
AAPL_Volume,2015-08-26,96774600
AAPL_Volume,2015-08-27,84616100
AAPL_Volume,2015-08-28,53164400
AAPL_Volume,2015-08-31,56229300
AAPL_Volume,2015-09-01,76845900
AAPL_Volume,2015-09-02,61888800
AAPL_Volume,2015-09-03,53233900
AAPL_Volume,2015-09-04,49996300
AAPL_Volume,2015-09-08,54843600
AAPL_Volume,2015-09-09,85010800
AAPL_Volume,2015-09-10,62892800
AAPL_Volume,2015-09-11,49915500
AAPL_Volume,2015-09-14,58363400
AAPL_Volume,2015-09-15,43341200
AAPL_Volume,2015-09-16,37173500
AAPL_Volume,2015-09-17,64112600
AAPL_Volume,2015-09-18,74285300
AAPL_Volume,2015-09-21,50222000
AAPL_Volume,2015-09-22,50346200
AAPL_Volume,2015-09-23,35756700
AAPL_Volume,2015-09-24,50219500
AAPL_Volume,2015-09-25,56151900
AAPL_Volume,2015-09-28,52109000
AAPL_Volume,2015-09-29,73365400
AAPL_Volume,2015-09-30,66473000
AAPL_Volume,2015-10-01,63929100
AAPL_Volume,2015-10-02,58019800
AAPL_Volume,2015-10-05,52064700
AAPL_Volume,2015-10-06,48196800
AAPL_Volume,2015-10-07,46765600
AAPL_Volume,2015-10-08,61979600
AAPL_Volume,2015-10-09,52766100
AAPL_Volume,2015-10-12,30467200
AAPL_Volume,2015-10-13,33049300
AAPL_Volume,2015-10-14,44462400
AAPL_Volume,2015-10-15,37673500
AAPL_Volume,2015-10-16,39232600
AAPL_Volume,2015-10-19,29759200
AAPL_Volume,2015-10-20,48778800
AAPL_Volume,2015-10-21,41795200
AAPL_Volume,2015-10-22,41654100
AAPL_Volume,2015-10-23,59366900
AAPL_Volume,2015-10-26,66333800
AAPL_Volume,2015-10-27,69884400
AAPL_Volume,2015-10-28,85551400
AAPL_Volume,2015-10-29,51227300
AAPL_Volume,2015-10-30,49365300
AAPL_Volume,2015-11-02,32203300
AAPL_Volume,2015-11-03,45519000
AAPL_Volume,2015-11-04,44886100
AAPL_Volume,2015-11-05,39552700
AAPL_Volume,2015-11-06,33042300
AAPL_Volume,2015-11-09,33871400
AAPL_Volume,2015-11-10,59127900
AAPL_Volume,2015-11-11,45218000
AAPL_Volume,2015-11-12,32525600
AAPL_Volume,2015-11-13,45812400
AAPL_Volume,2015-11-16,38106700
AAPL_Volume,2015-11-17,27616900
AAPL_Volume,2015-11-18,46674700
AAPL_Volume,2015-11-19,43295800
AAPL_Volume,2015-11-20,34287100
AAPL_Volume,2015-11-23,32482500
AAPL_Volume,2015-11-24,42803200
AAPL_Volume,2015-11-25,21388300
AAPL_Volume,2015-11-27,13046400
AAPL_Volume,2015-11-30,39180300
AAPL_Volume,2015-12-01,34852400
AAPL_Volume,2015-12-02,33386600
AAPL_Volume,2015-12-03,41569500
AAPL_Volume,2015-12-04,57777000
AAPL_Volume,2015-12-07,32084200
AAPL_Volume,2015-12-08,34309500
AAPL_Volume,2015-12-09,46361400
AAPL_Volume,2015-12-10,29104200
AAPL_Volume,2015-12-11,46886200
AAPL_Volume,2015-12-14,64318700
AAPL_Volume,2015-12-15,53323100
AAPL_Volume,2015-12-16,56238500
AAPL_Volume,2015-12-17,44772800
AAPL_Volume,2015-12-18,96453300
AAPL_Volume,2015-12-21,47590600
AAPL_Volume,2015-12-22,32789400
AAPL_Volume,2015-12-23,32657400
AAPL_Volume,2015-12-24,13570400
AAPL_Volume,2015-12-28,26704200
AAPL_Volume,2015-12-29,30931200
AAPL_Volume,2015-12-30,25213800
AAPL_Volume,2015-12-31,40635300
AAPL_Volume,2016-01-04,67649400
AAPL_Volume,2016-01-05,55791000
AAPL_Volume,2016-01-06,68457400
AAPL_Volume,2016-01-07,81094400
AAPL_Volume,2016-01-08,70798000
AAPL_Volume,2016-01-11,49739400
AAPL_Volume,2016-01-12,49154200
AAPL_Volume,2016-01-13,62439600
AAPL_Volume,2016-01-14,63170100
AAPL_Volume,2016-01-15,79010000
AAPL_Volume,2016-01-19,53087700
AAPL_Volume,2016-01-20,72334400
AAPL_Volume,2016-01-21,52161500
AAPL_Volume,2016-01-22,65800500
AAPL_Volume,2016-01-25,51794500
AAPL_Volume,2016-01-26,75077000
AAPL_Volume,2016-01-27,133369700
AAPL_Volume,2016-01-28,55678800
AAPL_Volume,2016-01-29,64416500
AAPL_Volume,2016-02-01,40943500
AAPL_Volume,2016-02-02,37357200
AAPL_Volume,2016-02-03,45964300
AAPL_Volume,2016-02-04,46471700
AAPL_Volume,2016-02-05,46418100
AAPL_Volume,2016-02-08,54021400
AAPL_Volume,2016-02-09,44331200
AAPL_Volume,2016-02-10,42343600
AAPL_Volume,2016-02-11,50074700
AAPL_Volume,2016-02-12,40351400
AAPL_Volume,2016-02-16,49057900
AAPL_Volume,2016-02-17,44863200
AAPL_Volume,2016-02-18,39021000
AAPL_Volume,2016-02-19,35374200
AAPL_Volume,2016-02-22,34280800
AAPL_Volume,2016-02-23,31942600
AAPL_Volume,2016-02-24,36255700
AAPL_Volume,2016-02-25,27582700
AAPL_Volume,2016-02-26,28991100
AAPL_Volume,2016-02-29,35216300
AAPL_Volume,2016-03-01,50407100
AAPL_Volume,2016-03-02,33169600
AAPL_Volume,2016-03-03,36955700
AAPL_Volume,2016-03-04,46055100
AAPL_Volume,2016-03-07,35828900
AAPL_Volume,2016-03-08,31561900
AAPL_Volume,2016-03-09,27201700
AAPL_Volume,2016-03-10,33513600
AAPL_Volume,2016-03-11,27408200
AAPL_Volume,2016-03-14,25076100
AAPL_Volume,2016-03-15,40067700
AAPL_Volume,2016-03-16,38303500
AAPL_Volume,2016-03-17,34420700
AAPL_Volume,2016-03-18,44205200
AAPL_Volume,2016-03-21,35502700
AAPL_Volume,2016-03-22,32444400
AAPL_Volume,2016-03-23,25703500
AAPL_Volume,2016-03-24,26133000
AAPL_Volume,2016-03-28,19411400
AAPL_Volume,2016-03-29,31190100
AAPL_Volume,2016-03-30,45601100
AAPL_Volume,2016-03-31,25888400
AAPL_Volume,2016-04-01,25874000
AAPL_Volume,2016-04-04,37356200
AAPL_Volume,2016-04-05,26578700
AAPL_Volume,2016-04-06,26404100
AAPL_Volume,2016-04-07,31801900
AAPL_Volume,2016-04-08,23581700
AAPL_Volume,2016-04-11,29407500
AAPL_Volume,2016-04-12,27232300
AAPL_Volume,2016-04-13,33257300
AAPL_Volume,2016-04-14,25473900
AAPL_Volume,2016-04-15,46939000
AAPL_Volume,2016-04-18,60834000
AAPL_Volume,2016-04-19,32384900
AAPL_Volume,2016-04-20,30611000
AAPL_Volume,2016-04-21,31552500
AAPL_Volume,2016-04-22,33683100
AAPL_Volume,2016-04-25,28031600
AAPL_Volume,2016-04-26,56016200
AAPL_Volume,2016-04-27,114602100
AAPL_Volume,2016-04-28,82242700
AAPL_Volume,2016-04-29,68531500
AAPL_Volume,2016-05-02,48160100
AAPL_Volume,2016-05-03,56831300
AAPL_Volume,2016-05-04,41025500
AAPL_Volume,2016-05-05,35890500
AAPL_Volume,2016-05-06,43458200
AAPL_Volume,2016-05-09,32936400
AAPL_Volume,2016-05-10,33686800
AAPL_Volume,2016-05-11,28719100
AAPL_Volume,2016-05-12,76314700
AAPL_Volume,2016-05-13,44392800
AAPL_Volume,2016-05-16,61259800
AAPL_Volume,2016-05-17,46916900
AAPL_Volume,2016-05-18,42062400
AAPL_Volume,2016-05-19,30442100
AAPL_Volume,2016-05-20,32026000
AAPL_Volume,2016-05-23,38018600
AAPL_Volume,2016-05-24,35140200
AAPL_Volume,2016-05-25,38168800
AAPL_Volume,2016-05-26,56331200
AAPL_Volume,2016-05-27,36229500
AAPL_Volume,2016-05-31,42307200
AAPL_Volume,2016-06-01,29173300
AAPL_Volume,2016-06-02,40191600
AAPL_Volume,2016-06-03,28062900
AAPL_Volume,2016-06-06,23292500
AAPL_Volume,2016-06-07,22409500
AAPL_Volume,2016-06-08,20848100
AAPL_Volume,2016-06-09,26601400
AAPL_Volume,2016-06-10,31712900
AAPL_Volume,2016-06-13,38020500
AAPL_Volume,2016-06-14,31931900
AAPL_Volume,2016-06-15,29445200
AAPL_Volume,2016-06-16,31326800
AAPL_Volume,2016-06-17,61008200
AAPL_Volume,2016-06-20,34411900
AAPL_Volume,2016-06-21,35546400
AAPL_Volume,2016-06-22,29219100
AAPL_Volume,2016-06-23,32240200
AAPL_Volume,2016-06-24,75311400
AAPL_Volume,2016-06-27,45489600
AAPL_Volume,2016-06-28,40444900
AAPL_Volume,2016-06-29,36531000
AAPL_Volume,2016-06-30,35836400
AAPL_Volume,2016-07-01,26026500
AAPL_Volume,2016-07-05,27705200
AAPL_Volume,2016-07-06,30949100
AAPL_Volume,2016-07-07,25139600
AAPL_Volume,2016-07-08,28912100
AAPL_Volume,2016-07-11,23794900
AAPL_Volume,2016-07-12,24167500
AAPL_Volume,2016-07-13,25892200
AAPL_Volume,2016-07-14,38919000
AAPL_Volume,2016-07-15,30137000
AAPL_Volume,2016-07-18,36493900
AAPL_Volume,2016-07-19,23779900
AAPL_Volume,2016-07-20,26276000
AAPL_Volume,2016-07-21,32702000
AAPL_Volume,2016-07-22,28313700
AAPL_Volume,2016-07-25,40382900
AAPL_Volume,2016-07-26,56239800
AAPL_Volume,2016-07-27,92344800
AAPL_Volume,2016-07-28,39869800
AAPL_Volume,2016-07-29,27733700
AAPL_Volume,2016-08-01,38167900
AAPL_Volume,2016-08-02,33816600
AAPL_Volume,2016-08-03,30202600
AAPL_Volume,2016-08-04,27408700
AAPL_Volume,2016-08-05,40553400
AAPL_Volume,2016-08-08,28037200
AAPL_Volume,2016-08-09,26315200
AAPL_Volume,2016-08-10,24008500
AAPL_Volume,2016-08-11,27484500
AAPL_Volume,2016-08-12,18660400
AAPL_Volume,2016-08-15,25868200
AAPL_Volume,2016-08-16,33794400
AAPL_Volume,2016-08-17,25356000
AAPL_Volume,2016-08-18,21984700
AAPL_Volume,2016-08-19,25368100
AAPL_Volume,2016-08-22,25820200
AAPL_Volume,2016-08-23,21257700
AAPL_Volume,2016-08-24,23675100
AAPL_Volume,2016-08-25,25086200
AAPL_Volume,2016-08-26,27766300
AAPL_Volume,2016-08-29,24970300
AAPL_Volume,2016-08-30,24863900
AAPL_Volume,2016-08-31,29662400
AAPL_Volume,2016-09-01,26701500
AAPL_Volume,2016-09-02,26802500
AAPL_Volume,2016-09-06,26880400
AAPL_Volume,2016-09-07,42364300
AAPL_Volume,2016-09-08,53002000
AAPL_Volume,2016-09-09,46557000
AAPL_Volume,2016-09-12,45292800
AAPL_Volume,2016-09-13,62176200
AAPL_Volume,2016-09-14,110888700
AAPL_Volume,2016-09-15,89983600
AAPL_Volume,2016-09-16,79886900
AAPL_Volume,2016-09-19,47023000
AAPL_Volume,2016-09-20,34514300
AAPL_Volume,2016-09-21,36003200
AAPL_Volume,2016-09-22,31074000
AAPL_Volume,2016-09-23,52481200
AAPL_Volume,2016-09-26,29869400
AAPL_Volume,2016-09-27,24607400
AAPL_Volume,2016-09-28,29641100
AAPL_Volume,2016-09-29,35887000
AAPL_Volume,2016-09-30,36379100
AAPL_Volume,2016-10-03,21701800
AAPL_Volume,2016-10-04,29736800
AAPL_Volume,2016-10-05,21453100
AAPL_Volume,2016-10-06,28779300
AAPL_Volume,2016-10-07,24358400
AAPL_Volume,2016-10-10,36236000
AAPL_Volume,2016-10-11,64041000
AAPL_Volume,2016-10-12,37586800
AAPL_Volume,2016-10-13,35192400
AAPL_Volume,2016-10-14,35652200
AAPL_Volume,2016-10-17,23624900
AAPL_Volume,2016-10-18,24553500
AAPL_Volume,2016-10-19,20034600
AAPL_Volume,2016-10-20,24125800
AAPL_Volume,2016-10-21,23192700
AAPL_Volume,2016-10-24,23538700
AAPL_Volume,2016-10-25,48129000
AAPL_Volume,2016-10-26,66134200
AAPL_Volume,2016-10-27,34562000
AAPL_Volume,2016-10-28,37861700
AAPL_Volume,2016-10-31,26419400
AAPL_Volume,2016-11-01,43825800
AAPL_Volume,2016-11-02,28331700
AAPL_Volume,2016-11-03,26932600
AAPL_Volume,2016-11-04,30837000
AAPL_Volume,2016-11-07,32560000
AAPL_Volume,2016-11-08,24054500
AAPL_Volume,2016-11-09,59176400
AAPL_Volume,2016-11-10,57134500
AAPL_Volume,2016-11-11,34094100
AAPL_Volume,2016-11-14,51175500
AAPL_Volume,2016-11-15,32264500
AAPL_Volume,2016-11-16,58840500
AAPL_Volume,2016-11-17,27632000
AAPL_Volume,2016-11-18,28428900
AAPL_Volume,2016-11-21,29264600
AAPL_Volume,2016-11-22,25965500
AAPL_Volume,2016-11-23,27426400
AAPL_Volume,2016-11-25,11475900
AAPL_Volume,2016-11-28,27194000
AAPL_Volume,2016-11-29,28528800
AAPL_Volume,2016-11-30,36162300
AAPL_Volume,2016-12-01,37086900
AAPL_Volume,2016-12-02,26528000
AAPL_Volume,2016-12-05,34324500
AAPL_Volume,2016-12-06,26195500
AAPL_Volume,2016-12-07,29998700
AAPL_Volume,2016-12-08,27068300
AAPL_Volume,2016-12-09,34402600
AAPL_Volume,2016-12-12,26374400
AAPL_Volume,2016-12-13,43733800
AAPL_Volume,2016-12-14,34031800
AAPL_Volume,2016-12-15,46524500
AAPL_Volume,2016-12-16,44351100
AAPL_Volume,2016-12-19,27779400
AAPL_Volume,2016-12-20,21425000
AAPL_Volume,2016-12-21,23783200
AAPL_Volume,2016-12-22,26085900
AAPL_Volume,2016-12-23,14249500
AAPL_Volume,2016-12-27,18296900
AAPL_Volume,2016-12-28,20905900
AAPL_Volume,2016-12-29,15039500
AAPL_Volume,2016-12-30,30586300
AAPL_Volume,2017-01-03,28781900
AAPL_Volume,2017-01-04,21118100
AAPL_Volume,2017-01-05,22193600
AAPL_Volume,2017-01-06,31751900
AAPL_Volume,2017-01-09,33561900
AAPL_Volume,2017-01-10,24462100
AAPL_Volume,2017-01-11,27588600
AAPL_Volume,2017-01-12,27086200
AAPL_Volume,2017-01-13,26111900
AAPL_Volume,2017-01-17,34439800
AAPL_Volume,2017-01-18,23713000
AAPL_Volume,2017-01-19,25597300
AAPL_Volume,2017-01-20,32597900
AAPL_Volume,2017-01-23,22050200
AAPL_Volume,2017-01-24,23211000
AAPL_Volume,2017-01-25,32377600
AAPL_Volume,2017-01-26,26337600
AAPL_Volume,2017-01-27,20562900
AAPL_Volume,2017-01-30,30377500
AAPL_Volume,2017-01-31,49201000
AAPL_Volume,2017-02-01,111985000
AAPL_Volume,2017-02-02,33710400
AAPL_Volume,2017-02-03,24507300
AAPL_Volume,2017-02-06,26845900
AAPL_Volume,2017-02-07,38183800
AAPL_Volume,2017-02-08,23004100
AAPL_Volume,2017-02-09,28349900
AAPL_Volume,2017-02-10,20065500
AAPL_Volume,2017-02-13,23035400
AAPL_Volume,2017-02-14,33226200
AAPL_Volume,2017-02-15,35623100
AAPL_Volume,2017-02-16,22584600
AAPL_Volume,2017-02-17,22198200
AAPL_Volume,2017-02-21,24507200
AAPL_Volume,2017-02-22,20836900
AAPL_Volume,2017-02-23,20788200
AAPL_Volume,2017-02-24,21776600
AAPL_Volume,2017-02-27,20257400
AAPL_Volume,2017-02-28,23482900
AAPL_Volume,2017-03-01,36414600
AAPL_Volume,2017-03-02,26211000
AAPL_Volume,2017-03-03,21108100
AAPL_Volume,2017-03-06,21750000
AAPL_Volume,2017-03-07,17446300
AAPL_Volume,2017-03-08,18707200
AAPL_Volume,2017-03-09,22155900
AAPL_Volume,2017-03-10,19612800
AAPL_Volume,2017-03-13,17421700
AAPL_Volume,2017-03-14,15309100
AAPL_Volume,2017-03-15,25691800
AAPL_Volume,2017-03-16,19232000
AAPL_Volume,2017-03-17,43885000
AAPL_Volume,2017-03-20,21542000
AAPL_Volume,2017-03-21,39529900
AAPL_Volume,2017-03-22,25860200
AAPL_Volume,2017-03-23,20346300
AAPL_Volume,2017-03-24,22395600
AAPL_Volume,2017-03-27,23575100
AAPL_Volume,2017-03-28,33374800
AAPL_Volume,2017-03-29,29190000
AAPL_Volume,2017-03-30,21207300
AAPL_Volume,2017-03-31,19661700
AAPL_Volume,2017-04-03,19985700
AAPL_Volume,2017-04-04,19891400
AAPL_Volume,2017-04-05,27717900
AAPL_Volume,2017-04-06,21149000
AAPL_Volume,2017-04-07,16672200
AAPL_Volume,2017-04-10,18933400
AAPL_Volume,2017-04-11,30379400
AAPL_Volume,2017-04-12,20350000
AAPL_Volume,2017-04-13,17822900
AAPL_Volume,2017-04-17,16582100
AAPL_Volume,2017-04-18,14697500
AAPL_Volume,2017-04-19,17328400
AAPL_Volume,2017-04-20,23319600
AAPL_Volume,2017-04-21,17320900
AAPL_Volume,2017-04-24,17134300
AAPL_Volume,2017-04-25,18871500
AAPL_Volume,2017-04-26,20041200
AAPL_Volume,2017-04-27,14246300
AAPL_Volume,2017-04-28,20860400
AAPL_Volume,2017-05-01,33602900
AAPL_Volume,2017-05-02,45352200
AAPL_Volume,2017-05-03,45697000
AAPL_Volume,2017-05-04,23371900
AAPL_Volume,2017-05-05,27327700
AAPL_Volume,2017-05-08,48752400
AAPL_Volume,2017-05-09,39130400
AAPL_Volume,2017-05-10,25805700
AAPL_Volume,2017-05-11,27255100
AAPL_Volume,2017-05-12,32527000
AAPL_Volume,2017-05-15,26009700
AAPL_Volume,2017-05-16,20048500
AAPL_Volume,2017-05-17,50767700
AAPL_Volume,2017-05-18,33568200
AAPL_Volume,2017-05-19,26960800
AAPL_Volume,2017-05-22,22966400
AAPL_Volume,2017-05-23,19918900
AAPL_Volume,2017-05-24,19178000
AAPL_Volume,2017-05-25,19235600
AAPL_Volume,2017-05-26,21927600
AAPL_Volume,2017-05-30,20126900
AAPL_Volume,2017-05-31,24451200
AAPL_Volume,2017-06-01,16404100
AAPL_Volume,2017-06-02,27770700
AAPL_Volume,2017-06-05,25331700
AAPL_Volume,2017-06-06,26624900
AAPL_Volume,2017-06-07,21069600
AAPL_Volume,2017-06-08,21250800
AAPL_Volume,2017-06-09,64882700
AAPL_Volume,2017-06-12,72307300
AAPL_Volume,2017-06-13,34165400
AAPL_Volume,2017-06-14,31531200
AAPL_Volume,2017-06-15,32165400
AAPL_Volume,2017-06-16,50361100
AAPL_Volume,2017-06-19,32541400
AAPL_Volume,2017-06-20,24900100
AAPL_Volume,2017-06-21,21265800
AAPL_Volume,2017-06-22,19106300
AAPL_Volume,2017-06-23,35439400
AAPL_Volume,2017-06-26,25692400
AAPL_Volume,2017-06-27,24761900
AAPL_Volume,2017-06-28,22082400
AAPL_Volume,2017-06-29,31499400
AAPL_Volume,2017-06-30,23024100
AAPL_Volume,2017-07-03,14277800
AAPL_Volume,2017-07-05,21569600
AAPL_Volume,2017-07-06,24128800
AAPL_Volume,2017-07-07,19201700
AAPL_Volume,2017-07-10,21090600
AAPL_Volume,2017-07-11,19781800
AAPL_Volume,2017-07-12,24884500
AAPL_Volume,2017-07-13,25199400
AAPL_Volume,2017-07-14,20132100
AAPL_Volume,2017-07-17,23793500
AAPL_Volume,2017-07-18,17868800
AAPL_Volume,2017-07-19,20923000
AAPL_Volume,2017-07-20,17243700
AAPL_Volume,2017-07-21,26252600
AAPL_Volume,2017-07-24,21493200
AAPL_Volume,2017-07-25,18853900
AAPL_Volume,2017-07-26,15781000
AAPL_Volume,2017-07-27,32476300
AAPL_Volume,2017-07-28,17213700
AAPL_Volume,2017-07-31,19845900
AAPL_Volume,2017-08-01,35368600
AAPL_Volume,2017-08-02,69936800
AAPL_Volume,2017-08-03,27097300
AAPL_Volume,2017-08-04,20559900
AAPL_Volume,2017-08-07,21870300
AAPL_Volume,2017-08-08,36205900
AAPL_Volume,2017-08-09,26131500
AAPL_Volume,2017-08-10,40804300
AAPL_Volume,2017-08-11,26257100
AAPL_Volume,2017-08-14,22122700
AAPL_Volume,2017-08-15,29465500
AAPL_Volume,2017-08-16,27671600
AAPL_Volume,2017-08-17,27940600
AAPL_Volume,2017-08-18,27428100
AAPL_Volume,2017-08-21,26368500
AAPL_Volume,2017-08-22,21604600
AAPL_Volume,2017-08-23,19399100
AAPL_Volume,2017-08-24,19818900
AAPL_Volume,2017-08-25,25480100
AAPL_Volume,2017-08-28,25966000
AAPL_Volume,2017-08-29,29516900
AAPL_Volume,2017-08-30,27269600
AAPL_Volume,2017-08-31,26785100
AAPL_Volume,2017-09-01,16591100
AAPL_Volume,2017-09-05,29468500
AAPL_Volume,2017-09-06,21651700
AAPL_Volume,2017-09-07,21928500
AAPL_Volume,2017-09-08,28611500
AAPL_Volume,2017-09-11,31580800
AAPL_Volume,2017-09-12,71714000
AAPL_Volume,2017-09-13,44907400
AAPL_Volume,2017-09-14,23760700
AAPL_Volume,2017-09-15,49114600
AAPL_Volume,2017-09-18,28269400
AAPL_Volume,2017-09-19,20810600
AAPL_Volume,2017-09-20,52951400
AAPL_Volume,2017-09-21,37511700
AAPL_Volume,2017-09-22,46645400
AAPL_Volume,2017-09-25,44387300
AAPL_Volume,2017-09-26,36660000
AAPL_Volume,2017-09-27,25504200
AAPL_Volume,2017-09-28,22005500
AAPL_Volume,2017-09-29,26299800
AAPL_Volume,2017-10-02,18698800
AAPL_Volume,2017-10-03,16230300
AAPL_Volume,2017-10-04,20163800
AAPL_Volume,2017-10-05,21283800
AAPL_Volume,2017-10-06,17407600
AAPL_Volume,2017-10-09,16262900
AAPL_Volume,2017-10-10,15617000
AAPL_Volume,2017-10-11,16905600
AAPL_Volume,2017-10-12,16125100
AAPL_Volume,2017-10-13,16394200
AAPL_Volume,2017-10-16,24121500
AAPL_Volume,2017-10-17,18997300
AAPL_Volume,2017-10-18,16374200
AAPL_Volume,2017-10-19,42584200
AAPL_Volume,2017-10-20,23974100
AAPL_Volume,2017-10-23,21984300
AAPL_Volume,2017-10-24,17757200
AAPL_Volume,2017-10-25,21207100
AAPL_Volume,2017-10-26,17000500
AAPL_Volume,2017-10-27,44454200
AAPL_Volume,2017-10-30,44700800
AAPL_Volume,2017-10-31,36046800
AAPL_Volume,2017-11-01,33637800
AAPL_Volume,2017-11-02,41393400
AAPL_Volume,2017-11-03,59398600
AAPL_Volume,2017-11-06,35026300
AAPL_Volume,2017-11-07,24361500
AAPL_Volume,2017-11-08,24409500
AAPL_Volume,2017-11-09,29482600
AAPL_Volume,2017-11-10,25145500
AAPL_Volume,2017-11-13,16982100
AAPL_Volume,2017-11-14,24782500
AAPL_Volume,2017-11-15,29158100
AAPL_Volume,2017-11-16,23637500
AAPL_Volume,2017-11-17,21899500
AAPL_Volume,2017-11-20,16262400
AAPL_Volume,2017-11-21,25131300
AAPL_Volume,2017-11-22,25588900
AAPL_Volume,2017-11-24,14026700
AAPL_Volume,2017-11-27,20716800
AAPL_Volume,2017-11-28,26428800
AAPL_Volume,2017-11-29,41666400
AAPL_Volume,2017-11-30,41527200
AAPL_Volume,2017-12-01,39759300
AAPL_Volume,2017-12-04,32542400
AAPL_Volume,2017-12-05,27350200
AAPL_Volume,2017-12-06,28560000
AAPL_Volume,2017-12-07,25673300
AAPL_Volume,2017-12-08,23355200
AAPL_Volume,2017-12-11,35273800
AAPL_Volume,2017-12-12,19409200
AAPL_Volume,2017-12-13,23818400
AAPL_Volume,2017-12-14,20476500
AAPL_Volume,2017-12-15,40169300
AAPL_Volume,2017-12-18,29421100
AAPL_Volume,2017-12-19,27436400
AAPL_Volume,2017-12-20,23475600
AAPL_Volume,2017-12-21,20949900
AAPL_Volume,2017-12-22,16114600
AAPL_Volume,2017-12-26,33185500
AAPL_Volume,2017-12-27,21498200
AAPL_Volume,2017-12-28,16480200
AAPL_Volume,2017-12-29,25884400
AAPL_Volume,2018-01-02,25555900
AAPL_Volume,2018-01-03,29517900
AAPL_Volume,2018-01-04,22434600
AAPL_Volume,2018-01-05,23660000
AAPL_Volume,2018-01-08,20567800
AAPL_Volume,2018-01-09,21584000
AAPL_Volume,2018-01-10,23959900
AAPL_Volume,2018-01-11,18667700
AAPL_Volume,2018-01-12,25226000
AAPL_Volume,2018-01-16,29565900
AAPL_Volume,2018-01-17,34386800
AAPL_Volume,2018-01-18,31193400
AAPL_Volume,2018-01-19,32425100
AAPL_Volume,2018-01-22,27108600
AAPL_Volume,2018-01-23,32689100
AAPL_Volume,2018-01-24,51105100
AAPL_Volume,2018-01-25,41529000
AAPL_Volume,2018-01-26,39143000
AAPL_Volume,2018-01-29,50640400
AAPL_Volume,2018-01-30,46048200
AAPL_Volume,2018-01-31,32478900
AAPL_Volume,2018-02-01,47230800
AAPL_Volume,2018-02-02,86593800
AAPL_Volume,2018-02-05,72738500
AAPL_Volume,2018-02-06,68243800
AAPL_Volume,2018-02-07,51608600
AAPL_Volume,2018-02-08,54390500
AAPL_Volume,2018-02-09,70672600
AAPL_Volume,2018-02-12,60819500
AAPL_Volume,2018-02-13,32549200
AAPL_Volume,2018-02-14,40644900
AAPL_Volume,2018-02-15,51147200
AAPL_Volume,2018-02-16,40176100
AAPL_Volume,2018-02-20,33930500
AAPL_Volume,2018-02-21,37471600
AAPL_Volume,2018-02-22,30991900
AAPL_Volume,2018-02-23,33812400
AAPL_Volume,2018-02-26,38162200
AAPL_Volume,2018-02-27,38928100
AAPL_Volume,2018-02-28,37782100
AAPL_Volume,2018-03-01,48802000
AAPL_Volume,2018-03-02,38454000
AAPL_Volume,2018-03-05,28401400
AAPL_Volume,2018-03-06,23788500
AAPL_Volume,2018-03-07,31703500
AAPL_Volume,2018-03-08,23774100
AAPL_Volume,2018-03-09,32185200
AAPL_Volume,2018-03-12,32207100
AAPL_Volume,2018-03-13,31693500
AAPL_Volume,2018-03-14,29368400
AAPL_Volume,2018-03-15,22743800
AAPL_Volume,2018-03-16,39404700
AAPL_Volume,2018-03-19,33446800
AAPL_Volume,2018-03-20,19649400
AAPL_Volume,2018-03-21,36338100
AAPL_Volume,2018-03-22,41490800
AAPL_Volume,2018-03-23,41028800
AAPL_Volume,2018-03-26,37541200
AAPL_Volume,2018-03-27,40922600
AAPL_Volume,2018-03-28,41668500
AAPL_Volume,2018-03-29,38398500
AAPL_Volume,2018-04-02,37586800
AAPL_Volume,2018-04-03,30278000
AAPL_Volume,2018-04-04,34605500
AAPL_Volume,2018-04-05,26933200
AAPL_Volume,2018-04-06,35005300
AAPL_Volume,2018-04-09,29017700
AAPL_Volume,2018-04-10,28408600
AAPL_Volume,2018-04-11,22431600
AAPL_Volume,2018-04-12,22889300
AAPL_Volume,2018-04-13,25124300
AAPL_Volume,2018-04-16,21578400
AAPL_Volume,2018-04-17,26509000
AAPL_Volume,2018-04-18,20754500
AAPL_Volume,2018-04-19,34808800
AAPL_Volume,2018-04-20,65491100
AAPL_Volume,2018-04-23,36515500
AAPL_Volume,2018-04-24,33692000
AAPL_Volume,2018-04-25,28382100
AAPL_Volume,2018-04-26,27963000
AAPL_Volume,2018-04-27,35655800
AAPL_Volume,2018-04-30,42427400
AAPL_Volume,2018-05-01,53569400
AAPL_Volume,2018-05-02,66539400
AAPL_Volume,2018-05-03,34068200
AAPL_Volume,2018-05-04,56201300
AAPL_Volume,2018-05-07,42451400
AAPL_Volume,2018-05-08,28402800
AAPL_Volume,2018-05-09,23211200
AAPL_Volume,2018-05-10,27989300
AAPL_Volume,2018-05-11,26212200
AAPL_Volume,2018-05-14,20778800
AAPL_Volume,2018-05-15,23695200
AAPL_Volume,2018-05-16,19183100
AAPL_Volume,2018-05-17,17294000
AAPL_Volume,2018-05-18,18297700
AAPL_Volume,2018-05-21,18400800
AAPL_Volume,2018-05-22,15240700
AAPL_Volume,2018-05-23,20058400
AAPL_Volume,2018-05-24,23234000
AAPL_Volume,2018-05-25,17461000
AAPL_Volume,2018-05-29,22514100
AAPL_Volume,2018-05-30,18690500
AAPL_Volume,2018-05-31,27482800
AAPL_Volume,2018-06-01,23442500
AAPL_Volume,2018-06-04,26266200
AAPL_Volume,2018-06-05,21566000
AAPL_Volume,2018-06-06,20933600
AAPL_Volume,2018-06-07,21347200
AAPL_Volume,2018-06-08,26656800
AAPL_Volume,2018-06-11,18308500
AAPL_Volume,2018-06-12,16911100
AAPL_Volume,2018-06-13,21638400
AAPL_Volume,2018-06-14,21610100
AAPL_Volume,2018-06-15,61719200
AAPL_Volume,2018-06-18,18484900
AAPL_Volume,2018-06-19,33578500
AAPL_Volume,2018-06-20,20628700
AAPL_Volume,2018-06-21,25711900
AAPL_Volume,2018-06-22,27200400
AAPL_Volume,2018-06-25,31663100
AAPL_Volume,2018-06-26,24569200
AAPL_Volume,2018-06-27,25285300
AAPL_Volume,2018-06-28,17365200
AAPL_Volume,2018-06-29,22737700
AAPL_Volume,2018-07-02,17731300
AAPL_Volume,2018-07-03,13954800
AAPL_Volume,2018-07-05,16604200
AAPL_Volume,2018-07-06,17485200
AAPL_Volume,2018-07-09,19756600
AAPL_Volume,2018-07-10,15939100
AAPL_Volume,2018-07-11,18831500
AAPL_Volume,2018-07-12,18041100
AAPL_Volume,2018-07-13,12513900
AAPL_Volume,2018-07-16,15043100
AAPL_Volume,2018-07-17,15534500
AAPL_Volume,2018-07-18,16393400
AAPL_Volume,2018-07-19,20286800
AAPL_Volume,2018-07-20,20676200
AAPL_Volume,2018-07-23,15989400
AAPL_Volume,2018-07-24,18697900
AAPL_Volume,2018-07-25,16709900
AAPL_Volume,2018-07-26,19076000
AAPL_Volume,2018-07-27,24024000
AAPL_Volume,2018-07-30,21029500
AAPL_Volume,2018-07-31,39373000
AAPL_Volume,2018-08-01,67935700
AAPL_Volume,2018-08-02,62404000
AAPL_Volume,2018-08-03,33447400
AAPL_Volume,2018-08-06,25425400
AAPL_Volume,2018-08-07,25587400
AAPL_Volume,2018-08-08,22525500
AAPL_Volume,2018-08-09,23469200
AAPL_Volume,2018-08-10,24611200
AAPL_Volume,2018-08-13,25869100
AAPL_Volume,2018-08-14,20748000
AAPL_Volume,2018-08-15,28807600
AAPL_Volume,2018-08-16,28500400
AAPL_Volume,2018-08-17,35427000
AAPL_Volume,2018-08-20,30287700
AAPL_Volume,2018-08-21,26159800
AAPL_Volume,2018-08-22,19018100
AAPL_Volume,2018-08-23,18883200
AAPL_Volume,2018-08-24,18476400
AAPL_Volume,2018-08-27,20525100
AAPL_Volume,2018-08-28,22776800
AAPL_Volume,2018-08-29,27254800
AAPL_Volume,2018-08-30,48793800
AAPL_Volume,2018-08-31,43340100
AAPL_Volume,2018-09-04,27390100
AAPL_Volume,2018-09-05,33333000
AAPL_Volume,2018-09-06,34290000
AAPL_Volume,2018-09-07,37619800
AAPL_Volume,2018-09-10,39516500
AAPL_Volume,2018-09-11,35749000
AAPL_Volume,2018-09-12,49278700
AAPL_Volume,2018-09-13,41706400
AAPL_Volume,2018-09-14,31999300
AAPL_Volume,2018-09-17,37195100
AAPL_Volume,2018-09-18,31571700
AAPL_Volume,2018-09-19,27123800
AAPL_Volume,2018-09-20,26608800
AAPL_Volume,2018-09-21,96246700
AAPL_Volume,2018-09-24,27693400
AAPL_Volume,2018-09-25,24554400
AAPL_Volume,2018-09-26,23984700
AAPL_Volume,2018-09-27,30181200
AAPL_Volume,2018-09-28,22929400
AAPL_Volume,2018-10-01,23600800
AAPL_Volume,2018-10-02,24788200
AAPL_Volume,2018-10-03,28654800
AAPL_Volume,2018-10-04,32042000
AAPL_Volume,2018-10-05,33580500
AAPL_Volume,2018-10-08,29663900
AAPL_Volume,2018-10-09,26891000
AAPL_Volume,2018-10-10,41990600
AAPL_Volume,2018-10-11,53124400
AAPL_Volume,2018-10-12,40337900
AAPL_Volume,2018-10-15,30791000
AAPL_Volume,2018-10-16,29184000
AAPL_Volume,2018-10-17,22885400
AAPL_Volume,2018-10-18,32581300
AAPL_Volume,2018-10-19,33078700
AAPL_Volume,2018-10-22,28792100
AAPL_Volume,2018-10-23,38767800
AAPL_Volume,2018-10-24,40925500
AAPL_Volume,2018-10-25,29855800
AAPL_Volume,2018-10-26,47258400
AAPL_Volume,2018-10-29,45935500
AAPL_Volume,2018-10-30,36660000
AAPL_Volume,2018-10-31,38358900
AAPL_Volume,2018-11-01,58323200
AAPL_Volume,2018-11-02,91328700
AAPL_Volume,2018-11-05,66163700
AAPL_Volume,2018-11-06,31882900
AAPL_Volume,2018-11-07,33424400
AAPL_Volume,2018-11-08,25362600
AAPL_Volume,2018-11-09,34365800
AAPL_Volume,2018-11-12,51135500
AAPL_Volume,2018-11-13,46882900
AAPL_Volume,2018-11-14,60801000
AAPL_Volume,2018-11-15,46478800
AAPL_Volume,2018-11-16,36928300
AAPL_Volume,2018-11-19,41925300
AAPL_Volume,2018-11-20,67825200
AAPL_Volume,2018-11-21,31124200
AAPL_Volume,2018-11-23,23624000
AAPL_Volume,2018-11-26,44998500
AAPL_Volume,2018-11-27,41387400
AAPL_Volume,2018-11-28,46062500
AAPL_Volume,2018-11-29,41770000
AAPL_Volume,2018-11-30,39531500
AAPL_Volume,2018-12-03,40802500
AAPL_Volume,2018-12-04,41344300
AAPL_Volume,2018-12-06,43098400
AAPL_Volume,2018-12-07,42281600
AAPL_Volume,2018-12-10,62026000
AAPL_Volume,2018-12-11,47281700
AAPL_Volume,2018-12-12,35627700
AAPL_Volume,2018-12-13,31898600
AAPL_Volume,2018-12-14,40703700
AAPL_Volume,2018-12-17,44287900
AAPL_Volume,2018-12-18,33841500
AAPL_Volume,2018-12-19,49047300
AAPL_Volume,2018-12-20,64773000
AAPL_Volume,2018-12-21,95744600
AAPL_Volume,2018-12-24,37169200
AAPL_Volume,2018-12-26,58582500
AAPL_Volume,2018-12-27,53117100
AAPL_Volume,2018-12-28,42291400
AAPL_Volume,2018-12-31,35003500
AMZN_Volume,2014-01-02,2137800
AMZN_Volume,2014-01-03,2210200
AMZN_Volume,2014-01-06,3170600
AMZN_Volume,2014-01-07,1916000
AMZN_Volume,2014-01-08,2316500
AMZN_Volume,2014-01-09,2103000
AMZN_Volume,2014-01-10,2679500
AMZN_Volume,2014-01-13,2844900
AMZN_Volume,2014-01-14,2340100
AMZN_Volume,2014-01-15,2678300
AMZN_Volume,2014-01-16,2601200
AMZN_Volume,2014-01-17,4505100
AMZN_Volume,2014-01-21,3122100
AMZN_Volume,2014-01-22,2060500
AMZN_Volume,2014-01-23,3025400
AMZN_Volume,2014-01-24,4458400
AMZN_Volume,2014-01-27,3936800
AMZN_Volume,2014-01-28,2894500
AMZN_Volume,2014-01-29,3382300
AMZN_Volume,2014-01-30,10473900
AMZN_Volume,2014-01-31,16154800
AMZN_Volume,2014-02-03,10280800
AMZN_Volume,2014-02-04,4812900
AMZN_Volume,2014-02-05,4435400
AMZN_Volume,2014-02-06,3335700
AMZN_Volume,2014-02-07,4330500
AMZN_Volume,2014-02-10,3449700
AMZN_Volume,2014-02-11,3222100
AMZN_Volume,2014-02-12,6587700
AMZN_Volume,2014-02-13,4175000
AMZN_Volume,2014-02-14,3520200
AMZN_Volume,2014-02-18,4998000
AMZN_Volume,2014-02-19,4168100
AMZN_Volume,2014-02-20,3492800
AMZN_Volume,2014-02-21,4210000
AMZN_Volume,2014-02-24,3644700
AMZN_Volume,2014-02-25,3736400
AMZN_Volume,2014-02-26,3622100
AMZN_Volume,2014-02-27,3104900
AMZN_Volume,2014-02-28,3882000
AMZN_Volume,2014-03-03,2798300
AMZN_Volume,2014-03-04,2704400
AMZN_Volume,2014-03-05,3848300
AMZN_Volume,2014-03-06,2926600
AMZN_Volume,2014-03-07,2279800
AMZN_Volume,2014-03-10,2105800
AMZN_Volume,2014-03-11,2246100
AMZN_Volume,2014-03-12,2216600
AMZN_Volume,2014-03-13,6829000
AMZN_Volume,2014-03-14,4402200
AMZN_Volume,2014-03-17,2303000
AMZN_Volume,2014-03-18,2483500
AMZN_Volume,2014-03-19,2646700
AMZN_Volume,2014-03-20,2558500
AMZN_Volume,2014-03-21,5414100
AMZN_Volume,2014-03-24,4873500
AMZN_Volume,2014-03-25,4445700
AMZN_Volume,2014-03-26,4120700
AMZN_Volume,2014-03-27,5766400
AMZN_Volume,2014-03-28,3986800
AMZN_Volume,2014-03-31,4297500
AMZN_Volume,2014-04-01,3600100
AMZN_Volume,2014-04-02,4475500
AMZN_Volume,2014-04-03,6399300
AMZN_Volume,2014-04-04,12534600
AMZN_Volume,2014-04-07,7077400
AMZN_Volume,2014-04-08,6577600
AMZN_Volume,2014-04-09,5056600
AMZN_Volume,2014-04-10,6126700
AMZN_Volume,2014-04-11,7287500
AMZN_Volume,2014-04-14,4293500
AMZN_Volume,2014-04-15,5398600
AMZN_Volume,2014-04-16,4284900
AMZN_Volume,2014-04-17,4299200
AMZN_Volume,2014-04-21,2999400
AMZN_Volume,2014-04-22,3711600
AMZN_Volume,2014-04-23,3604600
AMZN_Volume,2014-04-24,9293700
AMZN_Volume,2014-04-25,16180200
AMZN_Volume,2014-04-28,14479800
AMZN_Volume,2014-04-29,6509300
AMZN_Volume,2014-04-30,4088600
AMZN_Volume,2014-05-01,4328600
AMZN_Volume,2014-05-02,3995100
AMZN_Volume,2014-05-05,2519900
AMZN_Volume,2014-05-06,4682300
AMZN_Volume,2014-05-07,7015200
AMZN_Volume,2014-05-08,3848200
AMZN_Volume,2014-05-09,4063000
AMZN_Volume,2014-05-12,3729600
AMZN_Volume,2014-05-13,3509900
AMZN_Volume,2014-05-14,3323300
AMZN_Volume,2014-05-15,4295100
AMZN_Volume,2014-05-16,3636800
AMZN_Volume,2014-05-19,2284200
AMZN_Volume,2014-05-20,4095700
AMZN_Volume,2014-05-21,3408800
AMZN_Volume,2014-05-22,2576800
AMZN_Volume,2014-05-23,3052900
AMZN_Volume,2014-05-27,4862100
AMZN_Volume,2014-05-28,2726000
AMZN_Volume,2014-05-29,2365500
AMZN_Volume,2014-05-30,4260200
AMZN_Volume,2014-06-02,2203400
AMZN_Volume,2014-06-03,2379200
AMZN_Volume,2014-06-04,2107100
AMZN_Volume,2014-06-05,7796700
AMZN_Volume,2014-06-06,5244000
AMZN_Volume,2014-06-09,3212200
AMZN_Volume,2014-06-10,3663400
AMZN_Volume,2014-06-11,4436800
AMZN_Volume,2014-06-12,4276300
AMZN_Volume,2014-06-13,2764800
AMZN_Volume,2014-06-16,2449800
AMZN_Volume,2014-06-17,2924100
AMZN_Volume,2014-06-18,6401500
AMZN_Volume,2014-06-19,5320600
AMZN_Volume,2014-06-20,6054000
AMZN_Volume,2014-06-23,2604800
AMZN_Volume,2014-06-24,2626600
AMZN_Volume,2014-06-25,2327800
AMZN_Volume,2014-06-26,2699500
AMZN_Volume,2014-06-27,2416200
AMZN_Volume,2014-06-30,2671300
AMZN_Volume,2014-07-01,3173600
AMZN_Volume,2014-07-02,2681300
AMZN_Volume,2014-07-03,1944300
AMZN_Volume,2014-07-07,2128900
AMZN_Volume,2014-07-08,4271600
AMZN_Volume,2014-07-09,3166100
AMZN_Volume,2014-07-10,2665000
AMZN_Volume,2014-07-11,8300800
AMZN_Volume,2014-07-14,5609900
AMZN_Volume,2014-07-15,4170900
AMZN_Volume,2014-07-16,3503600
AMZN_Volume,2014-07-17,3636000
AMZN_Volume,2014-07-18,3407400
AMZN_Volume,2014-07-21,2278400
AMZN_Volume,2014-07-22,2888900
AMZN_Volume,2014-07-23,2687300
AMZN_Volume,2014-07-24,7088700
AMZN_Volume,2014-07-25,17846500
AMZN_Volume,2014-07-28,5932000
AMZN_Volume,2014-07-29,2883800
AMZN_Volume,2014-07-30,3969000
AMZN_Volume,2014-07-31,5192000
AMZN_Volume,2014-08-01,7441500
AMZN_Volume,2014-08-04,4200900
AMZN_Volume,2014-08-05,2852100
AMZN_Volume,2014-08-06,2296900
AMZN_Volume,2014-08-07,2935600
AMZN_Volume,2014-08-08,2705900
AMZN_Volume,2014-08-11,2468600
AMZN_Volume,2014-08-12,1915800
AMZN_Volume,2014-08-13,4939100
AMZN_Volume,2014-08-14,3420400
AMZN_Volume,2014-08-15,3896700
AMZN_Volume,2014-08-18,2485400
AMZN_Volume,2014-08-19,1713800
AMZN_Volume,2014-08-20,1810500
AMZN_Volume,2014-08-21,1971100
AMZN_Volume,2014-08-22,2211200
AMZN_Volume,2014-08-25,1957700
AMZN_Volume,2014-08-26,3654700
AMZN_Volume,2014-08-27,2961600
AMZN_Volume,2014-08-28,2252700
AMZN_Volume,2014-08-29,1939500
AMZN_Volume,2014-09-02,2326000
AMZN_Volume,2014-09-03,1993700
AMZN_Volume,2014-09-04,3965600
AMZN_Volume,2014-09-05,2107000
AMZN_Volume,2014-09-08,2955300
AMZN_Volume,2014-09-09,4646800
AMZN_Volume,2014-09-10,3797400
AMZN_Volume,2014-09-11,2720200
AMZN_Volume,2014-09-12,3429300
AMZN_Volume,2014-09-15,4000400
AMZN_Volume,2014-09-16,3259900
AMZN_Volume,2014-09-17,4136000
AMZN_Volume,2014-09-18,2576900
AMZN_Volume,2014-09-19,6886200
AMZN_Volume,2014-09-22,3109700
AMZN_Volume,2014-09-23,2352600
AMZN_Volume,2014-09-24,2642200
AMZN_Volume,2014-09-25,2928800
AMZN_Volume,2014-09-26,3638000
AMZN_Volume,2014-09-29,1924600
AMZN_Volume,2014-09-30,2636200
AMZN_Volume,2014-10-01,3089100
AMZN_Volume,2014-10-02,3553900
AMZN_Volume,2014-10-03,3037400
AMZN_Volume,2014-10-06,2290300
AMZN_Volume,2014-10-07,2365400
AMZN_Volume,2014-10-08,3452800
AMZN_Volume,2014-10-09,3587900
AMZN_Volume,2014-10-10,3681900
AMZN_Volume,2014-10-13,4363900
AMZN_Volume,2014-10-14,3385800
AMZN_Volume,2014-10-15,5343900
AMZN_Volume,2014-10-16,4731300
AMZN_Volume,2014-10-17,4405100
AMZN_Volume,2014-10-20,3234500
AMZN_Volume,2014-10-21,3559300
AMZN_Volume,2014-10-22,3125900
AMZN_Volume,2014-10-23,9038200
AMZN_Volume,2014-10-24,19801100
AMZN_Volume,2014-10-27,5950600
AMZN_Volume,2014-10-28,5572600
AMZN_Volume,2014-10-29,4881900
AMZN_Volume,2014-10-30,4055200
AMZN_Volume,2014-10-31,4550700
AMZN_Volume,2014-11-03,3242500
AMZN_Volume,2014-11-04,3427400
AMZN_Volume,2014-11-05,4674500
AMZN_Volume,2014-11-06,3758100
AMZN_Volume,2014-11-07,2647400
AMZN_Volume,2014-11-10,2809100
AMZN_Volume,2014-11-11,3803600
AMZN_Volume,2014-11-12,2183000
AMZN_Volume,2014-11-13,3686400
AMZN_Volume,2014-11-14,8877800
AMZN_Volume,2014-11-17,4784900
AMZN_Volume,2014-11-18,3549500
AMZN_Volume,2014-11-19,3281600
AMZN_Volume,2014-11-20,3436700
AMZN_Volume,2014-11-21,4466600
AMZN_Volume,2014-11-24,2754200
AMZN_Volume,2014-11-25,2565000
AMZN_Volume,2014-11-26,1983600
AMZN_Volume,2014-11-28,3051800
AMZN_Volume,2014-12-01,4944900
AMZN_Volume,2014-12-02,2790300
AMZN_Volume,2014-12-03,5681000
AMZN_Volume,2014-12-04,3290300
AMZN_Volume,2014-12-05,3265200
AMZN_Volume,2014-12-08,3639200
AMZN_Volume,2014-12-09,4049500
AMZN_Volume,2014-12-10,3245900
AMZN_Volume,2014-12-11,3262900
AMZN_Volume,2014-12-12,3153500
AMZN_Volume,2014-12-15,3841600
AMZN_Volume,2014-12-16,6501300
AMZN_Volume,2014-12-17,4433500
AMZN_Volume,2014-12-18,7738100
AMZN_Volume,2014-12-19,8709100
AMZN_Volume,2014-12-22,4003800
AMZN_Volume,2014-12-23,2713700
AMZN_Volume,2014-12-24,1513800
AMZN_Volume,2014-12-26,2893800
AMZN_Volume,2014-12-29,3009000
AMZN_Volume,2014-12-30,2093000
AMZN_Volume,2014-12-31,2048000
AMZN_Volume,2015-01-02,2783200
AMZN_Volume,2015-01-05,2774200
AMZN_Volume,2015-01-06,3519000
AMZN_Volume,2015-01-07,2640300
AMZN_Volume,2015-01-08,3088400
AMZN_Volume,2015-01-09,2589500
AMZN_Volume,2015-01-12,3421400
AMZN_Volume,2015-01-13,4130900
AMZN_Volume,2015-01-14,5538700
AMZN_Volume,2015-01-15,4419200
AMZN_Volume,2015-01-16,3478200
AMZN_Volume,2015-01-20,3062500
AMZN_Volume,2015-01-21,10065100
AMZN_Volume,2015-01-22,5362600
AMZN_Volume,2015-01-23,4467100
AMZN_Volume,2015-01-26,3169700
AMZN_Volume,2015-01-27,2920300
AMZN_Volume,2015-01-28,3063800
AMZN_Volume,2015-01-29,8656600
AMZN_Volume,2015-01-30,23856100
AMZN_Volume,2015-02-02,10231900
AMZN_Volume,2015-02-03,6204100
AMZN_Volume,2015-02-04,4169900
AMZN_Volume,2015-02-05,7247600
AMZN_Volume,2015-02-06,3871300
AMZN_Volume,2015-02-09,2724600
AMZN_Volume,2015-02-10,2287200
AMZN_Volume,2015-02-11,2786500
AMZN_Volume,2015-02-12,2791100
AMZN_Volume,2015-02-13,3475100
AMZN_Volume,2015-02-17,3673200
AMZN_Volume,2015-02-18,2523500
AMZN_Volume,2015-02-19,2953800
AMZN_Volume,2015-02-20,3258000
AMZN_Volume,2015-02-23,2177000
AMZN_Volume,2015-02-24,1920800
AMZN_Volume,2015-02-25,3174500
AMZN_Volume,2015-02-26,2687100
AMZN_Volume,2015-02-27,2532300
AMZN_Volume,2015-03-02,2139200
AMZN_Volume,2015-03-03,1946500
AMZN_Volume,2015-03-04,2252700
AMZN_Volume,2015-03-05,2693500
AMZN_Volume,2015-03-06,2627000
AMZN_Volume,2015-03-09,2311400
AMZN_Volume,2015-03-10,3079600
AMZN_Volume,2015-03-11,2495100
AMZN_Volume,2015-03-12,2810000
AMZN_Volume,2015-03-13,2611700
AMZN_Volume,2015-03-16,2354100
AMZN_Volume,2015-03-17,2034200
AMZN_Volume,2015-03-18,2640600
AMZN_Volume,2015-03-19,1915700
AMZN_Volume,2015-03-20,3763600
AMZN_Volume,2015-03-23,2235300
AMZN_Volume,2015-03-24,2228200
AMZN_Volume,2015-03-25,3429500
AMZN_Volume,2015-03-26,2930000
AMZN_Volume,2015-03-27,2603800
AMZN_Volume,2015-03-30,1820900
AMZN_Volume,2015-03-31,2506100
AMZN_Volume,2015-04-01,2451100
AMZN_Volume,2015-04-02,1875300
AMZN_Volume,2015-04-06,3050700
AMZN_Volume,2015-04-07,1954900
AMZN_Volume,2015-04-08,2636400
AMZN_Volume,2015-04-09,2392300
AMZN_Volume,2015-04-10,2573500
AMZN_Volume,2015-04-13,1894500
AMZN_Volume,2015-04-14,2548800
AMZN_Volume,2015-04-15,1933200
AMZN_Volume,2015-04-16,2080400
AMZN_Volume,2015-04-17,3839700
AMZN_Volume,2015-04-20,5001400
AMZN_Volume,2015-04-21,4643500
AMZN_Volume,2015-04-22,3474700
AMZN_Volume,2015-04-23,7980000
AMZN_Volume,2015-04-24,17176900
AMZN_Volume,2015-04-27,5430900
AMZN_Volume,2015-04-28,4140500
AMZN_Volume,2015-04-29,3621700
AMZN_Volume,2015-04-30,3647900
AMZN_Volume,2015-05-01,3565800
AMZN_Volume,2015-05-04,2270400
AMZN_Volume,2015-05-05,2856400
AMZN_Volume,2015-05-06,2552500
AMZN_Volume,2015-05-07,2766100
AMZN_Volume,2015-05-08,2908800
AMZN_Volume,2015-05-11,2393700
AMZN_Volume,2015-05-12,1947800
AMZN_Volume,2015-05-13,1996300
AMZN_Volume,2015-05-14,1888500
AMZN_Volume,2015-05-15,4240300
AMZN_Volume,2015-05-18,2268700
AMZN_Volume,2015-05-19,2464200
AMZN_Volume,2015-05-20,2196200
AMZN_Volume,2015-05-21,4121400
AMZN_Volume,2015-05-22,2020600
AMZN_Volume,2015-05-26,2244200
AMZN_Volume,2015-05-27,2231100
AMZN_Volume,2015-05-28,1912400
AMZN_Volume,2015-05-29,3008600
AMZN_Volume,2015-06-01,2253300
AMZN_Volume,2015-06-02,1668900
AMZN_Volume,2015-06-03,2727900
AMZN_Volume,2015-06-04,2510800
AMZN_Volume,2015-06-05,1907900
AMZN_Volume,2015-06-08,2166900
AMZN_Volume,2015-06-09,2288700
AMZN_Volume,2015-06-10,2172300
AMZN_Volume,2015-06-11,2922500
AMZN_Volume,2015-06-12,2054400
AMZN_Volume,2015-06-15,2051000
AMZN_Volume,2015-06-16,2296400
AMZN_Volume,2015-06-17,2185900
AMZN_Volume,2015-06-18,3378400
AMZN_Volume,2015-06-19,4495100
AMZN_Volume,2015-06-22,1823600
AMZN_Volume,2015-06-23,3245000
AMZN_Volume,2015-06-24,2620800
AMZN_Volume,2015-06-25,2237500
AMZN_Volume,2015-06-26,2624500
AMZN_Volume,2015-06-29,2753200
AMZN_Volume,2015-06-30,2596900
AMZN_Volume,2015-07-01,1987100
AMZN_Volume,2015-07-02,1343400
AMZN_Volume,2015-07-06,1903200
AMZN_Volume,2015-07-07,3454200
AMZN_Volume,2015-07-08,2383100
AMZN_Volume,2015-07-09,2271400
AMZN_Volume,2015-07-10,2401000
AMZN_Volume,2015-07-13,3956800
AMZN_Volume,2015-07-14,4736200
AMZN_Volume,2015-07-15,2987400
AMZN_Volume,2015-07-16,4095600
AMZN_Volume,2015-07-17,4932200
AMZN_Volume,2015-07-20,4752500
AMZN_Volume,2015-07-21,3181800
AMZN_Volume,2015-07-22,3114900
AMZN_Volume,2015-07-23,9374400
AMZN_Volume,2015-07-24,21909400
AMZN_Volume,2015-07-27,7491000
AMZN_Volume,2015-07-28,5273100
AMZN_Volume,2015-07-29,3752600
AMZN_Volume,2015-07-30,3743100
AMZN_Volume,2015-07-31,3025600
AMZN_Volume,2015-08-03,3014200
AMZN_Volume,2015-08-04,2934600
AMZN_Volume,2015-08-05,2889400
AMZN_Volume,2015-08-06,3820500
AMZN_Volume,2015-08-07,3969200
AMZN_Volume,2015-08-10,2615900
AMZN_Volume,2015-08-11,2657900
AMZN_Volume,2015-08-12,3962300
AMZN_Volume,2015-08-13,2895200
AMZN_Volume,2015-08-14,1983200
AMZN_Volume,2015-08-17,2581700
AMZN_Volume,2015-08-18,2071300
AMZN_Volume,2015-08-19,2324000
AMZN_Volume,2015-08-20,4408000
AMZN_Volume,2015-08-21,6706500
AMZN_Volume,2015-08-24,10097600
AMZN_Volume,2015-08-25,5679300
AMZN_Volume,2015-08-26,6358600
AMZN_Volume,2015-08-27,6114500
AMZN_Volume,2015-08-28,2746700
AMZN_Volume,2015-08-31,2983000
AMZN_Volume,2015-09-01,3864500
AMZN_Volume,2015-09-02,3707100
AMZN_Volume,2015-09-03,3149700
AMZN_Volume,2015-09-04,2692500
AMZN_Volume,2015-09-08,3810700
AMZN_Volume,2015-09-09,4338700
AMZN_Volume,2015-09-10,2576000
AMZN_Volume,2015-09-11,3227900
AMZN_Volume,2015-09-14,3130200
AMZN_Volume,2015-09-15,2845600
AMZN_Volume,2015-09-16,2252800
AMZN_Volume,2015-09-17,4169500
AMZN_Volume,2015-09-18,6125600
AMZN_Volume,2015-09-21,3283300
AMZN_Volume,2015-09-22,3841700
AMZN_Volume,2015-09-23,2237600
AMZN_Volume,2015-09-24,3501000
AMZN_Volume,2015-09-25,4031000
AMZN_Volume,2015-09-28,5434500
AMZN_Volume,2015-09-29,4457500
AMZN_Volume,2015-09-30,3990400
AMZN_Volume,2015-10-01,3768500
AMZN_Volume,2015-10-02,4597800
AMZN_Volume,2015-10-05,3391400
AMZN_Volume,2015-10-06,4502800
AMZN_Volume,2015-10-07,3812100
AMZN_Volume,2015-10-08,4676400
AMZN_Volume,2015-10-09,3537400
AMZN_Volume,2015-10-12,2776100
AMZN_Volume,2015-10-13,2938000
AMZN_Volume,2015-10-14,3582100
AMZN_Volume,2015-10-15,4937000
AMZN_Volume,2015-10-16,4315800
AMZN_Volume,2015-10-19,4375400
AMZN_Volume,2015-10-20,4327900
AMZN_Volume,2015-10-21,3343600
AMZN_Volume,2015-10-22,7779400
AMZN_Volume,2015-10-23,10692700
AMZN_Volume,2015-10-26,4269700
AMZN_Volume,2015-10-27,3787100
AMZN_Volume,2015-10-28,3926200
AMZN_Volume,2015-10-29,3858600
AMZN_Volume,2015-10-30,3874400
AMZN_Volume,2015-11-02,2816500
AMZN_Volume,2015-11-03,3246900
AMZN_Volume,2015-11-04,4831800
AMZN_Volume,2015-11-05,4723800
AMZN_Volume,2015-11-06,4092200
AMZN_Volume,2015-11-09,4048800
AMZN_Volume,2015-11-10,3489500
AMZN_Volume,2015-11-11,5387300
AMZN_Volume,2015-11-12,4284700
AMZN_Volume,2015-11-13,6261100
AMZN_Volume,2015-11-16,7435900
AMZN_Volume,2015-11-17,4320200
AMZN_Volume,2015-11-18,4469800
AMZN_Volume,2015-11-19,4705200
AMZN_Volume,2015-11-20,3896100
AMZN_Volume,2015-11-23,4385100
AMZN_Volume,2015-11-24,4543400
AMZN_Volume,2015-11-25,2697900
AMZN_Volume,2015-11-27,1966800
AMZN_Volume,2015-11-30,5693200
AMZN_Volume,2015-12-01,4751200
AMZN_Volume,2015-12-02,4273500
AMZN_Volume,2015-12-03,5064700
AMZN_Volume,2015-12-04,4534800
AMZN_Volume,2015-12-07,3732800
AMZN_Volume,2015-12-08,3651900
AMZN_Volume,2015-12-09,5158200
AMZN_Volume,2015-12-10,3440200
AMZN_Volume,2015-12-11,5474400
AMZN_Volume,2015-12-14,4329700
AMZN_Volume,2015-12-15,4753400
AMZN_Volume,2015-12-16,3964500
AMZN_Volume,2015-12-17,3681600
AMZN_Volume,2015-12-18,6841300
AMZN_Volume,2015-12-21,3250900
AMZN_Volume,2015-12-22,2664000
AMZN_Volume,2015-12-23,2722900
AMZN_Volume,2015-12-24,1093000
AMZN_Volume,2015-12-28,3775800
AMZN_Volume,2015-12-29,5735000
AMZN_Volume,2015-12-30,3519000
AMZN_Volume,2015-12-31,3749600
AMZN_Volume,2016-01-04,9314500
AMZN_Volume,2016-01-05,5822600
AMZN_Volume,2016-01-06,5329200
AMZN_Volume,2016-01-07,7074900
AMZN_Volume,2016-01-08,5512900
AMZN_Volume,2016-01-11,4869200
AMZN_Volume,2016-01-12,4724100
AMZN_Volume,2016-01-13,7655200
AMZN_Volume,2016-01-14,7238000
AMZN_Volume,2016-01-15,7784500
AMZN_Volume,2016-01-19,4807200
AMZN_Volume,2016-01-20,7966400
AMZN_Volume,2016-01-21,4952200
AMZN_Volume,2016-01-22,5120100
AMZN_Volume,2016-01-25,4396100
AMZN_Volume,2016-01-26,3743200
AMZN_Volume,2016-01-27,5152900
AMZN_Volume,2016-01-28,14015200
AMZN_Volume,2016-01-29,14677600
AMZN_Volume,2016-02-01,6355100
AMZN_Volume,2016-02-02,6312000
AMZN_Volume,2016-02-03,10048700
AMZN_Volume,2016-02-04,6176600
AMZN_Volume,2016-02-05,9708900
AMZN_Volume,2016-02-08,9825500
AMZN_Volume,2016-02-09,7045900
AMZN_Volume,2016-02-10,6786200
AMZN_Volume,2016-02-11,7397400
AMZN_Volume,2016-02-12,5384800
AMZN_Volume,2016-02-16,5118500
AMZN_Volume,2016-02-17,4824000
AMZN_Volume,2016-02-18,4735000
AMZN_Volume,2016-02-19,4974700
AMZN_Volume,2016-02-22,5566600
AMZN_Volume,2016-02-23,4050800
AMZN_Volume,2016-02-24,6231700
AMZN_Volume,2016-02-25,4510500
AMZN_Volume,2016-02-26,4877000
AMZN_Volume,2016-02-29,4145400
AMZN_Volume,2016-03-01,5038500
AMZN_Volume,2016-03-02,4582200
AMZN_Volume,2016-03-03,2736700
AMZN_Volume,2016-03-04,3416500
AMZN_Volume,2016-03-07,4926900
AMZN_Volume,2016-03-08,4730000
AMZN_Volume,2016-03-09,4377300
AMZN_Volume,2016-03-10,3914300
AMZN_Volume,2016-03-11,3771300
AMZN_Volume,2016-03-14,3454200
AMZN_Volume,2016-03-15,3876800
AMZN_Volume,2016-03-16,3537700
AMZN_Volume,2016-03-17,5928100
AMZN_Volume,2016-03-18,7296900
AMZN_Volume,2016-03-21,5155700
AMZN_Volume,2016-03-22,4000600
AMZN_Volume,2016-03-23,3983700
AMZN_Volume,2016-03-24,5185500
AMZN_Volume,2016-03-28,3121500
AMZN_Volume,2016-03-29,4167100
AMZN_Volume,2016-03-30,3890500
AMZN_Volume,2016-03-31,2681800
AMZN_Volume,2016-04-01,2917400
AMZN_Volume,2016-04-04,2470800
AMZN_Volume,2016-04-05,2308900
AMZN_Volume,2016-04-06,2833500
AMZN_Volume,2016-04-07,3189000
AMZN_Volume,2016-04-08,2591900
AMZN_Volume,2016-04-11,2704300
AMZN_Volume,2016-04-12,2636300
AMZN_Volume,2016-04-13,4228300
AMZN_Volume,2016-04-14,3474300
AMZN_Volume,2016-04-15,2887700
AMZN_Volume,2016-04-18,4336400
AMZN_Volume,2016-04-19,4055900
AMZN_Volume,2016-04-20,2609400
AMZN_Volume,2016-04-21,2596300
AMZN_Volume,2016-04-22,5083900
AMZN_Volume,2016-04-25,2682900
AMZN_Volume,2016-04-26,2521400
AMZN_Volume,2016-04-27,4068800
AMZN_Volume,2016-04-28,7872600
AMZN_Volume,2016-04-29,10310700
AMZN_Volume,2016-05-02,6578500
AMZN_Volume,2016-05-03,4923400
AMZN_Volume,2016-05-04,4574500
AMZN_Volume,2016-05-05,4884100
AMZN_Volume,2016-05-06,4365300
AMZN_Volume,2016-05-09,3982200
AMZN_Volume,2016-05-10,6087000
AMZN_Volume,2016-05-11,7338200
AMZN_Volume,2016-05-12,5048200
AMZN_Volume,2016-05-13,4763400
AMZN_Volume,2016-05-16,5432900
AMZN_Volume,2016-05-17,5121400
AMZN_Volume,2016-05-18,4283200
AMZN_Volume,2016-05-19,3025600
AMZN_Volume,2016-05-20,2916200
AMZN_Volume,2016-05-23,2579200
AMZN_Volume,2016-05-24,3033800
AMZN_Volume,2016-05-25,3267700
AMZN_Volume,2016-05-26,2436800
AMZN_Volume,2016-05-27,2249200
AMZN_Volume,2016-05-31,3618300
AMZN_Volume,2016-06-01,3263100
AMZN_Volume,2016-06-02,3020700
AMZN_Volume,2016-06-03,3367300
AMZN_Volume,2016-06-06,2704800
AMZN_Volume,2016-06-07,2732500
AMZN_Volume,2016-06-08,2223400
AMZN_Volume,2016-06-09,2170300
AMZN_Volume,2016-06-10,3425700
AMZN_Volume,2016-06-13,3352200
AMZN_Volume,2016-06-14,2506900
AMZN_Volume,2016-06-15,2709400
AMZN_Volume,2016-06-16,3098000
AMZN_Volume,2016-06-17,5897800
AMZN_Volume,2016-06-20,3677200
AMZN_Volume,2016-06-21,2137500
AMZN_Volume,2016-06-22,2260500
AMZN_Volume,2016-06-23,2825000
AMZN_Volume,2016-06-24,7632500
AMZN_Volume,2016-06-27,5568000
AMZN_Volume,2016-06-28,4037000
AMZN_Volume,2016-06-29,3070100
AMZN_Volume,2016-06-30,2855100
AMZN_Volume,2016-07-01,2920400
AMZN_Volume,2016-07-05,2431400
AMZN_Volume,2016-07-06,3938200
AMZN_Volume,2016-07-07,2936700
AMZN_Volume,2016-07-08,3429200
AMZN_Volume,2016-07-11,3195300
AMZN_Volume,2016-07-12,5623700
AMZN_Volume,2016-07-13,4142300
AMZN_Volume,2016-07-14,2390500
AMZN_Volume,2016-07-15,3121400
AMZN_Volume,2016-07-18,2954900
AMZN_Volume,2016-07-19,2216800
AMZN_Volume,2016-07-20,2214000
AMZN_Volume,2016-07-21,2317100
AMZN_Volume,2016-07-22,2277700
AMZN_Volume,2016-07-25,2679300
AMZN_Volume,2016-07-26,2529700
AMZN_Volume,2016-07-27,2831800
AMZN_Volume,2016-07-28,7617600
AMZN_Volume,2016-07-29,6777100
AMZN_Volume,2016-08-01,3578200
AMZN_Volume,2016-08-02,3603300
AMZN_Volume,2016-08-03,3581500
AMZN_Volume,2016-08-04,3176000
AMZN_Volume,2016-08-05,2704400
AMZN_Volume,2016-08-08,1986300
AMZN_Volume,2016-08-09,1876100
AMZN_Volume,2016-08-10,1604300
AMZN_Volume,2016-08-11,2016300
AMZN_Volume,2016-08-12,1563300
AMZN_Volume,2016-08-15,2118500
AMZN_Volume,2016-08-16,1604600
AMZN_Volume,2016-08-17,1891100
AMZN_Volume,2016-08-18,1458800
AMZN_Volume,2016-08-19,2343200
AMZN_Volume,2016-08-22,1679300
AMZN_Volume,2016-08-23,1524100
AMZN_Volume,2016-08-24,1744100
AMZN_Volume,2016-08-25,1623000
AMZN_Volume,2016-08-26,2776800
AMZN_Volume,2016-08-29,2185700
AMZN_Volume,2016-08-30,1709200
AMZN_Volume,2016-08-31,1633800
AMZN_Volume,2016-09-01,1792300
AMZN_Volume,2016-09-02,2181800
AMZN_Volume,2016-09-06,3719800
AMZN_Volume,2016-09-07,2424600
AMZN_Volume,2016-09-08,2026400
AMZN_Volume,2016-09-09,4257300
AMZN_Volume,2016-09-12,3124700
AMZN_Volume,2016-09-13,3117200
AMZN_Volume,2016-09-14,2523000
AMZN_Volume,2016-09-15,3034000
AMZN_Volume,2016-09-16,5499200
AMZN_Volume,2016-09-19,2292500
AMZN_Volume,2016-09-20,1937200
AMZN_Volume,2016-09-21,2718600
AMZN_Volume,2016-09-22,4078900
AMZN_Volume,2016-09-23,2353500
AMZN_Volume,2016-09-26,2651400
AMZN_Volume,2016-09-27,3819600
AMZN_Volume,2016-09-28,4422100
AMZN_Volume,2016-09-29,4922200
AMZN_Volume,2016-09-30,4430600
AMZN_Volume,2016-10-03,2769400
AMZN_Volume,2016-10-04,2950300
AMZN_Volume,2016-10-05,3469100
AMZN_Volume,2016-10-06,2684000
AMZN_Volume,2016-10-07,2426200
AMZN_Volume,2016-10-10,1818000
AMZN_Volume,2016-10-11,3588200
AMZN_Volume,2016-10-12,2380400
AMZN_Volume,2016-10-13,3091400
AMZN_Volume,2016-10-14,2999800
AMZN_Volume,2016-10-17,3361500
AMZN_Volume,2016-10-18,2480800
AMZN_Volume,2016-10-19,2090700
AMZN_Volume,2016-10-20,3152000
AMZN_Volume,2016-10-21,2793000
AMZN_Volume,2016-10-24,4060900
AMZN_Volume,2016-10-25,3248400
AMZN_Volume,2016-10-26,3998100
AMZN_Volume,2016-10-27,7406400
AMZN_Volume,2016-10-28,10841100
AMZN_Volume,2016-10-31,5413300
AMZN_Volume,2016-11-01,5305400
AMZN_Volume,2016-11-02,5026500
AMZN_Volume,2016-11-03,3872500
AMZN_Volume,2016-11-04,5122100
AMZN_Volume,2016-11-07,5984400
AMZN_Volume,2016-11-08,3373300
AMZN_Volume,2016-11-09,8562900
AMZN_Volume,2016-11-10,12747000
AMZN_Volume,2016-11-11,6622800
AMZN_Volume,2016-11-14,7283200
AMZN_Volume,2016-11-15,6755800
AMZN_Volume,2016-11-16,3601400
AMZN_Volume,2016-11-17,3690100
AMZN_Volume,2016-11-18,4373400
AMZN_Volume,2016-11-21,4614600
AMZN_Volume,2016-11-22,5311300
AMZN_Volume,2016-11-23,3522500
AMZN_Volume,2016-11-25,1837100
AMZN_Volume,2016-11-28,4438800
AMZN_Volume,2016-11-29,3272300
AMZN_Volume,2016-11-30,4625900
AMZN_Volume,2016-12-01,4666000
AMZN_Volume,2016-12-02,3561300
AMZN_Volume,2016-12-05,4314700
AMZN_Volume,2016-12-06,3794700
AMZN_Volume,2016-12-07,3684900
AMZN_Volume,2016-12-08,3189600
AMZN_Volume,2016-12-09,2470900
AMZN_Volume,2016-12-12,2963900
AMZN_Volume,2016-12-13,5285300
AMZN_Volume,2016-12-14,5454800
AMZN_Volume,2016-12-15,3801900
AMZN_Volume,2016-12-16,4828700
AMZN_Volume,2016-12-19,3113200
AMZN_Volume,2016-12-20,2703600
AMZN_Volume,2016-12-21,2044600
AMZN_Volume,2016-12-22,2543600
AMZN_Volume,2016-12-23,1976900
AMZN_Volume,2016-12-27,2638700
AMZN_Volume,2016-12-28,3301000
AMZN_Volume,2016-12-29,3153500
AMZN_Volume,2016-12-30,4139400
AMZN_Volume,2017-01-03,3521100
AMZN_Volume,2017-01-04,2510500
AMZN_Volume,2017-01-05,5830100
AMZN_Volume,2017-01-06,5986200
AMZN_Volume,2017-01-09,3440100
AMZN_Volume,2017-01-10,2558400
AMZN_Volume,2017-01-11,2992800
AMZN_Volume,2017-01-12,4873900
AMZN_Volume,2017-01-13,3791900
AMZN_Volume,2017-01-17,3659400
AMZN_Volume,2017-01-18,2354200
AMZN_Volume,2017-01-19,2540800
AMZN_Volume,2017-01-20,3376200
AMZN_Volume,2017-01-23,2797500
AMZN_Volume,2017-01-24,2971700
AMZN_Volume,2017-01-25,3922600
AMZN_Volume,2017-01-26,3586300
AMZN_Volume,2017-01-27,2998700
AMZN_Volume,2017-01-30,3747300
AMZN_Volume,2017-01-31,3137200
AMZN_Volume,2017-02-01,3850200
AMZN_Volume,2017-02-02,7350500
AMZN_Volume,2017-02-03,10868800
AMZN_Volume,2017-02-06,3897300
AMZN_Volume,2017-02-07,3466100
AMZN_Volume,2017-02-08,2858000
AMZN_Volume,2017-02-09,2484900
AMZN_Volume,2017-02-10,2429600
AMZN_Volume,2017-02-13,4172600
AMZN_Volume,2017-02-14,2787900
AMZN_Volume,2017-02-15,2968900
AMZN_Volume,2017-02-16,2714700
AMZN_Volume,2017-02-17,3112300
AMZN_Volume,2017-02-21,3507700
AMZN_Volume,2017-02-22,2617000
AMZN_Volume,2017-02-23,3462000
AMZN_Volume,2017-02-24,3688000
AMZN_Volume,2017-02-27,2713600
AMZN_Volume,2017-02-28,2793700
AMZN_Volume,2017-03-01,2760100
AMZN_Volume,2017-03-02,2132100
AMZN_Volume,2017-03-03,1941100
AMZN_Volume,2017-03-06,2610400
AMZN_Volume,2017-03-07,2247600
AMZN_Volume,2017-03-08,2286500
AMZN_Volume,2017-03-09,2048200
AMZN_Volume,2017-03-10,2436400
AMZN_Volume,2017-03-13,1909700
AMZN_Volume,2017-03-14,2130600
AMZN_Volume,2017-03-15,2562200
AMZN_Volume,2017-03-16,1842300
AMZN_Volume,2017-03-17,3384400
AMZN_Volume,2017-03-20,2282700
AMZN_Volume,2017-03-21,4382900
AMZN_Volume,2017-03-22,2658700
AMZN_Volume,2017-03-23,1953000
AMZN_Volume,2017-03-24,2138300
AMZN_Volume,2017-03-27,2755800
AMZN_Volume,2017-03-28,3041600
AMZN_Volume,2017-03-29,4485800
AMZN_Volume,2017-03-30,2762700
AMZN_Volume,2017-03-31,3957600
AMZN_Volume,2017-04-03,3422300
AMZN_Volume,2017-04-04,4984700
AMZN_Volume,2017-04-05,7508400
AMZN_Volume,2017-04-06,6344100
AMZN_Volume,2017-04-07,3710900
AMZN_Volume,2017-04-10,3184300
AMZN_Volume,2017-04-11,3012700
AMZN_Volume,2017-04-12,2456100
AMZN_Volume,2017-04-13,3174600
AMZN_Volume,2017-04-17,2854700
AMZN_Volume,2017-04-18,2999200
AMZN_Volume,2017-04-19,2870200
AMZN_Volume,2017-04-20,2814400
AMZN_Volume,2017-04-21,2420500
AMZN_Volume,2017-04-24,3122900
AMZN_Volume,2017-04-25,3380600
AMZN_Volume,2017-04-26,2608900
AMZN_Volume,2017-04-27,5305500
AMZN_Volume,2017-04-28,7335800
AMZN_Volume,2017-05-01,5466500
AMZN_Volume,2017-05-02,3848800
AMZN_Volume,2017-05-03,3582700
AMZN_Volume,2017-05-04,2418400
AMZN_Volume,2017-05-05,2866400
AMZN_Volume,2017-05-08,3415700
AMZN_Volume,2017-05-09,3262100
AMZN_Volume,2017-05-10,2096500
AMZN_Volume,2017-05-11,2194100
AMZN_Volume,2017-05-12,3625900
AMZN_Volume,2017-05-15,4270600
AMZN_Volume,2017-05-16,3126100
AMZN_Volume,2017-05-17,5145600
AMZN_Volume,2017-05-18,3939300
AMZN_Volume,2017-05-19,3972100
AMZN_Volume,2017-05-22,2642200
AMZN_Volume,2017-05-23,2415600
AMZN_Volume,2017-05-24,2446000
AMZN_Volume,2017-05-25,4822000
AMZN_Volume,2017-05-26,3469200
AMZN_Volume,2017-05-30,3263100
AMZN_Volume,2017-05-31,3913100
AMZN_Volume,2017-06-01,2454800
AMZN_Volume,2017-06-02,3752300
AMZN_Volume,2017-06-05,2719900
AMZN_Volume,2017-06-06,3346400
AMZN_Volume,2017-06-07,2823000
AMZN_Volume,2017-06-08,2753300
AMZN_Volume,2017-06-09,7647700
AMZN_Volume,2017-06-12,9447200
AMZN_Volume,2017-06-13,4580000
AMZN_Volume,2017-06-14,3974900
AMZN_Volume,2017-06-15,5373900
AMZN_Volume,2017-06-16,11472700
AMZN_Volume,2017-06-19,5043400
AMZN_Volume,2017-06-20,4076800
AMZN_Volume,2017-06-21,2922500
AMZN_Volume,2017-06-22,2253400
AMZN_Volume,2017-06-23,2879100
AMZN_Volume,2017-06-26,3386200
AMZN_Volume,2017-06-27,3782400
AMZN_Volume,2017-06-28,3737600
AMZN_Volume,2017-06-29,4303000
AMZN_Volume,2017-06-30,3390300
AMZN_Volume,2017-07-03,2909100
AMZN_Volume,2017-07-05,3653000
AMZN_Volume,2017-07-06,3259600
AMZN_Volume,2017-07-07,2643400
AMZN_Volume,2017-07-10,3546300
AMZN_Volume,2017-07-11,2982700
AMZN_Volume,2017-07-12,3608600
AMZN_Volume,2017-07-13,2880800
AMZN_Volume,2017-07-14,2102500
AMZN_Volume,2017-07-17,3712600
AMZN_Volume,2017-07-18,4007600
AMZN_Volume,2017-07-19,2964000
AMZN_Volume,2017-07-20,3097500
AMZN_Volume,2017-07-21,2734600
AMZN_Volume,2017-07-24,3288000
AMZN_Volume,2017-07-25,2447600
AMZN_Volume,2017-07-26,2921300
AMZN_Volume,2017-07-27,10991700
AMZN_Volume,2017-07-28,7709400
AMZN_Volume,2017-07-31,7352100
AMZN_Volume,2017-08-01,4572600
AMZN_Volume,2017-08-02,4070000
AMZN_Volume,2017-08-03,3255800
AMZN_Volume,2017-08-04,2730300
AMZN_Volume,2017-08-07,2676600
AMZN_Volume,2017-08-08,2902800
AMZN_Volume,2017-08-09,3569700
AMZN_Volume,2017-08-10,5684100
AMZN_Volume,2017-08-11,3468000
AMZN_Volume,2017-08-14,3042800
AMZN_Volume,2017-08-15,2549300
AMZN_Volume,2017-08-16,3132100
AMZN_Volume,2017-08-17,3512400
AMZN_Volume,2017-08-18,3284800
AMZN_Volume,2017-08-21,3164500
AMZN_Volume,2017-08-22,2750000
AMZN_Volume,2017-08-23,2668300
AMZN_Volume,2017-08-24,5195700
AMZN_Volume,2017-08-25,3324800
AMZN_Volume,2017-08-28,2596700
AMZN_Volume,2017-08-29,2874300
AMZN_Volume,2017-08-30,2904600
AMZN_Volume,2017-08-31,3331500
AMZN_Volume,2017-09-01,2535900
AMZN_Volume,2017-09-05,2883200
AMZN_Volume,2017-09-06,2129900
AMZN_Volume,2017-09-07,2566800
AMZN_Volume,2017-09-08,2605300
AMZN_Volume,2017-09-11,2186700
AMZN_Volume,2017-09-12,2481100
AMZN_Volume,2017-09-13,3374700
AMZN_Volume,2017-09-14,3913300
AMZN_Volume,2017-09-15,3760200
AMZN_Volume,2017-09-18,3411300
AMZN_Volume,2017-09-19,2671100
AMZN_Volume,2017-09-20,2888800
AMZN_Volume,2017-09-21,2337600
AMZN_Volume,2017-09-22,2641800
AMZN_Volume,2017-09-25,5124000
AMZN_Volume,2017-09-26,3564800
AMZN_Volume,2017-09-27,3148900
AMZN_Volume,2017-09-28,2522600
AMZN_Volume,2017-09-29,2543800
AMZN_Volume,2017-10-02,2442900
AMZN_Volume,2017-10-03,2666600
AMZN_Volume,2017-10-04,2527400
AMZN_Volume,2017-10-05,3229200
AMZN_Volume,2017-10-06,3782100
AMZN_Volume,2017-10-09,2938600
AMZN_Volume,2017-10-10,3084900
AMZN_Volume,2017-10-11,2337100
AMZN_Volume,2017-10-12,4067300
AMZN_Volume,2017-10-13,2431500
AMZN_Volume,2017-10-16,2008900
AMZN_Volume,2017-10-17,2319700
AMZN_Volume,2017-10-18,2499700
AMZN_Volume,2017-10-19,3108200
AMZN_Volume,2017-10-20,2365100
AMZN_Volume,2017-10-23,3494100
AMZN_Volume,2017-10-24,2723900
AMZN_Volume,2017-10-25,3033100
AMZN_Volume,2017-10-26,5618700
AMZN_Volume,2017-10-27,16565000
AMZN_Volume,2017-10-30,6613100
AMZN_Volume,2017-10-31,3477000
AMZN_Volume,2017-11-01,3755500
AMZN_Volume,2017-11-02,3684900
AMZN_Volume,2017-11-03,3751500
AMZN_Volume,2017-11-06,3381100
AMZN_Volume,2017-11-07,2689000
AMZN_Volume,2017-11-08,2581500
AMZN_Volume,2017-11-09,3732700
AMZN_Volume,2017-11-10,2179900
AMZN_Volume,2017-11-13,2918400
AMZN_Volume,2017-11-14,3138400
AMZN_Volume,2017-11-15,3928700
AMZN_Volume,2017-11-16,2213300
AMZN_Volume,2017-11-17,2413400
AMZN_Volume,2017-11-20,2163900
AMZN_Volume,2017-11-21,2479400
AMZN_Volume,2017-11-22,3555300
AMZN_Volume,2017-11-24,3528000
AMZN_Volume,2017-11-27,6744000
AMZN_Volume,2017-11-28,4559400
AMZN_Volume,2017-11-29,9257500
AMZN_Volume,2017-11-30,4509200
AMZN_Volume,2017-12-01,4107100
AMZN_Volume,2017-12-04,5931900
AMZN_Volume,2017-12-05,4079800
AMZN_Volume,2017-12-06,2853300
AMZN_Volume,2017-12-07,2511600
AMZN_Volume,2017-12-08,3050100
AMZN_Volume,2017-12-11,2363500
AMZN_Volume,2017-12-12,2235900
AMZN_Volume,2017-12-13,2616800
AMZN_Volume,2017-12-14,3214300
AMZN_Volume,2017-12-15,4778600
AMZN_Volume,2017-12-18,2947600
AMZN_Volume,2017-12-19,2587800
AMZN_Volume,2017-12-20,2371200
AMZN_Volume,2017-12-21,2123100
AMZN_Volume,2017-12-22,1585100
AMZN_Volume,2017-12-26,2005200
AMZN_Volume,2017-12-27,1867200
AMZN_Volume,2017-12-28,1841700
AMZN_Volume,2017-12-29,2688400
AMZN_Volume,2018-01-02,2694500
AMZN_Volume,2018-01-03,3108800
AMZN_Volume,2018-01-04,3022100
AMZN_Volume,2018-01-05,3544700
AMZN_Volume,2018-01-08,4279500
AMZN_Volume,2018-01-09,3661300
AMZN_Volume,2018-01-10,2686000
AMZN_Volume,2018-01-11,3125000
AMZN_Volume,2018-01-12,5443700
AMZN_Volume,2018-01-16,7220700
AMZN_Volume,2018-01-17,5221400
AMZN_Volume,2018-01-18,4026900
AMZN_Volume,2018-01-19,4578500
AMZN_Volume,2018-01-22,4140100
AMZN_Volume,2018-01-23,5169300
AMZN_Volume,2018-01-24,6807500
AMZN_Volume,2018-01-25,4753000
AMZN_Volume,2018-01-26,4857300
AMZN_Volume,2018-01-29,5701900
AMZN_Volume,2018-01-30,5871900
AMZN_Volume,2018-01-31,6424700
AMZN_Volume,2018-02-01,9113800
AMZN_Volume,2018-02-02,11125700
AMZN_Volume,2018-02-05,11495000
AMZN_Volume,2018-02-06,11066800
AMZN_Volume,2018-02-07,7162700
AMZN_Volume,2018-02-08,8578600
AMZN_Volume,2018-02-09,14141500
AMZN_Volume,2018-02-12,6738900
AMZN_Volume,2018-02-13,5917900
AMZN_Volume,2018-02-14,5959200
AMZN_Volume,2018-02-15,5652700
AMZN_Volume,2018-02-16,4472600
AMZN_Volume,2018-02-20,6499200
AMZN_Volume,2018-02-21,6304400
AMZN_Volume,2018-02-22,4858100
AMZN_Volume,2018-02-23,4418100
AMZN_Volume,2018-02-26,4955000
AMZN_Volume,2018-02-27,4808800
AMZN_Volume,2018-02-28,4515000
AMZN_Volume,2018-03-01,6835200
AMZN_Volume,2018-03-02,6587600
AMZN_Volume,2018-03-05,5233900
AMZN_Volume,2018-03-06,4561700
AMZN_Volume,2018-03-07,4174100
AMZN_Volume,2018-03-08,3862600
AMZN_Volume,2018-03-09,4534300
AMZN_Volume,2018-03-12,5174200
AMZN_Volume,2018-03-13,6531900
AMZN_Volume,2018-03-14,4259400
AMZN_Volume,2018-03-15,4069700
AMZN_Volume,2018-03-16,5425000
AMZN_Volume,2018-03-19,6580800
AMZN_Volume,2018-03-20,4581600
AMZN_Volume,2018-03-21,4750800
AMZN_Volume,2018-03-22,6320600
AMZN_Volume,2018-03-23,8006000
AMZN_Volume,2018-03-26,5624700
AMZN_Volume,2018-03-27,6999600
AMZN_Volume,2018-03-28,13705300
AMZN_Volume,2018-03-29,12581100
AMZN_Volume,2018-04-02,10463600
AMZN_Volume,2018-04-03,10231200
AMZN_Volume,2018-04-04,6982300
AMZN_Volume,2018-04-05,6413500
AMZN_Volume,2018-04-06,5882300
AMZN_Volume,2018-04-09,4208200
AMZN_Volume,2018-04-10,4254100
AMZN_Volume,2018-04-11,3582500
AMZN_Volume,2018-04-12,3135000
AMZN_Volume,2018-04-13,3685300
AMZN_Volume,2018-04-16,2808600
AMZN_Volume,2018-04-17,5114400
AMZN_Volume,2018-04-18,5227500
AMZN_Volume,2018-04-19,6523700
AMZN_Volume,2018-04-20,5541600
AMZN_Volume,2018-04-23,4465400
AMZN_Volume,2018-04-24,7494700
AMZN_Volume,2018-04-25,6587300
AMZN_Volume,2018-04-26,8801100
AMZN_Volume,2018-04-27,13053200
AMZN_Volume,2018-04-30,5464100
AMZN_Volume,2018-05-01,4572100
AMZN_Volume,2018-05-02,4360300
AMZN_Volume,2018-05-03,4251900
AMZN_Volume,2018-05-04,3443600
AMZN_Volume,2018-05-07,3801900
AMZN_Volume,2018-05-08,3067900
AMZN_Volume,2018-05-09,3637300
AMZN_Volume,2018-05-10,2817500
AMZN_Volume,2018-05-11,2263900
AMZN_Volume,2018-05-14,2509500
AMZN_Volume,2018-05-15,5077500
AMZN_Volume,2018-05-16,2570600
AMZN_Volume,2018-05-17,2147600
AMZN_Volume,2018-05-18,2642600
AMZN_Volume,2018-05-21,2925200
AMZN_Volume,2018-05-22,2115600
AMZN_Volume,2018-05-23,3299800
AMZN_Volume,2018-05-24,3430000
AMZN_Volume,2018-05-25,2698400
AMZN_Volume,2018-05-29,3846500
AMZN_Volume,2018-05-30,2907400
AMZN_Volume,2018-05-31,3166300
AMZN_Volume,2018-06-01,3313400
AMZN_Volume,2018-06-04,3187700
AMZN_Volume,2018-06-05,4782200
AMZN_Volume,2018-06-06,5473200
AMZN_Volume,2018-06-07,3765700
AMZN_Volume,2018-06-08,2955100
AMZN_Volume,2018-06-11,2335500
AMZN_Volume,2018-06-12,2259200
AMZN_Volume,2018-06-13,3327500
AMZN_Volume,2018-06-14,3174400
AMZN_Volume,2018-06-15,4777600
AMZN_Volume,2018-06-18,3107700
AMZN_Volume,2018-06-19,4290100
AMZN_Volume,2018-06-20,4332600
AMZN_Volume,2018-06-21,4941100
AMZN_Volume,2018-06-22,4075100
AMZN_Volume,2018-06-25,7511200
AMZN_Volume,2018-06-26,4386600
AMZN_Volume,2018-06-27,4872200
AMZN_Volume,2018-06-28,4529700
AMZN_Volume,2018-06-29,4543500
AMZN_Volume,2018-07-02,3185700
AMZN_Volume,2018-07-03,2177300
AMZN_Volume,2018-07-05,2983100
AMZN_Volume,2018-07-06,2650300
AMZN_Volume,2018-07-09,3012000
AMZN_Volume,2018-07-10,3002900
AMZN_Volume,2018-07-11,3209800
AMZN_Volume,2018-07-12,4532700
AMZN_Volume,2018-07-13,4383200
AMZN_Volume,2018-07-16,5466200
AMZN_Volume,2018-07-17,5682900
AMZN_Volume,2018-07-18,4861900
AMZN_Volume,2018-07-19,4676900
AMZN_Volume,2018-07-20,3884400
AMZN_Volume,2018-07-23,3888500
AMZN_Volume,2018-07-24,4278700
AMZN_Volume,2018-07-25,3738200
AMZN_Volume,2018-07-26,9924400
AMZN_Volume,2018-07-27,9681000
AMZN_Volume,2018-07-30,6562300
AMZN_Volume,2018-07-31,5738700
AMZN_Volume,2018-08-01,4153100
AMZN_Volume,2018-08-02,4354700
AMZN_Volume,2018-08-03,3460500
AMZN_Volume,2018-08-06,3391800
AMZN_Volume,2018-08-07,3377500
AMZN_Volume,2018-08-08,3963000
AMZN_Volume,2018-08-09,4849900
AMZN_Volume,2018-08-10,3639900
AMZN_Volume,2018-08-13,5512600
AMZN_Volume,2018-08-14,3986100
AMZN_Volume,2018-08-15,7700700
AMZN_Volume,2018-08-16,3957100
AMZN_Volume,2018-08-17,4104300
AMZN_Volume,2018-08-20,2862000
AMZN_Volume,2018-08-21,3105600
AMZN_Volume,2018-08-22,3080500
AMZN_Volume,2018-08-23,3563000
AMZN_Volume,2018-08-24,2800900
AMZN_Volume,2018-08-27,3569000
AMZN_Volume,2018-08-28,3100700
AMZN_Volume,2018-08-29,6531800
AMZN_Volume,2018-08-30,7277300
AMZN_Volume,2018-08-31,4204400
AMZN_Volume,2018-09-04,5721100
AMZN_Volume,2018-09-05,8220600
AMZN_Volume,2018-09-06,7488700
AMZN_Volume,2018-09-07,4892600
AMZN_Volume,2018-09-10,4544800
AMZN_Volume,2018-09-11,5033600
AMZN_Volume,2018-09-12,4414000
AMZN_Volume,2018-09-13,3621500
AMZN_Volume,2018-09-14,3642000
AMZN_Volume,2018-09-17,7050200
AMZN_Volume,2018-09-18,4268700
AMZN_Volume,2018-09-19,4056800
AMZN_Volume,2018-09-20,3154900
AMZN_Volume,2018-09-21,6855900
AMZN_Volume,2018-09-24,4213700
AMZN_Volume,2018-09-25,4538400
AMZN_Volume,2018-09-26,4313500
AMZN_Volume,2018-09-27,4329400
AMZN_Volume,2018-09-28,4085100
AMZN_Volume,2018-10-01,3460500
AMZN_Volume,2018-10-02,5400700
AMZN_Volume,2018-10-03,5253100
AMZN_Volume,2018-10-04,7257000
AMZN_Volume,2018-10-05,6822300
AMZN_Volume,2018-10-08,7393200
AMZN_Volume,2018-10-09,4772900
AMZN_Volume,2018-10-10,10988900
AMZN_Volume,2018-10-11,13935900
AMZN_Volume,2018-10-12,9444600
AMZN_Volume,2018-10-15,6437200
AMZN_Volume,2018-10-16,5859900
AMZN_Volume,2018-10-17,5295200
AMZN_Volume,2018-10-18,5874000
AMZN_Volume,2018-10-19,5907200
AMZN_Volume,2018-10-22,4500000
AMZN_Volume,2018-10-23,6723900
AMZN_Volume,2018-10-24,6928400
AMZN_Volume,2018-10-25,10285700
AMZN_Volume,2018-10-26,14963800
AMZN_Volume,2018-10-29,13866100
AMZN_Volume,2018-10-30,12460100
AMZN_Volume,2018-10-31,9390200
AMZN_Volume,2018-11-01,8135500
AMZN_Volume,2018-11-02,6955500
AMZN_Volume,2018-11-05,5624700
AMZN_Volume,2018-11-06,4257400
AMZN_Volume,2018-11-07,8192200
AMZN_Volume,2018-11-08,6534900
AMZN_Volume,2018-11-09,5902200
AMZN_Volume,2018-11-12,6806200
AMZN_Volume,2018-11-13,5933300
AMZN_Volume,2018-11-14,6486900
AMZN_Volume,2018-11-15,8427300
AMZN_Volume,2018-11-16,6066100
AMZN_Volume,2018-11-19,7790000
AMZN_Volume,2018-11-20,10878800
AMZN_Volume,2018-11-21,5716800
AMZN_Volume,2018-11-23,2707600
AMZN_Volume,2018-11-26,6257700
AMZN_Volume,2018-11-27,5783200
AMZN_Volume,2018-11-28,8458700
AMZN_Volume,2018-11-29,6613200
AMZN_Volume,2018-11-30,5761800
AMZN_Volume,2018-12-03,6862300
AMZN_Volume,2018-12-04,8694500
AMZN_Volume,2018-12-06,8789400
AMZN_Volume,2018-12-07,7576100
AMZN_Volume,2018-12-10,7494800
AMZN_Volume,2018-12-11,6244700
AMZN_Volume,2018-12-12,6598000
AMZN_Volume,2018-12-13,5271300
AMZN_Volume,2018-12-14,6367200
AMZN_Volume,2018-12-17,8829800
AMZN_Volume,2018-12-18,6523000
AMZN_Volume,2018-12-19,8792200
AMZN_Volume,2018-12-20,9991800
AMZN_Volume,2018-12-21,13640300
AMZN_Volume,2018-12-24,7220000
AMZN_Volume,2018-12-26,10411800
AMZN_Volume,2018-12-27,9722000
AMZN_Volume,2018-12-28,8829000
AMZN_Volume,2018-12-31,6954500
FB_Volume,2014-01-02,43195500
FB_Volume,2014-01-03,38246200
FB_Volume,2014-01-06,68852600
FB_Volume,2014-01-07,77207400
FB_Volume,2014-01-08,56682400
FB_Volume,2014-01-09,92253300
FB_Volume,2014-01-10,42449500
FB_Volume,2014-01-13,63010900
FB_Volume,2014-01-14,37503600
FB_Volume,2014-01-15,33663400
FB_Volume,2014-01-16,34541800
FB_Volume,2014-01-17,40849200
FB_Volume,2014-01-21,48669200
FB_Volume,2014-01-22,61352900
FB_Volume,2014-01-23,47951800
FB_Volume,2014-01-24,55200700
FB_Volume,2014-01-27,73924100
FB_Volume,2014-01-28,48191200
FB_Volume,2014-01-29,92995600
FB_Volume,2014-01-30,150178900
FB_Volume,2014-01-31,87794600
FB_Volume,2014-02-03,74866600
FB_Volume,2014-02-04,45985500
FB_Volume,2014-02-05,51685100
FB_Volume,2014-02-06,42086500
FB_Volume,2014-02-07,60704300
FB_Volume,2014-02-10,43666100
FB_Volume,2014-02-11,45675600
FB_Volume,2014-02-12,47282100
FB_Volume,2014-02-13,61911700
FB_Volume,2014-02-14,36694900
FB_Volume,2014-02-18,43809900
FB_Volume,2014-02-19,62087100
FB_Volume,2014-02-20,130928900
FB_Volume,2014-02-21,70932400
FB_Volume,2014-02-24,76620300
FB_Volume,2014-02-25,52077000
FB_Volume,2014-02-26,55322700
FB_Volume,2014-02-27,41653700
FB_Volume,2014-02-28,66783700
FB_Volume,2014-03-03,56824100
FB_Volume,2014-03-04,42013500
FB_Volume,2014-03-05,74567700
FB_Volume,2014-03-06,46026500
FB_Volume,2014-03-07,38927000
FB_Volume,2014-03-10,59871600
FB_Volume,2014-03-11,59408300
FB_Volume,2014-03-12,46340500
FB_Volume,2014-03-13,57091000
FB_Volume,2014-03-14,48227000
FB_Volume,2014-03-17,52197000
FB_Volume,2014-03-18,40827000
FB_Volume,2014-03-19,43981000
FB_Volume,2014-03-20,44439000
FB_Volume,2014-03-21,59999900
FB_Volume,2014-03-24,85696000
FB_Volume,2014-03-25,68786000
FB_Volume,2014-03-26,97503900
FB_Volume,2014-03-27,112650000
FB_Volume,2014-03-28,67052000
FB_Volume,2014-03-31,53011000
FB_Volume,2014-04-01,59291000
FB_Volume,2014-04-02,66277000
FB_Volume,2014-04-03,83859000
FB_Volume,2014-04-04,125214400
FB_Volume,2014-04-07,108488000
FB_Volume,2014-04-08,78836000
FB_Volume,2014-04-09,100215000
FB_Volume,2014-04-10,114988000
FB_Volume,2014-04-11,91452000
FB_Volume,2014-04-14,72325000
FB_Volume,2014-04-15,108623000
FB_Volume,2014-04-16,78774000
FB_Volume,2014-04-17,88040000
FB_Volume,2014-04-21,60364000
FB_Volume,2014-04-22,60631000
FB_Volume,2014-04-23,95908700
FB_Volume,2014-04-24,138769000
FB_Volume,2014-04-25,92502000
FB_Volume,2014-04-28,107758000
FB_Volume,2014-04-29,75557000
FB_Volume,2014-04-30,76093000
FB_Volume,2014-05-01,82429000
FB_Volume,2014-05-02,54189000
FB_Volume,2014-05-05,46057000
FB_Volume,2014-05-06,55901000
FB_Volume,2014-05-07,78587000
FB_Volume,2014-05-08,61251000
FB_Volume,2014-05-09,52584000
FB_Volume,2014-05-12,48575000
FB_Volume,2014-05-13,48525000
FB_Volume,2014-05-14,47429000
FB_Volume,2014-05-15,56814000
FB_Volume,2014-05-16,47933000
FB_Volume,2014-05-19,43034000
FB_Volume,2014-05-20,53931000
FB_Volume,2014-05-21,58992000
FB_Volume,2014-05-22,54200000
FB_Volume,2014-05-23,38294000
FB_Volume,2014-05-27,55682000
FB_Volume,2014-05-28,47795000
FB_Volume,2014-05-29,42700000
FB_Volume,2014-05-30,45253500
FB_Volume,2014-06-02,35996000
FB_Volume,2014-06-03,32217000
FB_Volume,2014-06-04,36514000
FB_Volume,2014-06-05,47352000
FB_Volume,2014-06-06,42442000
FB_Volume,2014-06-09,37617000
FB_Volume,2014-06-10,69338000
FB_Volume,2014-06-11,44242000
FB_Volume,2014-06-12,55730000
FB_Volume,2014-06-13,29419000
FB_Volume,2014-06-16,31046000
FB_Volume,2014-06-17,27715000
FB_Volume,2014-06-18,35570000
FB_Volume,2014-06-19,34245000
FB_Volume,2014-06-20,46466000
FB_Volume,2014-06-23,34560000
FB_Volume,2014-06-24,57335000
FB_Volume,2014-06-25,44308000
FB_Volume,2014-06-26,47714000
FB_Volume,2014-06-27,46461000
FB_Volume,2014-06-30,27102800
FB_Volume,2014-07-01,33243000
FB_Volume,2014-07-02,41895000
FB_Volume,2014-07-03,25203200
FB_Volume,2014-07-07,28745000
FB_Volume,2014-07-08,68926000
FB_Volume,2014-07-09,51432000
FB_Volume,2014-07-10,44422000
FB_Volume,2014-07-11,39212000
FB_Volume,2014-07-14,38537000
FB_Volume,2014-07-15,44213200
FB_Volume,2014-07-16,29541600
FB_Volume,2014-07-17,38188000
FB_Volume,2014-07-18,42456000
FB_Volume,2014-07-21,49539000
FB_Volume,2014-07-22,40398000
FB_Volume,2014-07-23,78435000
FB_Volume,2014-07-24,124168000
FB_Volume,2014-07-25,45917000
FB_Volume,2014-07-28,41725000
FB_Volume,2014-07-29,41324000
FB_Volume,2014-07-30,36853000
FB_Volume,2014-07-31,43992000
FB_Volume,2014-08-01,43535000
FB_Volume,2014-08-04,30777000
FB_Volume,2014-08-05,34986000
FB_Volume,2014-08-06,30986000
FB_Volume,2014-08-07,38141000
FB_Volume,2014-08-08,27202000
FB_Volume,2014-08-11,24591000
FB_Volume,2014-08-12,27419000
FB_Volume,2014-08-13,29266000
FB_Volume,2014-08-14,22207000
FB_Volume,2014-08-15,38846600
FB_Volume,2014-08-18,23974000
FB_Volume,2014-08-19,26679000
FB_Volume,2014-08-20,22917000
FB_Volume,2014-08-21,20102000
FB_Volume,2014-08-22,20897000
FB_Volume,2014-08-25,19734000
FB_Volume,2014-08-26,23993000
FB_Volume,2014-08-27,36323000
FB_Volume,2014-08-28,21947000
FB_Volume,2014-08-29,26241000
FB_Volume,2014-09-02,34979000
FB_Volume,2014-09-03,32389000
FB_Volume,2014-09-04,26676000
FB_Volume,2014-09-05,29476000
FB_Volume,2014-09-08,28183000
FB_Volume,2014-09-09,28882000
FB_Volume,2014-09-10,29909000
FB_Volume,2014-09-11,32219000
FB_Volume,2014-09-12,26676800
FB_Volume,2014-09-15,49679000
FB_Volume,2014-09-16,37742000
FB_Volume,2014-09-17,28693000
FB_Volume,2014-09-18,23031000
FB_Volume,2014-09-19,76671000
FB_Volume,2014-09-22,31961000
FB_Volume,2014-09-23,36814000
FB_Volume,2014-09-24,30680000
FB_Volume,2014-09-25,37533000
FB_Volume,2014-09-26,28872000
FB_Volume,2014-09-29,34031000
FB_Volume,2014-09-30,35899000
FB_Volume,2014-10-01,55090000
FB_Volume,2014-10-02,36488000
FB_Volume,2014-10-03,23340000
FB_Volume,2014-10-06,25729000
FB_Volume,2014-10-07,25317000
FB_Volume,2014-10-08,32976000
FB_Volume,2014-10-09,32487000
FB_Volume,2014-10-10,52146000
FB_Volume,2014-10-13,43938000
FB_Volume,2014-10-14,50299000
FB_Volume,2014-10-15,61528000
FB_Volume,2014-10-16,53529000
FB_Volume,2014-10-17,76342000
FB_Volume,2014-10-20,34701000
FB_Volume,2014-10-21,32252000
FB_Volume,2014-10-22,41862000
FB_Volume,2014-10-23,35056000
FB_Volume,2014-10-24,32248000
FB_Volume,2014-10-27,30169000
FB_Volume,2014-10-28,74212000
FB_Volume,2014-10-29,106120000
FB_Volume,2014-10-30,83270000
FB_Volume,2014-10-31,44544000
FB_Volume,2014-11-03,40727000
FB_Volume,2014-11-04,39326000
FB_Volume,2014-11-05,35913000
FB_Volume,2014-11-06,21383000
FB_Volume,2014-11-07,20774000
FB_Volume,2014-11-10,21575100
FB_Volume,2014-11-11,18715700
FB_Volume,2014-11-12,26536600
FB_Volume,2014-11-13,26448500
FB_Volume,2014-11-14,19476900
FB_Volume,2014-11-17,28701200
FB_Volume,2014-11-18,20690500
FB_Volume,2014-11-19,25441200
FB_Volume,2014-11-20,19154900
FB_Volume,2014-11-21,23060400
FB_Volume,2014-11-24,22103800
FB_Volume,2014-11-25,32250200
FB_Volume,2014-11-26,32695300
FB_Volume,2014-11-28,15992000
FB_Volume,2014-12-01,31789900
FB_Volume,2014-12-02,16773900
FB_Volume,2014-12-03,16689900
FB_Volume,2014-12-04,14362800
FB_Volume,2014-12-05,24306400
FB_Volume,2014-12-08,25733900
FB_Volume,2014-12-09,25358600
FB_Volume,2014-12-10,32210500
FB_Volume,2014-12-11,33462100
FB_Volume,2014-12-12,28091600
FB_Volume,2014-12-15,29396500
FB_Volume,2014-12-16,31554600
FB_Volume,2014-12-17,29203900
FB_Volume,2014-12-18,34222100
FB_Volume,2014-12-19,43335000
FB_Volume,2014-12-22,31395800
FB_Volume,2014-12-23,19865800
FB_Volume,2014-12-24,7685500
FB_Volume,2014-12-26,10647400
FB_Volume,2014-12-29,14134700
FB_Volume,2014-12-30,14370800
FB_Volume,2014-12-31,19935400
FB_Volume,2015-01-02,18177500
FB_Volume,2015-01-05,26452200
FB_Volume,2015-01-06,27399300
FB_Volume,2015-01-07,22045300
FB_Volume,2015-01-08,23961000
FB_Volume,2015-01-09,21157000
FB_Volume,2015-01-12,19190200
FB_Volume,2015-01-13,25179600
FB_Volume,2015-01-14,25741000
FB_Volume,2015-01-15,34134000
FB_Volume,2015-01-16,21791500
FB_Volume,2015-01-20,22821600
FB_Volume,2015-01-21,25096700
FB_Volume,2015-01-22,19519500
FB_Volume,2015-01-23,16746500
FB_Volume,2015-01-26,19260800
FB_Volume,2015-01-27,20110000
FB_Volume,2015-01-28,53306400
FB_Volume,2015-01-29,61293500
FB_Volume,2015-01-30,42649500
FB_Volume,2015-02-02,41955300
FB_Volume,2015-02-03,26957700
FB_Volume,2015-02-04,20277400
FB_Volume,2015-02-05,15062600
FB_Volume,2015-02-06,21211000
FB_Volume,2015-02-09,16194300
FB_Volume,2015-02-10,15811300
FB_Volume,2015-02-11,20877400
FB_Volume,2015-02-12,17235000
FB_Volume,2015-02-13,18621900
FB_Volume,2015-02-17,25254400
FB_Volume,2015-02-18,22426400
FB_Volume,2015-02-19,45851200
FB_Volume,2015-02-20,36931700
FB_Volume,2015-02-23,24139100
FB_Volume,2015-02-24,18897100
FB_Volume,2015-02-25,25593800
FB_Volume,2015-02-26,31111900
FB_Volume,2015-02-27,30739200
FB_Volume,2015-03-02,21662500
FB_Volume,2015-03-03,18635000
FB_Volume,2015-03-04,28126700
FB_Volume,2015-03-05,27825700
FB_Volume,2015-03-06,24488600
FB_Volume,2015-03-09,18925100
FB_Volume,2015-03-10,23067100
FB_Volume,2015-03-11,20215700
FB_Volume,2015-03-12,16093300
FB_Volume,2015-03-13,18557300
FB_Volume,2015-03-16,19305400
FB_Volume,2015-03-17,22170000
FB_Volume,2015-03-18,36912400
FB_Volume,2015-03-19,42099500
FB_Volume,2015-03-20,44466300
FB_Volume,2015-03-23,27357300
FB_Volume,2015-03-24,32576500
FB_Volume,2015-03-25,37436100
FB_Volume,2015-03-26,32794800
FB_Volume,2015-03-27,18372600
FB_Volume,2015-03-30,24527700
FB_Volume,2015-03-31,19734300
FB_Volume,2015-04-01,22058200
FB_Volume,2015-04-02,19664100
FB_Volume,2015-04-06,19062900
FB_Volume,2015-04-07,17467000
FB_Volume,2015-04-08,18966700
FB_Volume,2015-04-09,15927300
FB_Volume,2015-04-10,12529700
FB_Volume,2015-04-13,26883100
FB_Volume,2015-04-14,19634200
FB_Volume,2015-04-15,22390900
FB_Volume,2015-04-16,13769700
FB_Volume,2015-04-17,24215000
FB_Volume,2015-04-20,28796800
FB_Volume,2015-04-21,27171900
FB_Volume,2015-04-22,45548000
FB_Volume,2015-04-23,73728100
FB_Volume,2015-04-24,29660400
FB_Volume,2015-04-27,25446000
FB_Volume,2015-04-28,23775300
FB_Volume,2015-04-29,26430300
FB_Volume,2015-04-30,28999000
FB_Volume,2015-05-01,24136400
FB_Volume,2015-05-04,14692000
FB_Volume,2015-05-05,22311300
FB_Volume,2015-05-06,28663000
FB_Volume,2015-05-07,19749400
FB_Volume,2015-05-08,19943600
FB_Volume,2015-05-11,18874100
FB_Volume,2015-05-12,21285300
FB_Volume,2015-05-13,21512300
FB_Volume,2015-05-14,49438000
FB_Volume,2015-05-15,27069900
FB_Volume,2015-05-18,21613700
FB_Volume,2015-05-19,17955400
FB_Volume,2015-05-20,23056900
FB_Volume,2015-05-21,13402700
FB_Volume,2015-05-22,19567900
FB_Volume,2015-05-26,16321300
FB_Volume,2015-05-27,14160900
FB_Volume,2015-05-28,11982000
FB_Volume,2015-05-29,16134600
FB_Volume,2015-06-01,18119000
FB_Volume,2015-06-02,18923300
FB_Volume,2015-06-03,31594700
FB_Volume,2015-06-04,20863900
FB_Volume,2015-06-05,16143100
FB_Volume,2015-06-08,16915500
FB_Volume,2015-06-09,16497500
FB_Volume,2015-06-10,21531200
FB_Volume,2015-06-11,18656800
FB_Volume,2015-06-12,11417900
FB_Volume,2015-06-15,18805100
FB_Volume,2015-06-16,13693700
FB_Volume,2015-06-17,18350300
FB_Volume,2015-06-18,26782600
FB_Volume,2015-06-19,23353200
FB_Volume,2015-06-22,29383100
FB_Volume,2015-06-23,50667900
FB_Volume,2015-06-24,41370200
FB_Volume,2015-06-25,27302000
FB_Volume,2015-06-26,38214600
FB_Volume,2015-06-29,35957900
FB_Volume,2015-06-30,23016500
FB_Volume,2015-07-01,25260000
FB_Volume,2015-07-02,16908800
FB_Volume,2015-07-06,24635900
FB_Volume,2015-07-07,33059900
FB_Volume,2015-07-08,24399300
FB_Volume,2015-07-09,23144200
FB_Volume,2015-07-10,23245900
FB_Volume,2015-07-13,29976700
FB_Volume,2015-07-14,26627800
FB_Volume,2015-07-15,30886600
FB_Volume,2015-07-16,21804100
FB_Volume,2015-07-17,54001600
FB_Volume,2015-07-20,54860500
FB_Volume,2015-07-21,39453300
FB_Volume,2015-07-22,28299500
FB_Volume,2015-07-23,29418800
FB_Volume,2015-07-24,33444900
FB_Volume,2015-07-27,38585400
FB_Volume,2015-07-28,35236000
FB_Volume,2015-07-29,64648300
FB_Volume,2015-07-30,86211300
FB_Volume,2015-07-31,46509000
FB_Volume,2015-08-03,29343100
FB_Volume,2015-08-04,20136000
FB_Volume,2015-08-05,29813200
FB_Volume,2015-08-06,42271300
FB_Volume,2015-08-07,23199100
FB_Volume,2015-08-10,21624200
FB_Volume,2015-08-11,22491000
FB_Volume,2015-08-12,27050500
FB_Volume,2015-08-13,17451800
FB_Volume,2015-08-14,15929700
FB_Volume,2015-08-17,18313500
FB_Volume,2015-08-18,22278800
FB_Volume,2015-08-19,23156500
FB_Volume,2015-08-20,44598200
FB_Volume,2015-08-21,62778700
FB_Volume,2015-08-24,83710700
FB_Volume,2015-08-25,52021200
FB_Volume,2015-08-26,45124300
FB_Volume,2015-08-27,42431400
FB_Volume,2015-08-28,33215900
FB_Volume,2015-08-31,32850700
FB_Volume,2015-09-01,36097400
FB_Volume,2015-09-02,27190500
FB_Volume,2015-09-03,27048200
FB_Volume,2015-09-04,27328700
FB_Volume,2015-09-08,27012500
FB_Volume,2015-09-09,32551100
FB_Volume,2015-09-10,26437400
FB_Volume,2015-09-11,21185000
FB_Volume,2015-09-14,20127900
FB_Volume,2015-09-15,18859400
FB_Volume,2015-09-16,16321200
FB_Volume,2015-09-17,27841800
FB_Volume,2015-09-18,62300000
FB_Volume,2015-09-21,28790000
FB_Volume,2015-09-22,36888900
FB_Volume,2015-09-23,21701400
FB_Volume,2015-09-24,29106000
FB_Volume,2015-09-25,28961600
FB_Volume,2015-09-28,41199900
FB_Volume,2015-09-29,42281800
FB_Volume,2015-09-30,36169100
FB_Volume,2015-10-01,29283700
FB_Volume,2015-10-02,37881700
FB_Volume,2015-10-05,27292500
FB_Volume,2015-10-06,22172800
FB_Volume,2015-10-07,24129300
FB_Volume,2015-10-08,27290500
FB_Volume,2015-10-09,20012900
FB_Volume,2015-10-12,18449600
FB_Volume,2015-10-13,19480300
FB_Volume,2015-10-14,19253400
FB_Volume,2015-10-15,27557500
FB_Volume,2015-10-16,25412900
FB_Volume,2015-10-19,23729900
FB_Volume,2015-10-20,30700500
FB_Volume,2015-10-21,21917800
FB_Volume,2015-10-22,26392100
FB_Volume,2015-10-23,42809700
FB_Volume,2015-10-26,25961200
FB_Volume,2015-10-27,23795500
FB_Volume,2015-10-28,24081500
FB_Volume,2015-10-29,20316700
FB_Volume,2015-10-30,33487100
FB_Volume,2015-11-02,24003900
FB_Volume,2015-11-03,21242300
FB_Volume,2015-11-04,43469300
FB_Volume,2015-11-05,63232900
FB_Volume,2015-11-06,35084300
FB_Volume,2015-11-09,26383500
FB_Volume,2015-11-10,25031700
FB_Volume,2015-11-11,25057100
FB_Volume,2015-11-12,20924700
FB_Volume,2015-11-13,30278400
FB_Volume,2015-11-16,49309200
FB_Volume,2015-11-17,26807200
FB_Volume,2015-11-18,23836500
FB_Volume,2015-11-19,25520600
FB_Volume,2015-11-20,22129600
FB_Volume,2015-11-23,19897200
FB_Volume,2015-11-24,23577300
FB_Volume,2015-11-25,15150800
FB_Volume,2015-11-27,5913100
FB_Volume,2015-11-30,20383200
FB_Volume,2015-12-01,22781900
FB_Volume,2015-12-02,24429100
FB_Volume,2015-12-03,23236500
FB_Volume,2015-12-04,21224700
FB_Volume,2015-12-07,15474900
FB_Volume,2015-12-08,20401800
FB_Volume,2015-12-09,23517300
FB_Volume,2015-12-10,17414500
FB_Volume,2015-12-11,26427700
FB_Volume,2015-12-14,24648100
FB_Volume,2015-12-15,21764300
FB_Volume,2015-12-16,22680500
FB_Volume,2015-12-17,21675700
FB_Volume,2015-12-18,35994200
FB_Volume,2015-12-21,16138800
FB_Volume,2015-12-22,14597100
FB_Volume,2015-12-23,19599700
FB_Volume,2015-12-24,6501800
FB_Volume,2015-12-28,13069700
FB_Volume,2015-12-29,17179900
FB_Volume,2015-12-30,13115000
FB_Volume,2015-12-31,18298700
FB_Volume,2016-01-04,37912400
FB_Volume,2016-01-05,23258200
FB_Volume,2016-01-06,25096200
FB_Volume,2016-01-07,45172900
FB_Volume,2016-01-08,35402300
FB_Volume,2016-01-11,29932400
FB_Volume,2016-01-12,28395400
FB_Volume,2016-01-13,33410600
FB_Volume,2016-01-14,48658600
FB_Volume,2016-01-15,45935600
FB_Volume,2016-01-19,30998300
FB_Volume,2016-01-20,59051400
FB_Volume,2016-01-21,30518900
FB_Volume,2016-01-22,30495400
FB_Volume,2016-01-25,32482000
FB_Volume,2016-01-26,26877100
FB_Volume,2016-01-27,58699400
FB_Volume,2016-01-28,107475300
FB_Volume,2016-01-29,62739500
FB_Volume,2016-02-01,46132700
FB_Volume,2016-02-02,59778600
FB_Volume,2016-02-03,56919300
FB_Volume,2016-02-04,38890200
FB_Volume,2016-02-05,76894700
FB_Volume,2016-02-08,71229700
FB_Volume,2016-02-09,62709000
FB_Volume,2016-02-10,45179400
FB_Volume,2016-02-11,43670600
FB_Volume,2016-02-12,36176800
FB_Volume,2016-02-16,45687200
FB_Volume,2016-02-17,44073400
FB_Volume,2016-02-18,29593500
FB_Volume,2016-02-19,32404500
FB_Volume,2016-02-22,35709700
FB_Volume,2016-02-23,25319300
FB_Volume,2016-02-24,34412400
FB_Volume,2016-02-25,29906300
FB_Volume,2016-02-26,26686200
FB_Volume,2016-02-29,32779000
FB_Volume,2016-03-01,26817300
FB_Volume,2016-03-02,25670200
FB_Volume,2016-03-03,21353100
FB_Volume,2016-03-04,24938900
FB_Volume,2016-03-07,31436400
FB_Volume,2016-03-08,25617000
FB_Volume,2016-03-09,20493300
FB_Volume,2016-03-10,24854300
FB_Volume,2016-03-11,20697600
FB_Volume,2016-03-14,17249400
FB_Volume,2016-03-15,17618500
FB_Volume,2016-03-16,24744800
FB_Volume,2016-03-17,24241200
FB_Volume,2016-03-18,36256900
FB_Volume,2016-03-21,18448000
FB_Volume,2016-03-22,19001100
FB_Volume,2016-03-23,18562000
FB_Volume,2016-03-24,17839100
FB_Volume,2016-03-28,21351800
FB_Volume,2016-03-29,29825300
FB_Volume,2016-03-30,33235200
FB_Volume,2016-03-31,21207500
FB_Volume,2016-04-01,24760500
FB_Volume,2016-04-04,48487900
FB_Volume,2016-04-05,22962400
FB_Volume,2016-04-06,20814600
FB_Volume,2016-04-07,20714500
FB_Volume,2016-04-08,48497800
FB_Volume,2016-04-11,39762300
FB_Volume,2016-04-12,26248100
FB_Volume,2016-04-13,88227400
FB_Volume,2016-04-14,28473300
FB_Volume,2016-04-15,20922800
FB_Volume,2016-04-18,21092700
FB_Volume,2016-04-19,30210500
FB_Volume,2016-04-20,21027900
FB_Volume,2016-04-21,20875200
FB_Volume,2016-04-22,38458200
FB_Volume,2016-04-25,21017900
FB_Volume,2016-04-26,22521500
FB_Volume,2016-04-27,52213100
FB_Volume,2016-04-28,87110100
FB_Volume,2016-04-29,37140600
FB_Volume,2016-05-02,28095200
FB_Volume,2016-05-03,24117500
FB_Volume,2016-05-04,23448400
FB_Volume,2016-05-05,22056700
FB_Volume,2016-05-06,26216200
FB_Volume,2016-05-09,21138100
FB_Volume,2016-05-10,23220000
FB_Volume,2016-05-11,22038400
FB_Volume,2016-05-12,22035500
FB_Volume,2016-05-13,18124300
FB_Volume,2016-05-16,31247800
FB_Volume,2016-05-17,21328600
FB_Volume,2016-05-18,21642300
FB_Volume,2016-05-19,20544100
FB_Volume,2016-05-20,18944800
FB_Volume,2016-05-23,20441000
FB_Volume,2016-05-24,20183600
FB_Volume,2016-05-25,20019800
FB_Volume,2016-05-26,18481300
FB_Volume,2016-05-27,13464400
FB_Volume,2016-05-31,23547600
FB_Volume,2016-06-01,15029500
FB_Volume,2016-06-02,13228300
FB_Volume,2016-06-03,14135100
FB_Volume,2016-06-06,12744700
FB_Volume,2016-06-07,17103000
FB_Volume,2016-06-08,14505600
FB_Volume,2016-06-09,13859200
FB_Volume,2016-06-10,18510800
FB_Volume,2016-06-13,31718200
FB_Volume,2016-06-14,17618500
FB_Volume,2016-06-15,19819400
FB_Volume,2016-06-16,19236300
FB_Volume,2016-06-17,24644300
FB_Volume,2016-06-20,20785400
FB_Volume,2016-06-21,19166300
FB_Volume,2016-06-22,14846300
FB_Volume,2016-06-23,16176900
FB_Volume,2016-06-24,40643100
FB_Volume,2016-06-27,36130400
FB_Volume,2016-06-28,26813800
FB_Volume,2016-06-29,20968300
FB_Volume,2016-06-30,23192700
FB_Volume,2016-07-01,14980000
FB_Volume,2016-07-05,14207000
FB_Volume,2016-07-06,24337600
FB_Volume,2016-07-07,16630200
FB_Volume,2016-07-08,18142600
FB_Volume,2016-07-11,17711600
FB_Volume,2016-07-12,15217700
FB_Volume,2016-07-13,16207700
FB_Volume,2016-07-14,14579700
FB_Volume,2016-07-15,16646000
FB_Volume,2016-07-18,20868400
FB_Volume,2016-07-19,21541300
FB_Volume,2016-07-20,20046500
FB_Volume,2016-07-21,17801700
FB_Volume,2016-07-22,18422400
FB_Volume,2016-07-25,18487400
FB_Volume,2016-07-26,17612000
FB_Volume,2016-07-27,52654200
FB_Volume,2016-07-28,78955800
FB_Volume,2016-07-29,35058800
FB_Volume,2016-08-01,25006900
FB_Volume,2016-08-02,23968400
FB_Volume,2016-08-03,18525300
FB_Volume,2016-08-04,21066000
FB_Volume,2016-08-05,20184000
FB_Volume,2016-08-08,15233900
FB_Volume,2016-08-09,19621000
FB_Volume,2016-08-10,10670100
FB_Volume,2016-08-11,11729500
FB_Volume,2016-08-12,12159000
FB_Volume,2016-08-15,19295100
FB_Volume,2016-08-16,14222400
FB_Volume,2016-08-17,13794200
FB_Volume,2016-08-18,12400800
FB_Volume,2016-08-19,11688300
FB_Volume,2016-08-22,14386400
FB_Volume,2016-08-23,13309500
FB_Volume,2016-08-24,12243700
FB_Volume,2016-08-25,10730800
FB_Volume,2016-08-26,17504800
FB_Volume,2016-08-29,15925900
FB_Volume,2016-08-30,17804300
FB_Volume,2016-08-31,14200600
FB_Volume,2016-09-01,13536100
FB_Volume,2016-09-02,12118800
FB_Volume,2016-09-06,26278400
FB_Volume,2016-09-07,27990800
FB_Volume,2016-09-08,15676600
FB_Volume,2016-09-09,27100700
FB_Volume,2016-09-12,21252800
FB_Volume,2016-09-13,18016200
FB_Volume,2016-09-14,15691100
FB_Volume,2016-09-15,15077200
FB_Volume,2016-09-16,24119200
FB_Volume,2016-09-19,14958800
FB_Volume,2016-09-20,11083800
FB_Volume,2016-09-21,14068300
FB_Volume,2016-09-22,15538300
FB_Volume,2016-09-23,28326300
FB_Volume,2016-09-26,15064900
FB_Volume,2016-09-27,15637100
FB_Volume,2016-09-28,12047600
FB_Volume,2016-09-29,14532200
FB_Volume,2016-09-30,18402900
FB_Volume,2016-10-03,13156900
FB_Volume,2016-10-04,14307500
FB_Volume,2016-10-05,12386800
FB_Volume,2016-10-06,11682700
FB_Volume,2016-10-07,12804400
FB_Volume,2016-10-10,15138700
FB_Volume,2016-10-11,17537900
FB_Volume,2016-10-12,11073000
FB_Volume,2016-10-13,17139300
FB_Volume,2016-10-14,13345300
FB_Volume,2016-10-17,11351700
FB_Volume,2016-10-18,13504000
FB_Volume,2016-10-19,16752300
FB_Volume,2016-10-20,13167500
FB_Volume,2016-10-21,19088800
FB_Volume,2016-10-24,17470200
FB_Volume,2016-10-25,13336800
FB_Volume,2016-10-26,13084700
FB_Volume,2016-10-27,16741400
FB_Volume,2016-10-28,24545500
FB_Volume,2016-10-31,15669000
FB_Volume,2016-11-01,22077800
FB_Volume,2016-11-02,39640900
FB_Volume,2016-11-03,63766300
FB_Volume,2016-11-04,30545500
FB_Volume,2016-11-07,23008900
FB_Volume,2016-11-08,19367800
FB_Volume,2016-11-09,31916000
FB_Volume,2016-11-10,67846700
FB_Volume,2016-11-11,32804000
FB_Volume,2016-11-14,51377000
FB_Volume,2016-11-15,34681400
FB_Volume,2016-11-16,32397900
FB_Volume,2016-11-17,18597800
FB_Volume,2016-11-18,22879300
FB_Volume,2016-11-21,35415400
FB_Volume,2016-11-22,26089200
FB_Volume,2016-11-23,15672100
FB_Volume,2016-11-25,8658600
FB_Volume,2016-11-28,18101300
FB_Volume,2016-11-29,18891000
FB_Volume,2016-11-30,30188900
FB_Volume,2016-12-01,43277000
FB_Volume,2016-12-02,25070400
FB_Volume,2016-12-05,20201500
FB_Volume,2016-12-06,19131200
FB_Volume,2016-12-07,21913700
FB_Volume,2016-12-08,22442800
FB_Volume,2016-12-09,17464700
FB_Volume,2016-12-12,17805500
FB_Volume,2016-12-13,29768000
FB_Volume,2016-12-14,25913100
FB_Volume,2016-12-15,20139600
FB_Volume,2016-12-16,25324300
FB_Volume,2016-12-19,15918100
FB_Volume,2016-12-20,13684400
FB_Volume,2016-12-21,10767600
FB_Volume,2016-12-22,16258600
FB_Volume,2016-12-23,10890000
FB_Volume,2016-12-27,12051500
FB_Volume,2016-12-28,12087400
FB_Volume,2016-12-29,9934900
FB_Volume,2016-12-30,18684100
FB_Volume,2017-01-03,20663900
FB_Volume,2017-01-04,19630900
FB_Volume,2017-01-05,19492200
FB_Volume,2017-01-06,28545300
FB_Volume,2017-01-09,22880400
FB_Volume,2017-01-10,17324600
FB_Volume,2017-01-11,18356500
FB_Volume,2017-01-12,18653900
FB_Volume,2017-01-13,24884300
FB_Volume,2017-01-17,15294500
FB_Volume,2017-01-18,13145900
FB_Volume,2017-01-19,12195500
FB_Volume,2017-01-20,19097200
FB_Volume,2017-01-23,16593600
FB_Volume,2017-01-24,15162700
FB_Volume,2017-01-25,18731300
FB_Volume,2017-01-26,20020100
FB_Volume,2017-01-27,19539500
FB_Volume,2017-01-30,18956100
FB_Volume,2017-01-31,19790500
FB_Volume,2017-02-01,50139800
FB_Volume,2017-02-02,54366400
FB_Volume,2017-02-03,24804900
FB_Volume,2017-02-06,17058500
FB_Volume,2017-02-07,14596400
FB_Volume,2017-02-08,22390600
FB_Volume,2017-02-09,16470600
FB_Volume,2017-02-10,15061900
FB_Volume,2017-02-13,13526200
FB_Volume,2017-02-14,14364900
FB_Volume,2017-02-15,13226500
FB_Volume,2017-02-16,12831100
FB_Volume,2017-02-17,12276500
FB_Volume,2017-02-21,14759100
FB_Volume,2017-02-22,27360100
FB_Volume,2017-02-23,18422500
FB_Volume,2017-02-24,12625700
FB_Volume,2017-02-27,14306700
FB_Volume,2017-02-28,16112100
FB_Volume,2017-03-01,16257000
FB_Volume,2017-03-02,12294800
FB_Volume,2017-03-03,11160600
FB_Volume,2017-03-06,12748200
FB_Volume,2017-03-07,13527100
FB_Volume,2017-03-08,10184500
FB_Volume,2017-03-09,15535300
FB_Volume,2017-03-10,16314100
FB_Volume,2017-03-13,10955500
FB_Volume,2017-03-14,12944000
FB_Volume,2017-03-15,19344800
FB_Volume,2017-03-16,13612900
FB_Volume,2017-03-17,20592800
FB_Volume,2017-03-20,12099500
FB_Volume,2017-03-21,29894800
FB_Volume,2017-03-22,17055400
FB_Volume,2017-03-23,13022800
FB_Volume,2017-03-24,16664700
FB_Volume,2017-03-27,12800500
FB_Volume,2017-03-28,14679400
FB_Volume,2017-03-29,16527600
FB_Volume,2017-03-30,12404000
FB_Volume,2017-03-31,11478300
FB_Volume,2017-04-03,13564000
FB_Volume,2017-04-04,12948600
FB_Volume,2017-04-05,17158100
FB_Volume,2017-04-06,15103400
FB_Volume,2017-04-07,11818300
FB_Volume,2017-04-10,9039400
FB_Volume,2017-04-11,16638100
FB_Volume,2017-04-12,11612500
FB_Volume,2017-04-13,10965600
FB_Volume,2017-04-17,11519700
FB_Volume,2017-04-18,14807500
FB_Volume,2017-04-19,15563900
FB_Volume,2017-04-20,15968200
FB_Volume,2017-04-21,12382000
FB_Volume,2017-04-24,14407200
FB_Volume,2017-04-25,17767500
FB_Volume,2017-04-26,12395000
FB_Volume,2017-04-27,11275100
FB_Volume,2017-04-28,30652200
FB_Volume,2017-05-01,25218300
FB_Volume,2017-05-02,21870400
FB_Volume,2017-05-03,29782500
FB_Volume,2017-05-04,36225500
FB_Volume,2017-05-05,17148500
FB_Volume,2017-05-08,15827500
FB_Volume,2017-05-09,17453900
FB_Volume,2017-05-10,12080700
FB_Volume,2017-05-11,11841900
FB_Volume,2017-05-12,9598200
FB_Volume,2017-05-15,15064700
FB_Volume,2017-05-16,14550800
FB_Volume,2017-05-17,28300100
FB_Volume,2017-05-18,23031600
FB_Volume,2017-05-19,16187900
FB_Volume,2017-05-22,12586700
FB_Volume,2017-05-23,12817800
FB_Volume,2017-05-24,17862400
FB_Volume,2017-05-25,19891400
FB_Volume,2017-05-26,14996200
FB_Volume,2017-05-30,13226000
FB_Volume,2017-05-31,18023900
FB_Volume,2017-06-01,14530600
FB_Volume,2017-06-02,16854400
FB_Volume,2017-06-05,12520400
FB_Volume,2017-06-06,13457100
FB_Volume,2017-06-07,12066700
FB_Volume,2017-06-08,17799400
FB_Volume,2017-06-09,35577700
FB_Volume,2017-06-12,33170200
FB_Volume,2017-06-13,20483400
FB_Volume,2017-06-14,20808800
FB_Volume,2017-06-15,18994200
FB_Volume,2017-06-16,22882400
FB_Volume,2017-06-19,19026500
FB_Volume,2017-06-20,14743900
FB_Volume,2017-06-21,15039800
FB_Volume,2017-06-22,13005500
FB_Volume,2017-06-23,18027000
FB_Volume,2017-06-26,18049700
FB_Volume,2017-06-27,19360800
FB_Volume,2017-06-28,16719100
FB_Volume,2017-06-29,23973500
FB_Volume,2017-06-30,17666000
FB_Volume,2017-07-03,13862700
FB_Volume,2017-07-05,14334300
FB_Volume,2017-07-06,14951800
FB_Volume,2017-07-07,13615900
FB_Volume,2017-07-10,13378700
FB_Volume,2017-07-11,13667700
FB_Volume,2017-07-12,22739400
FB_Volume,2017-07-13,13929200
FB_Volume,2017-07-14,16371200
FB_Volume,2017-07-17,12858800
FB_Volume,2017-07-18,23722900
FB_Volume,2017-07-19,26273600
FB_Volume,2017-07-20,18523100
FB_Volume,2017-07-21,14744000
FB_Volume,2017-07-24,17367000
FB_Volume,2017-07-25,15383200
FB_Volume,2017-07-26,35236900
FB_Volume,2017-07-27,68910700
FB_Volume,2017-07-28,24557600
FB_Volume,2017-07-31,25478900
FB_Volume,2017-08-01,14385000
FB_Volume,2017-08-02,17433800
FB_Volume,2017-08-03,10793800
FB_Volume,2017-08-04,10777700
FB_Volume,2017-08-07,12787800
FB_Volume,2017-08-08,14393500
FB_Volume,2017-08-09,10815000
FB_Volume,2017-08-10,20832700
FB_Volume,2017-08-11,13791200
FB_Volume,2017-08-14,12954200
FB_Volume,2017-08-15,8729200
FB_Volume,2017-08-16,15779900
FB_Volume,2017-08-17,17216000
FB_Volume,2017-08-18,15093600
FB_Volume,2017-08-21,11907500
FB_Volume,2017-08-22,11391000
FB_Volume,2017-08-23,9856500
FB_Volume,2017-08-24,14030400
FB_Volume,2017-08-25,12614500
FB_Volume,2017-08-28,8553700
FB_Volume,2017-08-29,11121000
FB_Volume,2017-08-30,11138300
FB_Volume,2017-08-31,17226500
FB_Volume,2017-09-01,11677600
FB_Volume,2017-09-05,13210900
FB_Volume,2017-09-06,13906300
FB_Volume,2017-09-07,18049500
FB_Volume,2017-09-08,10998500
FB_Volume,2017-09-11,12372000
FB_Volume,2017-09-12,11186300
FB_Volume,2017-09-13,9119300
FB_Volume,2017-09-14,15615700
FB_Volume,2017-09-15,15660500
FB_Volume,2017-09-18,12954000
FB_Volume,2017-09-19,13168600
FB_Volume,2017-09-20,12264100
FB_Volume,2017-09-21,11161400
FB_Volume,2017-09-22,12097100
FB_Volume,2017-09-25,41251600
FB_Volume,2017-09-26,23363300
FB_Volume,2017-09-27,19242500
FB_Volume,2017-09-28,12178700
FB_Volume,2017-09-29,15340400
FB_Volume,2017-10-02,13392300
FB_Volume,2017-10-03,8190300
FB_Volume,2017-10-04,12127900
FB_Volume,2017-10-05,14580600
FB_Volume,2017-10-06,13124500
FB_Volume,2017-10-09,14570400
FB_Volume,2017-10-10,11341100
FB_Volume,2017-10-11,11283700
FB_Volume,2017-10-12,10351000
FB_Volume,2017-10-13,13658300
FB_Volume,2017-10-16,11498800
FB_Volume,2017-10-17,15990100
FB_Volume,2017-10-18,12752400
FB_Volume,2017-10-19,14048400
FB_Volume,2017-10-20,12602200
FB_Volume,2017-10-23,13852700
FB_Volume,2017-10-24,12267900
FB_Volume,2017-10-25,15868200
FB_Volume,2017-10-26,11833100
FB_Volume,2017-10-27,30285300
FB_Volume,2017-10-30,24353200
FB_Volume,2017-10-31,20174200
FB_Volume,2017-11-01,40918300
FB_Volume,2017-11-02,35529900
FB_Volume,2017-11-03,17822100
FB_Volume,2017-11-06,13312700
FB_Volume,2017-11-07,12928200
FB_Volume,2017-11-08,10494100
FB_Volume,2017-11-09,12610300
FB_Volume,2017-11-10,11070200
FB_Volume,2017-11-13,9523400
FB_Volume,2017-11-14,9585900
FB_Volume,2017-11-15,10253700
FB_Volume,2017-11-16,15607600
FB_Volume,2017-11-17,13018000
FB_Volume,2017-11-20,10052400
FB_Volume,2017-11-21,14504000
FB_Volume,2017-11-22,10376300
FB_Volume,2017-11-24,9426300
FB_Volume,2017-11-27,12344500
FB_Volume,2017-11-28,14379700
FB_Volume,2017-11-29,41933500
FB_Volume,2017-11-30,25307600
FB_Volume,2017-12-01,20182500
FB_Volume,2017-12-04,24459400
FB_Volume,2017-12-05,20184900
FB_Volume,2017-12-06,20255800
FB_Volume,2017-12-07,20404500
FB_Volume,2017-12-08,19883800
FB_Volume,2017-12-11,13168600
FB_Volume,2017-12-12,16854100
FB_Volume,2017-12-13,14615700
FB_Volume,2017-12-14,13591000
FB_Volume,2017-12-15,28463100
FB_Volume,2017-12-18,17265400
FB_Volume,2017-12-19,14920600
FB_Volume,2017-12-20,11860500
FB_Volume,2017-12-21,11600700
FB_Volume,2017-12-22,8487000
FB_Volume,2017-12-26,8897300
FB_Volume,2017-12-27,9496100
FB_Volume,2017-12-28,12220800
FB_Volume,2017-12-29,10178700
FB_Volume,2018-01-02,18151900
FB_Volume,2018-01-03,16886600
FB_Volume,2018-01-04,13880900
FB_Volume,2018-01-05,13574500
FB_Volume,2018-01-08,17994700
FB_Volume,2018-01-09,12393100
FB_Volume,2018-01-10,10529900
FB_Volume,2018-01-11,9588600
FB_Volume,2018-01-12,77306900
FB_Volume,2018-01-16,36183800
FB_Volume,2018-01-17,27992400
FB_Volume,2018-01-18,23304900
FB_Volume,2018-01-19,26826500
FB_Volume,2018-01-22,21059500
FB_Volume,2018-01-23,25678800
FB_Volume,2018-01-24,24334500
FB_Volume,2018-01-25,17377700
FB_Volume,2018-01-26,17759200
FB_Volume,2018-01-29,20453200
FB_Volume,2018-01-30,20858600
FB_Volume,2018-01-31,43275100
FB_Volume,2018-02-01,54211300
FB_Volume,2018-02-02,26677500
FB_Volume,2018-02-05,33128200
FB_Volume,2018-02-06,37758500
FB_Volume,2018-02-07,27601900
FB_Volume,2018-02-08,38478300
FB_Volume,2018-02-09,39887600
FB_Volume,2018-02-12,32092100
FB_Volume,2018-02-13,21809400
FB_Volume,2018-02-14,28929700
FB_Volume,2018-02-15,20922100
FB_Volume,2018-02-16,20645300
FB_Volume,2018-02-20,21204900
FB_Volume,2018-02-21,23200800
FB_Volume,2018-02-22,18464200
FB_Volume,2018-02-23,19007300
FB_Volume,2018-02-26,17599700
FB_Volume,2018-02-27,15849800
FB_Volume,2018-02-28,18783000
FB_Volume,2018-03-01,23201600
FB_Volume,2018-03-02,20025900
FB_Volume,2018-03-05,16189300
FB_Volume,2018-03-06,15086800
FB_Volume,2018-03-07,19097300
FB_Volume,2018-03-08,17225900
FB_Volume,2018-03-09,18526300
FB_Volume,2018-03-12,15301200
FB_Volume,2018-03-13,18067500
FB_Volume,2018-03-14,16821700
FB_Volume,2018-03-15,15614300
FB_Volume,2018-03-16,24403400
FB_Volume,2018-03-19,88140100
FB_Volume,2018-03-20,129851800
FB_Volume,2018-03-21,105920200
FB_Volume,2018-03-22,73743000
FB_Volume,2018-03-23,53609700
FB_Volume,2018-03-26,126116600
FB_Volume,2018-03-27,79117000
FB_Volume,2018-03-28,60029200
FB_Volume,2018-03-29,59434300
FB_Volume,2018-04-02,36796000
FB_Volume,2018-04-03,42543900
FB_Volume,2018-04-04,49885600
FB_Volume,2018-04-05,41449600
FB_Volume,2018-04-06,41644800
FB_Volume,2018-04-09,34915200
FB_Volume,2018-04-10,57889300
FB_Volume,2018-04-11,56144600
FB_Volume,2018-04-12,38263000
FB_Volume,2018-04-13,19990600
FB_Volume,2018-04-16,18119400
FB_Volume,2018-04-17,21716700
FB_Volume,2018-04-18,20969600
FB_Volume,2018-04-19,22235000
FB_Volume,2018-04-20,19119400
FB_Volume,2018-04-23,23088100
FB_Volume,2018-04-24,35079900
FB_Volume,2018-04-25,41083600
FB_Volume,2018-04-26,77556900
FB_Volume,2018-04-27,29804700
FB_Volume,2018-04-30,20750500
FB_Volume,2018-05-01,26025900
FB_Volume,2018-05-02,30424500
FB_Volume,2018-05-03,24026100
FB_Volume,2018-05-04,17677800
FB_Volume,2018-05-07,18697200
FB_Volume,2018-05-08,15577200
FB_Volume,2018-05-09,23282800
FB_Volume,2018-05-10,21071400
FB_Volume,2018-05-11,21207800
FB_Volume,2018-05-14,15646700
FB_Volume,2018-05-15,15429400
FB_Volume,2018-05-16,16975500
FB_Volume,2018-05-17,14840700
FB_Volume,2018-05-18,13130500
FB_Volume,2018-05-21,13532900
FB_Volume,2018-05-22,12731400
FB_Volume,2018-05-23,16628100
FB_Volume,2018-05-24,12354700
FB_Volume,2018-05-25,10965100
FB_Volume,2018-05-29,16398900
FB_Volume,2018-05-30,13736900
FB_Volume,2018-05-31,30782600
FB_Volume,2018-06-01,17307200
FB_Volume,2018-06-04,18939800
FB_Volume,2018-06-05,15544300
FB_Volume,2018-06-06,22558900
FB_Volume,2018-06-07,21503200
FB_Volume,2018-06-08,12677100
FB_Volume,2018-06-11,12928900
FB_Volume,2018-06-12,11562700
FB_Volume,2018-06-13,15853800
FB_Volume,2018-06-14,19120900
FB_Volume,2018-06-15,21860900
FB_Volume,2018-06-18,16826000
FB_Volume,2018-06-19,19994000
FB_Volume,2018-06-20,28230900
FB_Volume,2018-06-21,19045700
FB_Volume,2018-06-22,17420200
FB_Volume,2018-06-25,25275100
FB_Volume,2018-06-26,17897600
FB_Volume,2018-06-27,18734400
FB_Volume,2018-06-28,18172400
FB_Volume,2018-06-29,15811600
FB_Volume,2018-07-02,13961600
FB_Volume,2018-07-03,13489500
FB_Volume,2018-07-05,19684200
FB_Volume,2018-07-06,19740100
FB_Volume,2018-07-09,18149400
FB_Volume,2018-07-10,13190100
FB_Volume,2018-07-11,12927400
FB_Volume,2018-07-12,15454700
FB_Volume,2018-07-13,11486800
FB_Volume,2018-07-16,11078200
FB_Volume,2018-07-17,15349900
FB_Volume,2018-07-18,15334900
FB_Volume,2018-07-19,11350400
FB_Volume,2018-07-20,16163900
FB_Volume,2018-07-23,16732000
FB_Volume,2018-07-24,28468700
FB_Volume,2018-07-25,58954200
FB_Volume,2018-07-26,169803700
FB_Volume,2018-07-27,60073700
FB_Volume,2018-07-30,65280800
FB_Volume,2018-07-31,40356500
FB_Volume,2018-08-01,34042100
FB_Volume,2018-08-02,32400000
FB_Volume,2018-08-03,24763400
FB_Volume,2018-08-06,49716200
FB_Volume,2018-08-07,33398600
FB_Volume,2018-08-08,22205200
FB_Volume,2018-08-09,19696700
FB_Volume,2018-08-10,21500400
FB_Volume,2018-08-13,17369400
FB_Volume,2018-08-14,19102000
FB_Volume,2018-08-15,33020200
FB_Volume,2018-08-16,31351800
FB_Volume,2018-08-17,24893200
FB_Volume,2018-08-20,21518000
FB_Volume,2018-08-21,19578500
FB_Volume,2018-08-22,16894100
FB_Volume,2018-08-23,18053600
FB_Volume,2018-08-24,14631600
FB_Volume,2018-08-27,17921900
FB_Volume,2018-08-28,15910700
FB_Volume,2018-08-29,18494100
FB_Volume,2018-08-30,24216500
FB_Volume,2018-08-31,18065200
FB_Volume,2018-09-04,29809000
FB_Volume,2018-09-05,31226700
FB_Volume,2018-09-06,41514800
FB_Volume,2018-09-07,24300600
FB_Volume,2018-09-10,20197700
FB_Volume,2018-09-11,20457100
FB_Volume,2018-09-12,24078100
FB_Volume,2018-09-13,25453800
FB_Volume,2018-09-14,21770400
FB_Volume,2018-09-17,21005300
FB_Volume,2018-09-18,22465200
FB_Volume,2018-09-19,19629000
FB_Volume,2018-09-20,18824200
FB_Volume,2018-09-21,45994800
FB_Volume,2018-09-24,19222800
FB_Volume,2018-09-25,27622800
FB_Volume,2018-09-26,25252200
FB_Volume,2018-09-27,27266900
FB_Volume,2018-09-28,34265600
FB_Volume,2018-10-01,26407700
FB_Volume,2018-10-02,36031000
FB_Volume,2018-10-03,23109500
FB_Volume,2018-10-04,25739600
FB_Volume,2018-10-05,25744000
FB_Volume,2018-10-08,24046000
FB_Volume,2018-10-09,18844400
FB_Volume,2018-10-10,30610000
FB_Volume,2018-10-11,35338900
FB_Volume,2018-10-12,25293500
FB_Volume,2018-10-15,15433500
FB_Volume,2018-10-16,19180100
FB_Volume,2018-10-17,17592000
FB_Volume,2018-10-18,21675100
FB_Volume,2018-10-19,19761300
FB_Volume,2018-10-22,15424700
FB_Volume,2018-10-23,19095000
FB_Volume,2018-10-24,27744600
FB_Volume,2018-10-25,22105700
FB_Volume,2018-10-26,31303300
FB_Volume,2018-10-29,31336800
FB_Volume,2018-10-30,50528300
FB_Volume,2018-10-31,60101300
FB_Volume,2018-11-01,25640800
FB_Volume,2018-11-02,24708700
FB_Volume,2018-11-05,15971200
FB_Volume,2018-11-06,16667100
FB_Volume,2018-11-07,21877400
FB_Volume,2018-11-08,24145800
FB_Volume,2018-11-09,17326900
FB_Volume,2018-11-12,18542100
FB_Volume,2018-11-13,15141700
FB_Volume,2018-11-14,22068400
FB_Volume,2018-11-15,30320300
FB_Volume,2018-11-16,37250600
FB_Volume,2018-11-19,44362700
FB_Volume,2018-11-20,41939500
FB_Volume,2018-11-21,25469700
FB_Volume,2018-11-23,11886100
FB_Volume,2018-11-26,24263600
FB_Volume,2018-11-27,20750300
FB_Volume,2018-11-28,29847500
FB_Volume,2018-11-29,24238700
FB_Volume,2018-11-30,25732600
FB_Volume,2018-12-03,24819200
FB_Volume,2018-12-04,30307400
FB_Volume,2018-12-06,28218100
FB_Volume,2018-12-07,21195500
FB_Volume,2018-12-10,26422200
FB_Volume,2018-12-11,20300300
FB_Volume,2018-12-12,23696900
FB_Volume,2018-12-13,18148600
FB_Volume,2018-12-14,21785800
FB_Volume,2018-12-17,24334000
FB_Volume,2018-12-18,24709100
FB_Volume,2018-12-19,57404900
FB_Volume,2018-12-20,40297900
FB_Volume,2018-12-21,56901500
FB_Volume,2018-12-24,22066000
FB_Volume,2018-12-26,39723400
FB_Volume,2018-12-27,31202500
FB_Volume,2018-12-28,22627600
FB_Volume,2018-12-31,24625300
GOOG_Volume,2014-01-02,3666400
GOOG_Volume,2014-01-03,3355000
GOOG_Volume,2014-01-06,3561600
GOOG_Volume,2014-01-07,5138400
GOOG_Volume,2014-01-08,4514100
GOOG_Volume,2014-01-09,4196000
GOOG_Volume,2014-01-10,4314700
GOOG_Volume,2014-01-13,4869100
GOOG_Volume,2014-01-14,4997400
GOOG_Volume,2014-01-15,3925700
GOOG_Volume,2014-01-16,3389600
GOOG_Volume,2014-01-17,5437700
GOOG_Volume,2014-01-21,3985400
GOOG_Volume,2014-01-22,3163200
GOOG_Volume,2014-01-23,3923400
GOOG_Volume,2014-01-24,7835500
GOOG_Volume,2014-01-27,8763800
GOOG_Volume,2014-01-28,4449100
GOOG_Volume,2014-01-29,4790600
GOOG_Volume,2014-01-30,10248900
GOOG_Volume,2014-01-31,11204900
GOOG_Volume,2014-02-03,9197600
GOOG_Volume,2014-02-04,5660300
GOOG_Volume,2014-02-05,4820000
GOOG_Volume,2014-02-06,3918300
GOOG_Volume,2014-02-07,5306500
GOOG_Volume,2014-02-10,3915500
GOOG_Volume,2014-02-11,4128200
GOOG_Volume,2014-02-12,3471300
GOOG_Volume,2014-02-13,3696500
GOOG_Volume,2014-02-14,4401800
GOOG_Volume,2014-02-18,4245100
GOOG_Volume,2014-02-19,4234500
GOOG_Volume,2014-02-20,3423700
GOOG_Volume,2014-02-21,3748800
GOOG_Volume,2014-02-24,3370300
GOOG_Volume,2014-02-25,2896000
GOOG_Volume,2014-02-26,3990000
GOOG_Volume,2014-02-27,2536300
GOOG_Volume,2014-02-28,4657300
GOOG_Volume,2014-03-03,4236900
GOOG_Volume,2014-03-04,2954400
GOOG_Volume,2014-03-05,2486500
GOOG_Volume,2014-03-06,2552600
GOOG_Volume,2014-03-07,3049900
GOOG_Volume,2014-03-10,2444900
GOOG_Volume,2014-03-11,3448200
GOOG_Volume,2014-03-12,3954000
GOOG_Volume,2014-03-13,4721500
GOOG_Volume,2014-03-14,4617500
GOOG_Volume,2014-03-17,4352200
GOOG_Volume,2014-03-18,3653500
GOOG_Volume,2014-03-19,3246700
GOOG_Volume,2014-03-20,3391200
GOOG_Volume,2014-03-21,6458700
GOOG_Volume,2014-03-24,6113500
GOOG_Volume,2014-03-25,4851700
GOOG_Volume,2014-03-26,5193400
GOOG_Volume,2014-03-27,13100
GOOG_Volume,2014-03-28,41300
GOOG_Volume,2014-03-31,10800
GOOG_Volume,2014-04-01,7900
GOOG_Volume,2014-04-02,147500
GOOG_Volume,2014-04-03,5113100
GOOG_Volume,2014-04-04,6386800
GOOG_Volume,2014-04-07,4413700
GOOG_Volume,2014-04-08,3159900
GOOG_Volume,2014-04-09,3339900
GOOG_Volume,2014-04-10,4047900
GOOG_Volume,2014-04-11,3935600
GOOG_Volume,2014-04-14,2582100
GOOG_Volume,2014-04-15,3865600
GOOG_Volume,2014-04-16,4906600
GOOG_Volume,2014-04-17,6828200
GOOG_Volume,2014-04-21,2573700
GOOG_Volume,2014-04-22,2371800
GOOG_Volume,2014-04-23,2057900
GOOG_Volume,2014-04-24,1888300
GOOG_Volume,2014-04-25,2106100
GOOG_Volume,2014-04-28,3344700
GOOG_Volume,2014-04-29,2706400
GOOG_Volume,2014-04-30,1755900
GOOG_Volume,2014-05-01,1910700
GOOG_Volume,2014-05-02,1693100
GOOG_Volume,2014-05-05,1026900
GOOG_Volume,2014-05-06,1693600
GOOG_Volume,2014-05-07,3233200
GOOG_Volume,2014-05-08,2026800
GOOG_Volume,2014-05-09,2446100
GOOG_Volume,2014-05-12,1917800
GOOG_Volume,2014-05-13,1657900
GOOG_Volume,2014-05-14,1195000
GOOG_Volume,2014-05-15,1709000
GOOG_Volume,2014-05-16,1489300
GOOG_Volume,2014-05-19,1281200
GOOG_Volume,2014-05-20,1789600
GOOG_Volume,2014-05-21,1199500
GOOG_Volume,2014-05-22,1620200
GOOG_Volume,2014-05-23,1937400
GOOG_Volume,2014-05-27,2109900
GOOG_Volume,2014-05-28,1656500
GOOG_Volume,2014-05-29,1357800
GOOG_Volume,2014-05-30,1776000
GOOG_Volume,2014-06-02,1438900
GOOG_Volume,2014-06-03,1871700
GOOG_Volume,2014-06-04,1821400
GOOG_Volume,2014-06-05,1693700
GOOG_Volume,2014-06-06,1741500
GOOG_Volume,2014-06-09,1471500
GOOG_Volume,2014-06-10,1355400
GOOG_Volume,2014-06-11,1103100
GOOG_Volume,2014-06-12,1462400
GOOG_Volume,2014-06-13,1223900
GOOG_Volume,2014-06-16,1707200
GOOG_Volume,2014-06-17,1448500
GOOG_Volume,2014-06-18,1746500
GOOG_Volume,2014-06-19,2463500
GOOG_Volume,2014-06-20,4520700
GOOG_Volume,2014-06-23,1541000
GOOG_Volume,2014-06-24,2213200
GOOG_Volume,2014-06-25,1974700
GOOG_Volume,2014-06-26,1746700
GOOG_Volume,2014-06-27,2243000
GOOG_Volume,2014-06-30,1317300
GOOG_Volume,2014-07-01,1451900
GOOG_Volume,2014-07-02,1059200
GOOG_Volume,2014-07-03,716100
GOOG_Volume,2014-07-07,1067500
GOOG_Volume,2014-07-08,1914700
GOOG_Volume,2014-07-09,1119800
GOOG_Volume,2014-07-10,1360400
GOOG_Volume,2014-07-11,1626200
GOOG_Volume,2014-07-14,1859100
GOOG_Volume,2014-07-15,1627500
GOOG_Volume,2014-07-16,1400900
GOOG_Volume,2014-07-17,3024800
GOOG_Volume,2014-07-18,4025100
GOOG_Volume,2014-07-21,2067800
GOOG_Volume,2014-07-22,1703800
GOOG_Volume,2014-07-23,1236500
GOOG_Volume,2014-07-24,1037900
GOOG_Volume,2014-07-25,935000
GOOG_Volume,2014-07-28,989500
GOOG_Volume,2014-07-29,1353500
GOOG_Volume,2014-07-30,1019200
GOOG_Volume,2014-07-31,2108500
GOOG_Volume,2014-08-01,1960600
GOOG_Volume,2014-08-04,1431200
GOOG_Volume,2014-08-05,1555500
GOOG_Volume,2014-08-06,1338000
GOOG_Volume,2014-08-07,1113900
GOOG_Volume,2014-08-08,1498800
GOOG_Volume,2014-08-11,1218000
GOOG_Volume,2014-08-12,1546200
GOOG_Volume,2014-08-13,1443200
GOOG_Volume,2014-08-14,988100
GOOG_Volume,2014-08-15,1523300
GOOG_Volume,2014-08-18,1287600
GOOG_Volume,2014-08-19,981300
GOOG_Volume,2014-08-20,1039500
GOOG_Volume,2014-08-21,917300
GOOG_Volume,2014-08-22,791200
GOOG_Volume,2014-08-25,1365100
GOOG_Volume,2014-08-26,1644100
GOOG_Volume,2014-08-27,1708000
GOOG_Volume,2014-08-28,1296400
GOOG_Volume,2014-08-29,1086700
GOOG_Volume,2014-09-02,1582700
GOOG_Volume,2014-09-03,1218400
GOOG_Volume,2014-09-04,1462100
GOOG_Volume,2014-09-05,1636800
GOOG_Volume,2014-09-08,1434900
GOOG_Volume,2014-09-09,1290700
GOOG_Volume,2014-09-10,980000
GOOG_Volume,2014-09-11,1224400
GOOG_Volume,2014-09-12,1606000
GOOG_Volume,2014-09-15,1601900
GOOG_Volume,2014-09-16,1484400
GOOG_Volume,2014-09-17,1697400
GOOG_Volume,2014-09-18,1448500
GOOG_Volume,2014-09-19,3746900
GOOG_Volume,2014-09-22,1694100
GOOG_Volume,2014-09-23,1475400
GOOG_Volume,2014-09-24,1732800
GOOG_Volume,2014-09-25,1931200
GOOG_Volume,2014-09-26,1447600
GOOG_Volume,2014-09-29,1285900
GOOG_Volume,2014-09-30,1626200
GOOG_Volume,2014-10-01,1449400
GOOG_Volume,2014-10-02,1181600
GOOG_Volume,2014-10-03,1144800
GOOG_Volume,2014-10-06,1217900
GOOG_Volume,2014-10-07,1916500
GOOG_Volume,2014-10-08,1996300
GOOG_Volume,2014-10-09,2531700
GOOG_Volume,2014-10-10,3090400
GOOG_Volume,2014-10-13,2588700
GOOG_Volume,2014-10-14,2228600
GOOG_Volume,2014-10-15,3729500
GOOG_Volume,2014-10-16,3718700
GOOG_Volume,2014-10-17,5554500
GOOG_Volume,2014-10-20,2614700
GOOG_Volume,2014-10-21,2342600
GOOG_Volume,2014-10-22,2927200
GOOG_Volume,2014-10-23,2355200
GOOG_Volume,2014-10-24,1978500
GOOG_Volume,2014-10-27,1188600
GOOG_Volume,2014-10-28,1274400
GOOG_Volume,2014-10-29,1775400
GOOG_Volume,2014-10-30,1459600
GOOG_Volume,2014-10-31,2040600
GOOG_Volume,2014-11-03,1386000
GOOG_Volume,2014-11-04,1247600
GOOG_Volume,2014-11-05,2037800
GOOG_Volume,2014-11-06,1336900
GOOG_Volume,2014-11-07,1638200
GOOG_Volume,2014-11-10,1137700
GOOG_Volume,2014-11-11,968200
GOOG_Volume,2014-11-12,1132700
GOOG_Volume,2014-11-13,1343000
GOOG_Volume,2014-11-14,1293000
GOOG_Volume,2014-11-17,1730700
GOOG_Volume,2014-11-18,1968000
GOOG_Volume,2014-11-19,1396000
GOOG_Volume,2014-11-20,1567600
GOOG_Volume,2014-11-21,2230300
GOOG_Volume,2014-11-24,1711000
GOOG_Volume,2014-11-25,1794800
GOOG_Volume,2014-11-26,1527100
GOOG_Volume,2014-11-28,1151500
GOOG_Volume,2014-12-01,2121100
GOOG_Volume,2014-12-02,1530800
GOOG_Volume,2014-12-03,1281400
GOOG_Volume,2014-12-04,1395900
GOOG_Volume,2014-12-05,2572600
GOOG_Volume,2014-12-08,2335700
GOOG_Volume,2014-12-09,1876400
GOOG_Volume,2014-12-10,1716900
GOOG_Volume,2014-12-11,1615200
GOOG_Volume,2014-12-12,2000000
GOOG_Volume,2014-12-15,2821100
GOOG_Volume,2014-12-16,3975100
GOOG_Volume,2014-12-17,2891000
GOOG_Volume,2014-12-18,2934700
GOOG_Volume,2014-12-19,3700300
GOOG_Volume,2014-12-22,2731200
GOOG_Volume,2014-12-23,2203600
GOOG_Volume,2014-12-24,707800
GOOG_Volume,2014-12-26,1043400
GOOG_Volume,2014-12-29,2284800
GOOG_Volume,2014-12-30,878600
GOOG_Volume,2014-12-31,1372000
GOOG_Volume,2015-01-02,1447600
GOOG_Volume,2015-01-05,2059800
GOOG_Volume,2015-01-06,2899900
GOOG_Volume,2015-01-07,2065100
GOOG_Volume,2015-01-08,3353600
GOOG_Volume,2015-01-09,2069400
GOOG_Volume,2015-01-12,2322400
GOOG_Volume,2015-01-13,2370500
GOOG_Volume,2015-01-14,2235700
GOOG_Volume,2015-01-15,2715800
GOOG_Volume,2015-01-16,2298300
GOOG_Volume,2015-01-20,2227900
GOOG_Volume,2015-01-21,2268700
GOOG_Volume,2015-01-22,2676900
GOOG_Volume,2015-01-23,2273000
GOOG_Volume,2015-01-26,1543700
GOOG_Volume,2015-01-27,1904000
GOOG_Volume,2015-01-28,1683800
GOOG_Volume,2015-01-29,4186400
GOOG_Volume,2015-01-30,5606400
GOOG_Volume,2015-02-02,2849800
GOOG_Volume,2015-02-03,2034800
GOOG_Volume,2015-02-04,1663700
GOOG_Volume,2015-02-05,1849800
GOOG_Volume,2015-02-06,1749400
GOOG_Volume,2015-02-09,1267800
GOOG_Volume,2015-02-10,1749900
GOOG_Volume,2015-02-11,1377800
GOOG_Volume,2015-02-12,1620200
GOOG_Volume,2015-02-13,1900300
GOOG_Volume,2015-02-17,1616800
GOOG_Volume,2015-02-18,1451600
GOOG_Volume,2015-02-19,991800
GOOG_Volume,2015-02-20,1444400
GOOG_Volume,2015-02-23,1457900
GOOG_Volume,2015-02-24,1005100
GOOG_Volume,2015-02-25,1826000
GOOG_Volume,2015-02-26,2311500
GOOG_Volume,2015-02-27,2410200
GOOG_Volume,2015-03-02,2129600
GOOG_Volume,2015-03-03,1704800
GOOG_Volume,2015-03-04,1718500
GOOG_Volume,2015-03-05,1389600
GOOG_Volume,2015-03-06,1659100
GOOG_Volume,2015-03-09,1062100
GOOG_Volume,2015-03-10,1772400
GOOG_Volume,2015-03-11,1820800
GOOG_Volume,2015-03-12,1389600
GOOG_Volume,2015-03-13,1703600
GOOG_Volume,2015-03-16,1641000
GOOG_Volume,2015-03-17,1803200
GOOG_Volume,2015-03-18,2130200
GOOG_Volume,2015-03-19,1197300
GOOG_Volume,2015-03-20,2616900
GOOG_Volume,2015-03-23,1630100
GOOG_Volume,2015-03-24,2583300
GOOG_Volume,2015-03-25,2152300
GOOG_Volume,2015-03-26,1572600
GOOG_Volume,2015-03-27,1894400
GOOG_Volume,2015-03-30,1287500
GOOG_Volume,2015-03-31,1588000
GOOG_Volume,2015-04-01,1952900
GOOG_Volume,2015-04-02,1716400
GOOG_Volume,2015-04-06,1324400
GOOG_Volume,2015-04-07,1302900
GOOG_Volume,2015-04-08,1178500
GOOG_Volume,2015-04-09,1557900
GOOG_Volume,2015-04-10,1409500
GOOG_Volume,2015-04-13,1645300
GOOG_Volume,2015-04-14,2597300
GOOG_Volume,2015-04-15,2325200
GOOG_Volume,2015-04-16,1299900
GOOG_Volume,2015-04-17,2144100
GOOG_Volume,2015-04-20,1679300
GOOG_Volume,2015-04-21,1849800
GOOG_Volume,2015-04-22,1593600
GOOG_Volume,2015-04-23,4184900
GOOG_Volume,2015-04-24,4932500
GOOG_Volume,2015-04-27,2398000
GOOG_Volume,2015-04-28,1491000
GOOG_Volume,2015-04-29,1698800
GOOG_Volume,2015-04-30,2082200
GOOG_Volume,2015-05-01,1768200
GOOG_Volume,2015-05-04,1308000
GOOG_Volume,2015-05-05,1383100
GOOG_Volume,2015-05-06,1567000
GOOG_Volume,2015-05-07,1546300
GOOG_Volume,2015-05-08,1527600
GOOG_Volume,2015-05-11,905300
GOOG_Volume,2015-05-12,1634200
GOOG_Volume,2015-05-13,1252300
GOOG_Volume,2015-05-14,1403900
GOOG_Volume,2015-05-15,1971300
GOOG_Volume,2015-05-18,1998600
GOOG_Volume,2015-05-19,1966900
GOOG_Volume,2015-05-20,1430800
GOOG_Volume,2015-05-21,1462700
GOOG_Volume,2015-05-22,1176200
GOOG_Volume,2015-05-26,2406500
GOOG_Volume,2015-05-27,1525000
GOOG_Volume,2015-05-28,1029800
GOOG_Volume,2015-05-29,2584900
GOOG_Volume,2015-06-01,1904300
GOOG_Volume,2015-06-02,1934700
GOOG_Volume,2015-06-03,1717000
GOOG_Volume,2015-06-04,1348300
GOOG_Volume,2015-06-05,1388200
GOOG_Volume,2015-06-08,1520600
GOOG_Volume,2015-06-09,1455300
GOOG_Volume,2015-06-10,1815000
GOOG_Volume,2015-06-11,1217500
GOOG_Volume,2015-06-12,955800
GOOG_Volume,2015-06-15,1632700
GOOG_Volume,2015-06-16,1071800
GOOG_Volume,2015-06-17,1294200
GOOG_Volume,2015-06-18,1833100
GOOG_Volume,2015-06-19,1893500
GOOG_Volume,2015-06-22,1250300
GOOG_Volume,2015-06-23,1197500
GOOG_Volume,2015-06-24,1286600
GOOG_Volume,2015-06-25,1335700
GOOG_Volume,2015-06-26,2109100
GOOG_Volume,2015-06-29,1937800
GOOG_Volume,2015-06-30,2235600
GOOG_Volume,2015-07-01,1961000
GOOG_Volume,2015-07-02,1235900
GOOG_Volume,2015-07-06,1280500
GOOG_Volume,2015-07-07,1597200
GOOG_Volume,2015-07-08,1296700
GOOG_Volume,2015-07-09,1842300
GOOG_Volume,2015-07-10,1956700
GOOG_Volume,2015-07-13,2206500
GOOG_Volume,2015-07-14,3244100
GOOG_Volume,2015-07-15,1784600
GOOG_Volume,2015-07-16,4768300
GOOG_Volume,2015-07-17,11164900
GOOG_Volume,2015-07-20,5860900
GOOG_Volume,2015-07-21,3377200
GOOG_Volume,2015-07-22,3929300
GOOG_Volume,2015-07-23,3029100
GOOG_Volume,2015-07-24,3625700
GOOG_Volume,2015-07-27,2675400
GOOG_Volume,2015-07-28,1727300
GOOG_Volume,2015-07-29,1575100
GOOG_Volume,2015-07-30,1474200
GOOG_Volume,2015-07-31,1706100
GOOG_Volume,2015-08-03,1304500
GOOG_Volume,2015-08-04,1490900
GOOG_Volume,2015-08-05,2334300
GOOG_Volume,2015-08-06,1572600
GOOG_Volume,2015-08-07,1403900
GOOG_Volume,2015-08-10,1809200
GOOG_Volume,2015-08-11,5000900
GOOG_Volume,2015-08-12,2936700
GOOG_Volume,2015-08-13,1810700
GOOG_Volume,2015-08-14,1069900
GOOG_Volume,2015-08-17,1051700
GOOG_Volume,2015-08-18,1456100
GOOG_Volume,2015-08-19,2134100
GOOG_Volume,2015-08-20,2855300
GOOG_Volume,2015-08-21,4265200
GOOG_Volume,2015-08-24,5770300
GOOG_Volume,2015-08-25,3538000
GOOG_Volume,2015-08-26,4235900
GOOG_Volume,2015-08-27,3491300
GOOG_Volume,2015-08-28,1978700
GOOG_Volume,2015-08-31,2161200
GOOG_Volume,2015-09-01,3702100
GOOG_Volume,2015-09-02,2575600
GOOG_Volume,2015-09-03,1759600
GOOG_Volume,2015-09-04,2089000
GOOG_Volume,2015-09-08,2279500
GOOG_Volume,2015-09-09,1693900
GOOG_Volume,2015-09-10,1905300
GOOG_Volume,2015-09-11,1373500
GOOG_Volume,2015-09-14,1702300
GOOG_Volume,2015-09-15,2082100
GOOG_Volume,2015-09-16,1286500
GOOG_Volume,2015-09-17,2274700
GOOG_Volume,2015-09-18,5087600
GOOG_Volume,2015-09-21,1788500
GOOG_Volume,2015-09-22,2562900
GOOG_Volume,2015-09-23,1470900
GOOG_Volume,2015-09-24,2240100
GOOG_Volume,2015-09-25,2174000
GOOG_Volume,2015-09-28,3127700
GOOG_Volume,2015-09-29,2309500
GOOG_Volume,2015-09-30,2403800
GOOG_Volume,2015-10-01,1867600
GOOG_Volume,2015-10-02,2684800
GOOG_Volume,2015-10-05,1803600
GOOG_Volume,2015-10-06,2166300
GOOG_Volume,2015-10-07,2092700
GOOG_Volume,2015-10-08,2182100
GOOG_Volume,2015-10-09,1648700
GOOG_Volume,2015-10-12,1275200
GOOG_Volume,2015-10-13,1807700
GOOG_Volume,2015-10-14,1415500
GOOG_Volume,2015-10-15,1885700
GOOG_Volume,2015-10-16,1611100
GOOG_Volume,2015-10-19,1477300
GOOG_Volume,2015-10-20,2490000
GOOG_Volume,2015-10-21,1791100
GOOG_Volume,2015-10-22,4071000
GOOG_Volume,2015-10-23,6653900
GOOG_Volume,2015-10-26,2716600
GOOG_Volume,2015-10-27,2245800
GOOG_Volume,2015-10-28,2178900
GOOG_Volume,2015-10-29,1454100
GOOG_Volume,2015-10-30,1908800
GOOG_Volume,2015-11-02,1886300
GOOG_Volume,2015-11-03,1565400
GOOG_Volume,2015-11-04,1704600
GOOG_Volume,2015-11-05,1861600
GOOG_Volume,2015-11-06,1511600
GOOG_Volume,2015-11-09,2069800
GOOG_Volume,2015-11-10,1608000
GOOG_Volume,2015-11-11,1366400
GOOG_Volume,2015-11-12,1837200
GOOG_Volume,2015-11-13,2075500
GOOG_Volume,2015-11-16,1905900
GOOG_Volume,2015-11-17,1510900
GOOG_Volume,2015-11-18,1684300
GOOG_Volume,2015-11-19,1327100
GOOG_Volume,2015-11-20,2212300
GOOG_Volume,2015-11-23,1414500
GOOG_Volume,2015-11-24,2333100
GOOG_Volume,2015-11-25,1122100
GOOG_Volume,2015-11-27,838500
GOOG_Volume,2015-11-30,2097600
GOOG_Volume,2015-12-01,2134600
GOOG_Volume,2015-12-02,2230400
GOOG_Volume,2015-12-03,2590600
GOOG_Volume,2015-12-04,2757300
GOOG_Volume,2015-12-07,1812300
GOOG_Volume,2015-12-08,1829500
GOOG_Volume,2015-12-09,2700000
GOOG_Volume,2015-12-10,1984900
GOOG_Volume,2015-12-11,2224400
GOOG_Volume,2015-12-14,2412500
GOOG_Volume,2015-12-15,2666200
GOOG_Volume,2015-12-16,1993300
GOOG_Volume,2015-12-17,1553400
GOOG_Volume,2015-12-18,3148700
GOOG_Volume,2015-12-21,1525700
GOOG_Volume,2015-12-22,1365400
GOOG_Volume,2015-12-23,1565900
GOOG_Volume,2015-12-24,527200
GOOG_Volume,2015-12-28,1515300
GOOG_Volume,2015-12-29,1765000
GOOG_Volume,2015-12-30,1293300
GOOG_Volume,2015-12-31,1500900
GOOG_Volume,2016-01-04,3272800
GOOG_Volume,2016-01-05,1950700
GOOG_Volume,2016-01-06,1947000
GOOG_Volume,2016-01-07,2963700
GOOG_Volume,2016-01-08,2450900
GOOG_Volume,2016-01-11,2089300
GOOG_Volume,2016-01-12,2024500
GOOG_Volume,2016-01-13,2501700
GOOG_Volume,2016-01-14,2225800
GOOG_Volume,2016-01-15,3608100
GOOG_Volume,2016-01-19,2268100
GOOG_Volume,2016-01-20,3445000
GOOG_Volume,2016-01-21,2412200
GOOG_Volume,2016-01-22,2011800
GOOG_Volume,2016-01-25,1711700
GOOG_Volume,2016-01-26,1324300
GOOG_Volume,2016-01-27,2194200
GOOG_Volume,2016-01-28,2676400
GOOG_Volume,2016-01-29,3474300
GOOG_Volume,2016-02-01,5139200
GOOG_Volume,2016-02-02,6348100
GOOG_Volume,2016-02-03,6171000
GOOG_Volume,2016-02-04,5145900
GOOG_Volume,2016-02-05,5105700
GOOG_Volume,2016-02-08,4247400
GOOG_Volume,2016-02-09,3604300
GOOG_Volume,2016-02-10,2638000
GOOG_Volume,2016-02-11,3024000
GOOG_Volume,2016-02-12,2141400
GOOG_Volume,2016-02-16,2520000
GOOG_Volume,2016-02-17,2492600
GOOG_Volume,2016-02-18,1883200
GOOG_Volume,2016-02-19,1589300
GOOG_Volume,2016-02-22,1949800
GOOG_Volume,2016-02-23,2009300
GOOG_Volume,2016-02-24,1963600
GOOG_Volume,2016-02-25,1631900
GOOG_Volume,2016-02-26,2243500
GOOG_Volume,2016-02-29,2481100
GOOG_Volume,2016-03-01,2151400
GOOG_Volume,2016-03-02,1629000
GOOG_Volume,2016-03-03,1956800
GOOG_Volume,2016-03-04,1972100
GOOG_Volume,2016-03-07,2985100
GOOG_Volume,2016-03-08,2076300
GOOG_Volume,2016-03-09,1421500
GOOG_Volume,2016-03-10,2829400
GOOG_Volume,2016-03-11,1970800
GOOG_Volume,2016-03-14,1718300
GOOG_Volume,2016-03-15,1721000
GOOG_Volume,2016-03-16,1624400
GOOG_Volume,2016-03-17,1860800
GOOG_Volume,2016-03-18,2980700
GOOG_Volume,2016-03-21,1836500
GOOG_Volume,2016-03-22,1269700
GOOG_Volume,2016-03-23,1432100
GOOG_Volume,2016-03-24,1594900
GOOG_Volume,2016-03-28,1301300
GOOG_Volume,2016-03-29,1902100
GOOG_Volume,2016-03-30,1782400
GOOG_Volume,2016-03-31,1718800
GOOG_Volume,2016-04-01,1576700
GOOG_Volume,2016-04-04,1134200
GOOG_Volume,2016-04-05,1132300
GOOG_Volume,2016-04-06,1050200
GOOG_Volume,2016-04-07,1453200
GOOG_Volume,2016-04-08,1290800
GOOG_Volume,2016-04-11,1220100
GOOG_Volume,2016-04-12,1349700
GOOG_Volume,2016-04-13,1707100
GOOG_Volume,2016-04-14,1131000
GOOG_Volume,2016-04-15,1809300
GOOG_Volume,2016-04-18,1556000
GOOG_Volume,2016-04-19,2030500
GOOG_Volume,2016-04-20,1529200
GOOG_Volume,2016-04-21,3060500
GOOG_Volume,2016-04-22,5951900
GOOG_Volume,2016-04-25,1959200
GOOG_Volume,2016-04-26,2744600
GOOG_Volume,2016-04-27,3098600
GOOG_Volume,2016-04-28,2867300
GOOG_Volume,2016-04-29,2487700
GOOG_Volume,2016-05-02,1645300
GOOG_Volume,2016-05-03,1543800
GOOG_Volume,2016-05-04,1688600
GOOG_Volume,2016-05-05,1683500
GOOG_Volume,2016-05-06,1829300
GOOG_Volume,2016-05-09,1510300
GOOG_Volume,2016-05-10,1563100
GOOG_Volume,2016-05-11,1692100
GOOG_Volume,2016-05-12,1360700
GOOG_Volume,2016-05-13,1314500
GOOG_Volume,2016-05-16,1317100
GOOG_Volume,2016-05-17,2001200
GOOG_Volume,2016-05-18,1766800
GOOG_Volume,2016-05-19,1670200
GOOG_Volume,2016-05-20,1828400
GOOG_Volume,2016-05-23,1320900
GOOG_Volume,2016-05-24,1929500
GOOG_Volume,2016-05-25,1629200
GOOG_Volume,2016-05-26,1542900
GOOG_Volume,2016-05-27,1975000
GOOG_Volume,2016-05-31,2129500
GOOG_Volume,2016-06-01,1253600
GOOG_Volume,2016-06-02,1337600
GOOG_Volume,2016-06-03,1226300
GOOG_Volume,2016-06-06,1565300
GOOG_Volume,2016-06-07,1336200
GOOG_Volume,2016-06-08,1583700
GOOG_Volume,2016-06-09,988900
GOOG_Volume,2016-06-10,1216400
GOOG_Volume,2016-06-13,1258900
GOOG_Volume,2016-06-14,1306100
GOOG_Volume,2016-06-15,1214500
GOOG_Volume,2016-06-16,1982500
GOOG_Volume,2016-06-17,3402400
GOOG_Volume,2016-06-20,2082500
GOOG_Volume,2016-06-21,1465600
GOOG_Volume,2016-06-22,1184300
GOOG_Volume,2016-06-23,2171400
GOOG_Volume,2016-06-24,4449000
GOOG_Volume,2016-06-27,2629000
GOOG_Volume,2016-06-28,2173800
GOOG_Volume,2016-06-29,1932600
GOOG_Volume,2016-06-30,1597700
GOOG_Volume,2016-07-01,1344700
GOOG_Volume,2016-07-05,1462600
GOOG_Volume,2016-07-06,1411900
GOOG_Volume,2016-07-07,1303100
GOOG_Volume,2016-07-08,1575200
GOOG_Volume,2016-07-11,1111800
GOOG_Volume,2016-07-12,1336900
GOOG_Volume,2016-07-13,935900
GOOG_Volume,2016-07-14,950200
GOOG_Volume,2016-07-15,1279300
GOOG_Volume,2016-07-18,1295500
GOOG_Volume,2016-07-19,1227500
GOOG_Volume,2016-07-20,1289700
GOOG_Volume,2016-07-21,1026300
GOOG_Volume,2016-07-22,1259800
GOOG_Volume,2016-07-25,1032400
GOOG_Volume,2016-07-26,1186700
GOOG_Volume,2016-07-27,1497100
GOOG_Volume,2016-07-28,3530200
GOOG_Volume,2016-07-29,3841500
GOOG_Volume,2016-08-01,2700500
GOOG_Volume,2016-08-02,1784500
GOOG_Volume,2016-08-03,1287400
GOOG_Volume,2016-08-04,1139400
GOOG_Volume,2016-08-05,1801200
GOOG_Volume,2016-08-08,1107900
GOOG_Volume,2016-08-09,1318900
GOOG_Volume,2016-08-10,786400
GOOG_Volume,2016-08-11,971100
GOOG_Volume,2016-08-12,740500
GOOG_Volume,2016-08-15,938200
GOOG_Volume,2016-08-16,1028000
GOOG_Volume,2016-08-17,924200
GOOG_Volume,2016-08-18,719400
GOOG_Volume,2016-08-19,861500
GOOG_Volume,2016-08-22,951400
GOOG_Volume,2016-08-23,928200
GOOG_Volume,2016-08-24,1072000
GOOG_Volume,2016-08-25,926900
GOOG_Volume,2016-08-26,1166700
GOOG_Volume,2016-08-29,841000
GOOG_Volume,2016-08-30,1130000
GOOG_Volume,2016-08-31,1248600
GOOG_Volume,2016-09-01,925100
GOOG_Volume,2016-09-02,1072700
GOOG_Volume,2016-09-06,1442800
GOOG_Volume,2016-09-07,893700
GOOG_Volume,2016-09-08,1260600
GOOG_Volume,2016-09-09,1885500
GOOG_Volume,2016-09-12,1311000
GOOG_Volume,2016-09-13,1395000
GOOG_Volume,2016-09-14,1087400
GOOG_Volume,2016-09-15,1305100
GOOG_Volume,2016-09-16,2049300
GOOG_Volume,2016-09-19,1171100
GOOG_Volume,2016-09-20,978600
GOOG_Volume,2016-09-21,1167800
GOOG_Volume,2016-09-22,1486200
GOOG_Volume,2016-09-23,1411900
GOOG_Volume,2016-09-26,1533200
GOOG_Volume,2016-09-27,1153200
GOOG_Volume,2016-09-28,1109800
GOOG_Volume,2016-09-29,1314700
GOOG_Volume,2016-09-30,1585300
GOOG_Volume,2016-10-03,1278800
GOOG_Volume,2016-10-04,1201400
GOOG_Volume,2016-10-05,1461200
GOOG_Volume,2016-10-06,1070700
GOOG_Volume,2016-10-07,933200
GOOG_Volume,2016-10-10,1161400
GOOG_Volume,2016-10-11,1372500
GOOG_Volume,2016-10-12,937400
GOOG_Volume,2016-10-13,1365300
GOOG_Volume,2016-10-14,852500
GOOG_Volume,2016-10-17,1093000
GOOG_Volume,2016-10-18,1995600
GOOG_Volume,2016-10-19,1766800
GOOG_Volume,2016-10-20,1757500
GOOG_Volume,2016-10-21,1266200
GOOG_Volume,2016-10-24,1697500
GOOG_Volume,2016-10-25,1576400
GOOG_Volume,2016-10-26,1647700
GOOG_Volume,2016-10-27,2749200
GOOG_Volume,2016-10-28,4269900
GOOG_Volume,2016-10-31,2427300
GOOG_Volume,2016-11-01,2406400
GOOG_Volume,2016-11-02,1872400
GOOG_Volume,2016-11-03,1943200
GOOG_Volume,2016-11-04,2134800
GOOG_Volume,2016-11-07,1585100
GOOG_Volume,2016-11-08,1350800
GOOG_Volume,2016-11-09,2607100
GOOG_Volume,2016-11-10,4745200
GOOG_Volume,2016-11-11,2431800
GOOG_Volume,2016-11-14,3631700
GOOG_Volume,2016-11-15,2384000
GOOG_Volume,2016-11-16,1465200
GOOG_Volume,2016-11-17,1304000
GOOG_Volume,2016-11-18,1547100
GOOG_Volume,2016-11-21,1330600
GOOG_Volume,2016-11-22,1593100
GOOG_Volume,2016-11-23,1477400
GOOG_Volume,2016-11-25,587400
GOOG_Volume,2016-11-28,2188200
GOOG_Volume,2016-11-29,1616600
GOOG_Volume,2016-11-30,2392900
GOOG_Volume,2016-12-01,3017900
GOOG_Volume,2016-12-02,1452500
GOOG_Volume,2016-12-05,1394200
GOOG_Volume,2016-12-06,1690700
GOOG_Volume,2016-12-07,1761000
GOOG_Volume,2016-12-08,1488100
GOOG_Volume,2016-12-09,1821900
GOOG_Volume,2016-12-12,2104100
GOOG_Volume,2016-12-13,2145200
GOOG_Volume,2016-12-14,1704200
GOOG_Volume,2016-12-15,1626500
GOOG_Volume,2016-12-16,2428300
GOOG_Volume,2016-12-19,1232100
GOOG_Volume,2016-12-20,951000
GOOG_Volume,2016-12-21,1211300
GOOG_Volume,2016-12-22,972200
GOOG_Volume,2016-12-23,623400
GOOG_Volume,2016-12-27,789100
GOOG_Volume,2016-12-28,1153800
GOOG_Volume,2016-12-29,742200
GOOG_Volume,2016-12-30,1770000
GOOG_Volume,2017-01-03,1657300
GOOG_Volume,2017-01-04,1073000
GOOG_Volume,2017-01-05,1335200
GOOG_Volume,2017-01-06,1640200
GOOG_Volume,2017-01-09,1272400
GOOG_Volume,2017-01-10,1176800
GOOG_Volume,2017-01-11,1065900
GOOG_Volume,2017-01-12,1353100
GOOG_Volume,2017-01-13,1099200
GOOG_Volume,2017-01-17,1355800
GOOG_Volume,2017-01-18,1294400
GOOG_Volume,2017-01-19,919300
GOOG_Volume,2017-01-20,1670000
GOOG_Volume,2017-01-23,1963600
GOOG_Volume,2017-01-24,1474000
GOOG_Volume,2017-01-25,1494500
GOOG_Volume,2017-01-26,2973900
GOOG_Volume,2017-01-27,2965800
GOOG_Volume,2017-01-30,3246600
GOOG_Volume,2017-01-31,2160600
GOOG_Volume,2017-02-01,2029700
GOOG_Volume,2017-02-02,1532100
GOOG_Volume,2017-02-03,1463400
GOOG_Volume,2017-02-06,1184500
GOOG_Volume,2017-02-07,1241200
GOOG_Volume,2017-02-08,1155300
GOOG_Volume,2017-02-09,989700
GOOG_Volume,2017-02-10,1135000
GOOG_Volume,2017-02-13,1213300
GOOG_Volume,2017-02-14,1053600
GOOG_Volume,2017-02-15,1313600
GOOG_Volume,2017-02-16,1287600
GOOG_Volume,2017-02-17,1611000
GOOG_Volume,2017-02-21,1262300
GOOG_Volume,2017-02-22,982900
GOOG_Volume,2017-02-23,1472800
GOOG_Volume,2017-02-24,1392200
GOOG_Volume,2017-02-27,1101500
GOOG_Volume,2017-02-28,2260800
GOOG_Volume,2017-03-01,1496500
GOOG_Volume,2017-03-02,942500
GOOG_Volume,2017-03-03,896400
GOOG_Volume,2017-03-06,1109000
GOOG_Volume,2017-03-07,1037600
GOOG_Volume,2017-03-08,989800
GOOG_Volume,2017-03-09,1261500
GOOG_Volume,2017-03-10,1704000
GOOG_Volume,2017-03-13,1223600
GOOG_Volume,2017-03-14,779900
GOOG_Volume,2017-03-15,1381500
GOOG_Volume,2017-03-16,977600
GOOG_Volume,2017-03-17,1712300
GOOG_Volume,2017-03-20,1231500
GOOG_Volume,2017-03-21,2463500
GOOG_Volume,2017-03-22,1401500
GOOG_Volume,2017-03-23,3487100
GOOG_Volume,2017-03-24,1981000
GOOG_Volume,2017-03-27,1894300
GOOG_Volume,2017-03-28,1620500
GOOG_Volume,2017-03-29,1786300
GOOG_Volume,2017-03-30,1055300
GOOG_Volume,2017-03-31,1401900
GOOG_Volume,2017-04-03,1671500
GOOG_Volume,2017-04-04,1045400
GOOG_Volume,2017-04-05,1555300
GOOG_Volume,2017-04-06,1254400
GOOG_Volume,2017-04-07,1057300
GOOG_Volume,2017-04-10,978900
GOOG_Volume,2017-04-11,1079700
GOOG_Volume,2017-04-12,900500
GOOG_Volume,2017-04-13,1122400
GOOG_Volume,2017-04-17,895000
GOOG_Volume,2017-04-18,836700
GOOG_Volume,2017-04-19,954200
GOOG_Volume,2017-04-20,959000
GOOG_Volume,2017-04-21,1323600
GOOG_Volume,2017-04-24,1372500
GOOG_Volume,2017-04-25,1672000
GOOG_Volume,2017-04-26,1237200
GOOG_Volume,2017-04-27,2026800
GOOG_Volume,2017-04-28,3219500
GOOG_Volume,2017-05-01,2116000
GOOG_Volume,2017-05-02,1587200
GOOG_Volume,2017-05-03,1499500
GOOG_Volume,2017-05-04,1422100
GOOG_Volume,2017-05-05,1911300
GOOG_Volume,2017-05-08,1329800
GOOG_Volume,2017-05-09,1581800
GOOG_Volume,2017-05-10,1173900
GOOG_Volume,2017-05-11,835000
GOOG_Volume,2017-05-12,1050600
GOOG_Volume,2017-05-15,1108100
GOOG_Volume,2017-05-16,969500
GOOG_Volume,2017-05-17,2362100
GOOG_Volume,2017-05-18,1596900
GOOG_Volume,2017-05-19,1393000
GOOG_Volume,2017-05-22,1120400
GOOG_Volume,2017-05-23,1270800
GOOG_Volume,2017-05-24,1024800
GOOG_Volume,2017-05-25,1660500
GOOG_Volume,2017-05-26,1252000
GOOG_Volume,2017-05-30,1466700
GOOG_Volume,2017-05-31,2448100
GOOG_Volume,2017-06-01,1410500
GOOG_Volume,2017-06-02,1751000
GOOG_Volume,2017-06-05,1252100
GOOG_Volume,2017-06-06,1814600
GOOG_Volume,2017-06-07,1453900
GOOG_Volume,2017-06-08,1471500
GOOG_Volume,2017-06-09,3309400
GOOG_Volume,2017-06-12,3763500
GOOG_Volume,2017-06-13,2013300
GOOG_Volume,2017-06-14,1489700
GOOG_Volume,2017-06-15,2133100
GOOG_Volume,2017-06-16,3094700
GOOG_Volume,2017-06-19,1533300
GOOG_Volume,2017-06-20,1126000
GOOG_Volume,2017-06-21,1202200
GOOG_Volume,2017-06-22,941400
GOOG_Volume,2017-06-23,1527900
GOOG_Volume,2017-06-26,1598400
GOOG_Volume,2017-06-27,2579900
GOOG_Volume,2017-06-28,2721400
GOOG_Volume,2017-06-29,3299200
GOOG_Volume,2017-06-30,2090200
GOOG_Volume,2017-07-03,1709800
GOOG_Volume,2017-07-05,1813900
GOOG_Volume,2017-07-06,1424500
GOOG_Volume,2017-07-07,1637800
GOOG_Volume,2017-07-10,1192800
GOOG_Volume,2017-07-11,1113200
GOOG_Volume,2017-07-12,1532100
GOOG_Volume,2017-07-13,1294700
GOOG_Volume,2017-07-14,1053800
GOOG_Volume,2017-07-17,1165500
GOOG_Volume,2017-07-18,1154000
GOOG_Volume,2017-07-19,1224500
GOOG_Volume,2017-07-20,1624500
GOOG_Volume,2017-07-21,1711000
GOOG_Volume,2017-07-24,3248300
GOOG_Volume,2017-07-25,4661000
GOOG_Volume,2017-07-26,2088300
GOOG_Volume,2017-07-27,3213000
GOOG_Volume,2017-07-28,1846400
GOOG_Volume,2017-07-31,1970100
GOOG_Volume,2017-08-01,1277700
GOOG_Volume,2017-08-02,1824400
GOOG_Volume,2017-08-03,1202500
GOOG_Volume,2017-08-04,1082300
GOOG_Volume,2017-08-07,1032200
GOOG_Volume,2017-08-08,1061600
GOOG_Volume,2017-08-09,1192100
GOOG_Volume,2017-08-10,1824000
GOOG_Volume,2017-08-11,1206800
GOOG_Volume,2017-08-14,1064500
GOOG_Volume,2017-08-15,883400
GOOG_Volume,2017-08-16,1006700
GOOG_Volume,2017-08-17,1277200
GOOG_Volume,2017-08-18,1342700
GOOG_Volume,2017-08-21,943400
GOOG_Volume,2017-08-22,1166700
GOOG_Volume,2017-08-23,1090200
GOOG_Volume,2017-08-24,1270300
GOOG_Volume,2017-08-25,1053400
GOOG_Volume,2017-08-28,1086500
GOOG_Volume,2017-08-29,1185600
GOOG_Volume,2017-08-30,1301200
GOOG_Volume,2017-08-31,1582600
GOOG_Volume,2017-09-01,947400
GOOG_Volume,2017-09-05,1326400
GOOG_Volume,2017-09-06,1527700
GOOG_Volume,2017-09-07,1212700
GOOG_Volume,2017-09-08,1011500
GOOG_Volume,2017-09-11,1267000
GOOG_Volume,2017-09-12,1134400
GOOG_Volume,2017-09-13,1102600
GOOG_Volume,2017-09-14,1397600
GOOG_Volume,2017-09-15,2505400
GOOG_Volume,2017-09-18,1306900
GOOG_Volume,2017-09-19,936700
GOOG_Volume,2017-09-20,1669800
GOOG_Volume,2017-09-21,1290600
GOOG_Volume,2017-09-22,1052700
GOOG_Volume,2017-09-25,1856800
GOOG_Volume,2017-09-26,1666900
GOOG_Volume,2017-09-27,2239400
GOOG_Volume,2017-09-28,1020300
GOOG_Volume,2017-09-29,1581000
GOOG_Volume,2017-10-02,1283400
GOOG_Volume,2017-10-03,888300
GOOG_Volume,2017-10-04,952400
GOOG_Volume,2017-10-05,1213800
GOOG_Volume,2017-10-06,1173900
GOOG_Volume,2017-10-09,891400
GOOG_Volume,2017-10-10,968400
GOOG_Volume,2017-10-11,1693300
GOOG_Volume,2017-10-12,1262400
GOOG_Volume,2017-10-13,1169800
GOOG_Volume,2017-10-16,910500
GOOG_Volume,2017-10-17,1290200
GOOG_Volume,2017-10-18,1057600
GOOG_Volume,2017-10-19,1313600
GOOG_Volume,2017-10-20,1183200
GOOG_Volume,2017-10-23,1478400
GOOG_Volume,2017-10-24,1212200
GOOG_Volume,2017-10-25,1211300
GOOG_Volume,2017-10-26,2042100
GOOG_Volume,2017-10-27,5167700
GOOG_Volume,2017-10-30,2085100
GOOG_Volume,2017-10-31,1330700
GOOG_Volume,2017-11-01,1373400
GOOG_Volume,2017-11-02,1049000
GOOG_Volume,2017-11-03,1076400
GOOG_Volume,2017-11-06,1125200
GOOG_Volume,2017-11-07,1112300
GOOG_Volume,2017-11-08,1088700
GOOG_Volume,2017-11-09,1245200
GOOG_Volume,2017-11-10,720000
GOOG_Volume,2017-11-13,885800
GOOG_Volume,2017-11-14,959200
GOOG_Volume,2017-11-15,854000
GOOG_Volume,2017-11-16,1129700
GOOG_Volume,2017-11-17,1397100
GOOG_Volume,2017-11-20,953500
GOOG_Volume,2017-11-21,1097000
GOOG_Volume,2017-11-22,746300
GOOG_Volume,2017-11-24,537000
GOOG_Volume,2017-11-27,1307900
GOOG_Volume,2017-11-28,1424400
GOOG_Volume,2017-11-29,2459400
GOOG_Volume,2017-11-30,1724000
GOOG_Volume,2017-12-01,1909600
GOOG_Volume,2017-12-04,1906400
GOOG_Volume,2017-12-05,2067300
GOOG_Volume,2017-12-06,1272000
GOOG_Volume,2017-12-07,1458200
GOOG_Volume,2017-12-08,1290800
GOOG_Volume,2017-12-11,1192800
GOOG_Volume,2017-12-12,1279500
GOOG_Volume,2017-12-13,1282700
GOOG_Volume,2017-12-14,1558700
GOOG_Volume,2017-12-15,3275900
GOOG_Volume,2017-12-18,1554600
GOOG_Volume,2017-12-19,1338700
GOOG_Volume,2017-12-20,1268600
GOOG_Volume,2017-12-21,995700
GOOG_Volume,2017-12-22,755100
GOOG_Volume,2017-12-26,760600
GOOG_Volume,2017-12-27,1271900
GOOG_Volume,2017-12-28,837100
GOOG_Volume,2017-12-29,887500
GOOG_Volume,2018-01-02,1237600
GOOG_Volume,2018-01-03,1430200
GOOG_Volume,2018-01-04,1004600
GOOG_Volume,2018-01-05,1279100
GOOG_Volume,2018-01-08,1047600
GOOG_Volume,2018-01-09,902500
GOOG_Volume,2018-01-10,1042800
GOOG_Volume,2018-01-11,978300
GOOG_Volume,2018-01-12,1720500
GOOG_Volume,2018-01-16,1575300
GOOG_Volume,2018-01-17,1198700
GOOG_Volume,2018-01-18,1198200
GOOG_Volume,2018-01-19,1778200
GOOG_Volume,2018-01-22,1618000
GOOG_Volume,2018-01-23,1333100
GOOG_Volume,2018-01-24,1416600
GOOG_Volume,2018-01-25,1480500
GOOG_Volume,2018-01-26,2018800
GOOG_Volume,2018-01-29,1378900
GOOG_Volume,2018-01-30,1556300
GOOG_Volume,2018-01-31,1538700
GOOG_Volume,2018-02-01,2412100
GOOG_Volume,2018-02-02,4857900
GOOG_Volume,2018-02-05,3798300
GOOG_Volume,2018-02-06,3448000
GOOG_Volume,2018-02-07,2369200
GOOG_Volume,2018-02-08,2859100
GOOG_Volume,2018-02-09,3505900
GOOG_Volume,2018-02-12,2057700
GOOG_Volume,2018-02-13,1265100
GOOG_Volume,2018-02-14,1555800
GOOG_Volume,2018-02-15,1843400
GOOG_Volume,2018-02-16,1681600
GOOG_Volume,2018-02-20,1423100
GOOG_Volume,2018-02-21,1512900
GOOG_Volume,2018-02-22,1317200
GOOG_Volume,2018-02-23,1261000
GOOG_Volume,2018-02-26,1559100
GOOG_Volume,2018-02-27,1774100
GOOG_Volume,2018-02-28,1882600
GOOG_Volume,2018-03-01,2515900
GOOG_Volume,2018-03-02,2271600
GOOG_Volume,2018-03-05,1202200
GOOG_Volume,2018-03-06,1532800
GOOG_Volume,2018-03-07,1292500
GOOG_Volume,2018-03-08,1355100
GOOG_Volume,2018-03-09,2128000
GOOG_Volume,2018-03-12,2172300
GOOG_Volume,2018-03-13,1907200
GOOG_Volume,2018-03-14,1291400
GOOG_Volume,2018-03-15,1395400
GOOG_Volume,2018-03-16,3092000
GOOG_Volume,2018-03-19,2805900
GOOG_Volume,2018-03-20,1831900
GOOG_Volume,2018-03-21,1878900
GOOG_Volume,2018-03-22,2667000
GOOG_Volume,2018-03-23,2156700
GOOG_Volume,2018-03-26,2665100
GOOG_Volume,2018-03-27,3095300
GOOG_Volume,2018-03-28,3369300
GOOG_Volume,2018-03-29,2726800
GOOG_Volume,2018-04-02,2680400
GOOG_Volume,2018-04-03,2275100
GOOG_Volume,2018-04-04,2484700
GOOG_Volume,2018-04-05,1363000
GOOG_Volume,2018-04-06,1746400
GOOG_Volume,2018-04-09,1751600
GOOG_Volume,2018-04-10,1974500
GOOG_Volume,2018-04-11,1483900
GOOG_Volume,2018-04-12,1357000
GOOG_Volume,2018-04-13,1223000
GOOG_Volume,2018-04-16,1211200
GOOG_Volume,2018-04-17,2320300
GOOG_Volume,2018-04-18,1344100
GOOG_Volume,2018-04-19,1747700
GOOG_Volume,2018-04-20,1889700
GOOG_Volume,2018-04-23,2341300
GOOG_Volume,2018-04-24,4760300
GOOG_Volume,2018-04-25,2391100
GOOG_Volume,2018-04-26,2079500
GOOG_Volume,2018-04-27,1619800
GOOG_Volume,2018-04-30,1671300
GOOG_Volume,2018-05-01,1427900
GOOG_Volume,2018-05-02,1603100
GOOG_Volume,2018-05-03,1815100
GOOG_Volume,2018-05-04,1938700
GOOG_Volume,2018-05-07,1466100
GOOG_Volume,2018-05-08,1217700
GOOG_Volume,2018-05-09,2032800
GOOG_Volume,2018-05-10,1443000
GOOG_Volume,2018-05-11,1253700
GOOG_Volume,2018-05-14,1518100
GOOG_Volume,2018-05-15,1494900
GOOG_Volume,2018-05-16,1097300
GOOG_Volume,2018-05-17,1043800
GOOG_Volume,2018-05-18,1565200
GOOG_Volume,2018-05-21,1023200
GOOG_Volume,2018-05-22,1090000
GOOG_Volume,2018-05-23,1030000
GOOG_Volume,2018-05-24,766800
GOOG_Volume,2018-05-25,899400
GOOG_Volume,2018-05-29,1865100
GOOG_Volume,2018-05-30,1138500
GOOG_Volume,2018-05-31,3088300
GOOG_Volume,2018-06-01,2421600
GOOG_Volume,2018-06-04,1889600
GOOG_Volume,2018-06-05,1678000
GOOG_Volume,2018-06-06,1698200
GOOG_Volume,2018-06-07,1520000
GOOG_Volume,2018-06-08,1290800
GOOG_Volume,2018-06-11,1079300
GOOG_Volume,2018-06-12,912000
GOOG_Volume,2018-06-13,1506400
GOOG_Volume,2018-06-14,1343400
GOOG_Volume,2018-06-15,2122500
GOOG_Volume,2018-06-18,1413700
GOOG_Volume,2018-06-19,1621000
GOOG_Volume,2018-06-20,1648500
GOOG_Volume,2018-06-21,1238100
GOOG_Volume,2018-06-22,1311000
GOOG_Volume,2018-06-25,2157300
GOOG_Volume,2018-06-26,1563200
GOOG_Volume,2018-06-27,1293900
GOOG_Volume,2018-06-28,1072400
GOOG_Volume,2018-06-29,1315100
GOOG_Volume,2018-07-02,1217300
GOOG_Volume,2018-07-03,679000
GOOG_Volume,2018-07-05,1066700
GOOG_Volume,2018-07-06,996100
GOOG_Volume,2018-07-09,909000
GOOG_Volume,2018-07-10,798400
GOOG_Volume,2018-07-11,1120000
GOOG_Volume,2018-07-12,1251900
GOOG_Volume,2018-07-13,1221900
GOOG_Volume,2018-07-16,1055700
GOOG_Volume,2018-07-17,1610400
GOOG_Volume,2018-07-18,1393600
GOOG_Volume,2018-07-19,1276700
GOOG_Volume,2018-07-20,1247400
GOOG_Volume,2018-07-23,2619200
GOOG_Volume,2018-07-24,3318200
GOOG_Volume,2018-07-25,2127800
GOOG_Volume,2018-07-26,2405600
GOOG_Volume,2018-07-27,2130600
GOOG_Volume,2018-07-30,1849900
GOOG_Volume,2018-07-31,1644700
GOOG_Volume,2018-08-01,1567200
GOOG_Volume,2018-08-02,1531300
GOOG_Volume,2018-08-03,1089600
GOOG_Volume,2018-08-06,1081700
GOOG_Volume,2018-08-07,1494000
GOOG_Volume,2018-08-08,1370300
GOOG_Volume,2018-08-09,841800
GOOG_Volume,2018-08-10,1108700
GOOG_Volume,2018-08-13,958100
GOOG_Volume,2018-08-14,1348100
GOOG_Volume,2018-08-15,1828800
GOOG_Volume,2018-08-16,1343200
GOOG_Volume,2018-08-17,1389600
GOOG_Volume,2018-08-20,870800
GOOG_Volume,2018-08-21,1205600
GOOG_Volume,2018-08-22,887400
GOOG_Volume,2018-08-23,992600
GOOG_Volume,2018-08-24,946600
GOOG_Volume,2018-08-27,1156300
GOOG_Volume,2018-08-28,1304000
GOOG_Volume,2018-08-29,1298900
GOOG_Volume,2018-08-30,1331400
GOOG_Volume,2018-08-31,1816400
GOOG_Volume,2018-09-04,1831000
GOOG_Volume,2018-09-05,2061300
GOOG_Volume,2018-09-06,1888500
GOOG_Volume,2018-09-07,1401300
GOOG_Volume,2018-09-10,1115400
GOOG_Volume,2018-09-11,1209300
GOOG_Volume,2018-09-12,1295500
GOOG_Volume,2018-09-13,1431200
GOOG_Volume,2018-09-14,944000
GOOG_Volume,2018-09-17,1306500
GOOG_Volume,2018-09-18,1203600
GOOG_Volume,2018-09-19,1191400
GOOG_Volume,2018-09-20,1210000
GOOG_Volume,2018-09-21,4405600
GOOG_Volume,2018-09-24,1271000
GOOG_Volume,2018-09-25,977700
GOOG_Volume,2018-09-26,1462300
GOOG_Volume,2018-09-27,1260800
GOOG_Volume,2018-09-28,1380600
GOOG_Volume,2018-10-01,1357600
GOOG_Volume,2018-10-02,1687900
GOOG_Volume,2018-10-03,1256200
GOOG_Volume,2018-10-04,2209500
GOOG_Volume,2018-10-05,1184300
GOOG_Volume,2018-10-08,1932400
GOOG_Volume,2018-10-09,1308700
GOOG_Volume,2018-10-10,2675700
GOOG_Volume,2018-10-11,2949000
GOOG_Volume,2018-10-12,2101300
GOOG_Volume,2018-10-15,1372400
GOOG_Volume,2018-10-16,1928500
GOOG_Volume,2018-10-17,1467200
GOOG_Volume,2018-10-18,2094500
GOOG_Volume,2018-10-19,1267600
GOOG_Volume,2018-10-22,1514200
GOOG_Volume,2018-10-23,1848700
GOOG_Volume,2018-10-24,1982400
GOOG_Volume,2018-10-25,2545800
GOOG_Volume,2018-10-26,4187600
GOOG_Volume,2018-10-29,3880700
GOOG_Volume,2018-10-30,3212700
GOOG_Volume,2018-10-31,2529800
GOOG_Volume,2018-11-01,1482000
GOOG_Volume,2018-11-02,1839000
GOOG_Volume,2018-11-05,2441400
GOOG_Volume,2018-11-06,1233300
GOOG_Volume,2018-11-07,2058400
GOOG_Volume,2018-11-08,1488200
GOOG_Volume,2018-11-09,1343200
GOOG_Volume,2018-11-12,1471800
GOOG_Volume,2018-11-13,1513700
GOOG_Volume,2018-11-14,1565900
GOOG_Volume,2018-11-15,1836100
GOOG_Volume,2018-11-16,1658100
GOOG_Volume,2018-11-19,1858600
GOOG_Volume,2018-11-20,2449100
GOOG_Volume,2018-11-21,1534300
GOOG_Volume,2018-11-23,691500
GOOG_Volume,2018-11-26,1942800
GOOG_Volume,2018-11-27,1803200
GOOG_Volume,2018-11-28,2475400
GOOG_Volume,2018-11-29,1468900
GOOG_Volume,2018-11-30,2580200
GOOG_Volume,2018-12-03,1991200
GOOG_Volume,2018-12-04,2345200
GOOG_Volume,2018-12-06,2769200
GOOG_Volume,2018-12-07,2101200
GOOG_Volume,2018-12-10,1807700
GOOG_Volume,2018-12-11,1394700
GOOG_Volume,2018-12-12,1523800
GOOG_Volume,2018-12-13,1329800
GOOG_Volume,2018-12-14,1686600
GOOG_Volume,2018-12-17,2385400
GOOG_Volume,2018-12-18,2192500
GOOG_Volume,2018-12-19,2479300
GOOG_Volume,2018-12-20,2673500
GOOG_Volume,2018-12-21,4596000
GOOG_Volume,2018-12-24,1590300
GOOG_Volume,2018-12-26,2373300
GOOG_Volume,2018-12-27,2109800
GOOG_Volume,2018-12-28,1414800
GOOG_Volume,2018-12-31,1493300